image_id,crop_number,ID,step,date,time_utc,datetime,lat,lon,slp,rel_vort_850_smth,scene_datetime,scene_lat,scene_lon,track_time_lat,track_time_lon,track_time_prev_step,track_time_next_step,track_time_prev_datetime,track_time_next_datetime,track_time_fraction,distance_scene_center_to_track_time_km,distance_scene_center_to_assigned_point_km,matched_time_gap_hours,match_score,match_scope,match_method,match_status,rematch_is_accepted,is_matched_rematched,original_ID,original_step,original_datetime,original_lat,original_lon,original_slp,original_rel_vort_850_smth,ID_changed_by_rematch,step_changed_by_rematch,image_width_px,image_height_px,png_relative_path,npy_relative_path,source_png_filename,source_png_path,is_matched,product_id,satellite,platform,platform_name,spacecraft,sensor,_crop_filename_key,_sig_crop_number,_sig_ID,_sig_step,matched_ID,matched_step,matched_datetime,matched_lat,matched_lon,matched_slp,matched_rel_vort_850_smth,scene_datetime_used,scene_lat_used,scene_lon_used,rel_vort_source,rel_vort_changed_by_fix,rel_vort_filled_by_fix,rel_vort_reliable_source,rel_vort_changed_by_consistency_fix,rel_vort_reliable
Solovieva_PL_crop_00004_ID_120200107090_step_36,4,120200107090,36,2020-01-13,12:00:00,2020-01-13 12:00:00,66.75,-2.0,971.16058,25.625,2020-01-13 11:34:44.597579,67.389127,-8.870087000000012,66.64476372076389,-2.420945116944438,35.0,36.0,2020-01-13 11:00:00,2020-01-13 12:00:00,0.5790548830555555,291.82641696725904,305.8261636156615,0.4209451169444444,325.5020263228146,same_id,interpolated_track_position_nearest_track_point_for_targets,ok,True,True,120200107090,36,2020-01-12 15:00:00,66.75,-2.0,971.16058,25.625,False,False,512,512,Solovieva_diploma_PL_training_images/png/Solovieva_PL_crop_00004_ID_120200107090_step_36.png,Solovieva_diploma_PL_training_images/npy/Solovieva_PL_crop_00004_ID_120200107090_step_36.npy,crop_00004_ID_120200107090_step_36_ffab607109.png,/content/drive/MyDrive/sentinel3/SLSTR/ml_manual_crops_010526/png/crop_00004_ID_120200107090_step_36_ffab607109.png,True,S3A_SL_1_RBT____20200113T113304_20200113T113604_20210116T000320_0179_053_351_1800_LR1_R_NT_004,,,,,,crop_00004_ID_120200107090_step_36_ffab607109.png,4,120200107090,36,120200107090,36,2020-01-13 12:00:00,66.75,-2.0,971.16058,,2020-01-13 11:34:44.597579,67.389127,-8.870087000000012,оставлено прежнее значение,False,False,lookup_by_new_ID_step,False,True
Solovieva_PL_crop_00005_ID_120200107800_step_13,5,120200108210,13,2020-01-13,13:00:00,2020-01-13 13:00:00,61.0,-35.5,970.08685,29.37,2020-01-13 13:17:59.927188,59.414015,-37.940677,60.85001011277778,-35.5749949436111,13.0,14.0,2020-01-13 13:00:00,2020-01-13 14:00:00,0.2999797744444444,206.51029365114405,221.9684178923319,0.2999797744444444,230.5086756066996,global,interpolated_track_position_nearest_track_point_for_targets,ok,True,True,120200107800,13,2020-01-13 00:00:00,53.0,-34.5,985.44501,15.755999999999998,True,False,512,512,Solovieva_diploma_PL_training_images/png/Solovieva_PL_crop_00005_ID_120200107800_step_13.png,Solovieva_diploma_PL_training_images/npy/Solovieva_PL_crop_00005_ID_120200107800_step_13.npy,crop_00005_ID_120200107800_step_13_0dd4e75033.png,/content/drive/MyDrive/sentinel3/SLSTR/ml_manual_crops_010526/png/crop_00005_ID_120200107800_step_13_0dd4e75033.png,True,S3A_SL_1_RBT____20200113T131703_20200113T132003_20210116T000249_0179_053_352_1980_LR1_R_NT_004,,,,,,crop_00005_ID_120200107800_step_13_0dd4e75033.png,5,120200107800,13,120200108210,13,2020-01-13 13:00:00,61.0,-35.5,970.08685,,2020-01-13 13:17:59.927188,59.414015,-37.940677,оставлено прежнее значение,False,False,lookup_by_new_ID_step,True,True
Solovieva_PL_crop_00006_ID_120200108210_step_13,6,120200108210,13,2020-01-13,13:00:00,2020-01-13 13:00:00,61.0,-35.5,970.08685,29.37,2020-01-13 13:17:59.327216,59.361022,-37.39913899999999,60.850093442222224,-35.5749532788889,13.0,14.0,2020-01-13 13:00:00,2020-01-13 14:00:00,0.2998131155555555,193.98407292696683,210.315165246092,0.2998131155555555,217.96912217141127,same_id,interpolated_track_position_nearest_track_point_for_targets,ok,True,True,120200108210,13,2020-01-13 15:00:00,61.0,-35.5,970.08685,29.37,False,False,512,512,Solovieva_diploma_PL_training_images/png/Solovieva_PL_crop_00006_ID_120200108210_step_13.png,Solovieva_diploma_PL_training_images/npy/Solovieva_PL_crop_00006_ID_120200108210_step_13.npy,crop_00006_ID_120200108210_step_13_df4e6be14c.png,/content/drive/MyDrive/sentinel3/SLSTR/ml_manual_crops_010526/png/crop_00006_ID_120200108210_step_13_df4e6be14c.png,True,S3A_SL_1_RBT____20200113T131703_20200113T132003_20200114T174753_0179_053_352_1980_LN2_O_NT_003,,,,,,crop_00006_ID_120200108210_step_13_df4e6be14c.png,6,120200108210,13,120200108210,13,2020-01-13 13:00:00,61.0,-35.5,970.08685,,2020-01-13 13:17:59.327216,59.361022,-37.39913899999999,оставлено прежнее значение,False,False,lookup_by_new_ID_step,False,True
Solovieva_PL_crop_00010_ID_120200108210_step_21,10,120200107090,44,2020-01-13,20:00:00,2020-01-13 20:00:00,68.5,2.75,973.16125,28.549000000000003,2020-01-13 21:28:24.744160,67.74950199999999,-6.241524999999996,68.5,2.7647354004444367,44.0,45.0,2020-01-13 20:00:00,2020-01-14 21:00:00,0.0589416017777777,381.9717675976533,381.3777198038757,1.4735400444444444,499.8549711532088,global,interpolated_track_position_nearest_track_point_for_targets,warning_distance,True,True,120200108210,21,2020-01-13 23:00:00,57.25,-33.5,971.62933,25.268,True,True,512,512,Solovieva_diploma_PL_training_images/png/Solovieva_PL_crop_00010_ID_120200108210_step_21.png,Solovieva_diploma_PL_training_images/npy/Solovieva_PL_crop_00010_ID_120200108210_step_21.npy,crop_00010_ID_120200108210_step_21_fe21f25af1.png,/content/drive/MyDrive/sentinel3/SLSTR/ml_manual_crops_010526/png/crop_00010_ID_120200108210_step_21_fe21f25af1.png,True,S3A_SL_1_RBT____20200113T212659_20200113T212959_20200115T025704_0180_053_357_1080_LN2_O_NT_003,,,,,,crop_00010_ID_120200108210_step_21_fe21f25af1.png,10,120200108210,21,120200107090,44,2020-01-13 20:00:00,68.5,2.75,973.16125,,2020-01-13 21:28:24.744160,67.74950199999999,-6.241524999999996,оставлено прежнее значение,False,False,lookup_by_new_ID_step,True,True
Solovieva_PL_crop_00016_ID_120200109640_step_12,16,120200109640,12,2020-01-15,12:00:00,2020-01-15 12:00:00,54.25,-32.25,992.60809,17.447000000000003,2020-01-15 12:26:44.721337,56.523863,-35.01459399999999,54.25,-32.24108488146112,12.0,13.0,2020-01-15 12:00:00,2020-01-16 13:00:00,0.0178302370777777,307.5451450815646,307.2251382593696,0.4457559269444444,343.2056192371202,same_id,interpolated_track_position_nearest_track_point_for_targets,warning_distance,True,True,120200109640,12,2020-01-15 23:00:00,54.25,-32.25,992.60809,17.447000000000003,False,False,512,512,Solovieva_diploma_PL_training_images/png/Solovieva_PL_crop_00016_ID_120200109640_step_12.png,Solovieva_diploma_PL_training_images/npy/Solovieva_PL_crop_00016_ID_120200109640_step_12.npy,crop_00016_ID_120200109640_step_12_31a78092de.png,/content/drive/MyDrive/sentinel3/SLSTR/ml_manual_crops_010526/png/crop_00016_ID_120200109640_step_12_31a78092de.png,True,S3A_SL_1_RBT____20200115T122441_20200115T122741_20200116T170944_0179_053_380_1980_LN2_O_NT_004,,,,,,crop_00016_ID_120200109640_step_12_31a78092de.png,16,120200109640,12,120200109640,12,2020-01-15 12:00:00,54.25,-32.25,992.60809,,2020-01-15 12:26:44.721337,56.523863,-35.01459399999999,оставлено прежнее значение,False,False,lookup_by_new_ID_step,False,True
Solovieva_PL_crop_00023_ID_120200109680_step_14,23,120200110110,14,2020-01-16,14:00:00,2020-01-16 14:00:00,66.5,-30.5,987.35809,30.919,2020-01-16 13:39:06.561277,63.609208,-38.16364300000001,66.5,-30.41295564423612,13.0,14.0,2020-01-16 13:00:00,2020-01-16 14:00:00,0.6518225769444445,484.6266060581568,481.5897132245959,0.3481774230555555,512.4807999026012,global,interpolated_track_position_nearest_track_point_for_targets,warning_distance,True,True,120200109680,14,2020-01-16 03:00:00,65.25,-58.25,993.50061,30.124,True,False,512,512,Solovieva_diploma_PL_training_images/png/Solovieva_PL_crop_00023_ID_120200109680_step_14.png,Solovieva_diploma_PL_training_images/npy/Solovieva_PL_crop_00023_ID_120200109680_step_14.npy,crop_00023_ID_120200109680_step_14_b822110300.png,/content/drive/MyDrive/sentinel3/SLSTR/ml_manual_crops_010526/png/crop_00023_ID_120200109680_step_14_b822110300.png,True,S3A_SL_1_RBT____20200116T133630_20200116T133930_20210116T011243_0179_054_010_1800_LR1_R_NT_004,,,,,,crop_00023_ID_120200109680_step_14_b822110300.png,23,120200109680,14,120200110110,14,2020-01-16 14:00:00,66.5,-30.5,987.35809,,2020-01-16 13:39:06.561277,63.609208,-38.16364300000001,оставлено прежнее значение,False,False,lookup_by_new_ID_step,True,True
Solovieva_PL_crop_00027_ID_120200110030_step_20,27,120200110030,20,2020-01-16,20:00:00,2020-01-16 20:00:00,78.5,0.25,1005.9281,22.25,2020-01-16 20:13:15.729898,78.76499,-5.112324999999999,78.5,0.4157770620833219,20.0,21.0,2020-01-16 20:00:00,2020-01-16 21:00:00,0.2210360827777777,124.63735856197584,121.11417469673567,0.2210360827777777,142.32024518419806,same_id,interpolated_track_position_nearest_track_point_for_targets,ok,True,True,120200110030,20,2020-01-16 22:00:00,78.5,0.25,1005.9281,22.25,False,False,512,512,Solovieva_diploma_PL_training_images/png/Solovieva_PL_crop_00027_ID_120200110030_step_20.png,Solovieva_diploma_PL_training_images/npy/Solovieva_PL_crop_00027_ID_120200110030_step_20.npy,crop_00027_ID_120200110030_step_20_006004e530.png,/content/drive/MyDrive/sentinel3/SLSTR/ml_manual_crops_010526/png/crop_00027_ID_120200110030_step_20_006004e530.png,True,S3A_SL_1_RBT____20200116T201127_20200116T201427_20200118T004821_0179_054_014_1260_LN2_O_NT_004,,,,,,crop_00027_ID_120200110030_step_20_006004e530.png,27,120200110030,20,120200110030,20,2020-01-16 20:00:00,78.5,0.25,1005.9281,,2020-01-16 20:13:15.729898,78.76499,-5.112324999999999,оставлено прежнее значение,False,False,lookup_by_new_ID_step,False,True
Solovieva_PL_crop_00028_ID_120200110030_step_21,28,120200110030,21,2020-01-16,21:00:00,2020-01-16 21:00:00,78.5,1.0,1005.57562,22.33,2020-01-16 21:14:12.054443,78.243375,-5.770191000000011,78.5,1.0,21.0,22.0,2020-01-16 21:00:00,2020-01-17 22:00:00,0.0094672715888888,154.30568913648375,154.30568913648375,0.2366817897222222,173.24023231426153,same_id,interpolated_track_position_nearest_track_point_for_targets,ok,True,True,120200110030,21,2020-01-16 23:00:00,78.5,1.0,1005.57562,22.33,False,False,512,512,Solovieva_diploma_PL_training_images/png/Solovieva_PL_crop_00028_ID_120200110030_step_21.png,Solovieva_diploma_PL_training_images/npy/Solovieva_PL_crop_00028_ID_120200110030_step_21.npy,crop_00028_ID_120200110030_step_21_f7a635471d.png,/content/drive/MyDrive/sentinel3/SLSTR/ml_manual_crops_010526/png/crop_00028_ID_120200110030_step_21_f7a635471d.png,True,S3B_SL_1_RBT____20200116T211253_20200116T211553_20200118T021827_0179_034_257_1260_LN2_O_NT_004,,,,,,crop_00028_ID_120200110030_step_21_f7a635471d.png,28,120200110030,21,120200110030,21,2020-01-16 21:00:00,78.5,1.0,1005.57562,,2020-01-16 21:14:12.054443,78.243375,-5.770191000000011,оставлено прежнее значение,False,False,lookup_by_new_ID_step,False,True
Solovieva_PL_crop_00022_ID_120200110110_step_13,22,120200110110,13,2020-01-16,13:00:00,2020-01-16 13:00:00,66.5,-30.25,987.35559,30.121,2020-01-16 12:59:34.074324,64.77015999999999,-38.007913,66.5,-30.25,12.0,13.0,2020-01-16 12:00:00,2020-01-16 13:00:00,0.9927984233333332,404.1507859272011,404.1507859272011,0.0072015766666666,404.72691206053446,same_id,interpolated_track_position_nearest_track_point_for_targets,warning_distance,True,True,120200110110,13,2020-01-16 20:00:00,66.5,-30.25,987.35559,30.121,False,False,512,512,Solovieva_diploma_PL_training_images/png/Solovieva_PL_crop_00022_ID_120200110110_step_13.png,Solovieva_diploma_PL_training_images/npy/Solovieva_PL_crop_00022_ID_120200110110_step_13.npy,crop_00022_ID_120200110110_step_13_dcc531346f.png,/content/drive/MyDrive/sentinel3/SLSTR/ml_manual_crops_010526/png/crop_00022_ID_120200110110_step_13_dcc531346f.png,True,S3B_SL_1_RBT____20200116T125657_20200116T125957_20200117T180158_0179_034_252_1800_LN2_O_NT_004,,,,,,crop_00022_ID_120200110110_step_13_dcc531346f.png,22,120200110110,13,120200110110,13,2020-01-16 13:00:00,66.5,-30.25,987.35559,,2020-01-16 12:59:34.074324,64.77015999999999,-38.007913,оставлено прежнее значение,False,False,lookup_by_new_ID_step,False,True
Solovieva_PL_crop_00024_ID_120200110110_step_14,24,120200110110,14,2020-01-16,14:00:00,2020-01-16 14:00:00,66.5,-30.5,987.35809,30.919,2020-01-16 13:39:06.861263,63.642478,-38.57418200000001,66.5,-30.41297647659724,13.0,14.0,2020-01-16 13:00:00,2020-01-16 14:00:00,0.6519059063888889,496.5976655110677,493.4813830807639,0.3480940936111111,524.4451929999566,same_id,interpolated_track_position_nearest_track_point_for_targets,warning_distance,True,True,120200110110,14,2020-01-16 21:00:00,66.5,-30.5,987.35809,30.919,False,False,512,512,Solovieva_diploma_PL_training_images/png/Solovieva_PL_crop_00024_ID_120200110110_step_14.png,Solovieva_diploma_PL_training_images/npy/Solovieva_PL_crop_00024_ID_120200110110_step_14.npy,crop_00024_ID_120200110110_step_14_2cc95e4780.png,/content/drive/MyDrive/sentinel3/SLSTR/ml_manual_crops_010526/png/crop_00024_ID_120200110110_step_14_2cc95e4780.png,True,S3A_SL_1_RBT____20200116T133630_20200116T133930_20200117T185227_0179_054_010_1800_LN2_O_NT_004,,,,,,crop_00024_ID_120200110110_step_14_2cc95e4780.png,24,120200110110,14,120200110110,14,2020-01-16 14:00:00,66.5,-30.5,987.35809,,2020-01-16 13:39:06.861263,63.642478,-38.57418200000001,оставлено прежнее значение,False,False,lookup_by_new_ID_step,False,True
Solovieva_PL_crop_00044_ID_120200110110_step_22,44,120200110110,22,2020-01-17,22:00:00,2020-01-17 22:00:00,66.25,-28.25,986.73999,29.683000000000003,2020-01-17 22:25:44.637073,65.059665,-28.815202,66.46453292680556,-29.215398170625008,22.0,23.0,2020-01-17 22:00:00,2020-01-17 23:00:00,0.4290658536111111,157.27790229717934,134.86954699459997,0.4290658536111111,191.60317058606825,same_id,interpolated_track_position_nearest_track_point_for_targets,ok,True,True,120200110110,22,2020-01-17 05:00:00,66.25,-28.25,986.73999,29.683000000000003,False,False,512,512,Solovieva_diploma_PL_training_images/png/Solovieva_PL_crop_00044_ID_120200110110_step_22.png,Solovieva_diploma_PL_training_images/npy/Solovieva_PL_crop_00044_ID_120200110110_step_22.npy,crop_00044_ID_120200110110_step_22_b05630ea48.png,/content/drive/MyDrive/sentinel3/SLSTR/ml_manual_crops_010526/png/crop_00044_ID_120200110110_step_22_b05630ea48.png,True,S3B_SL_1_RBT____20200117T222441_20200117T222741_20200823T234236_0179_034_272_1080_LR1_R_NT_004,,,,,,crop_00044_ID_120200110110_step_22_b05630ea48.png,44,120200110110,22,120200110110,22,2020-01-17 22:00:00,66.25,-28.25,986.73999,,2020-01-17 22:25:44.637073,65.059665,-28.815202,оставлено прежнее значение,False,False,lookup_by_new_ID_step,False,True
Solovieva_PL_crop_00046_ID_120200110110_step_23,46,120200110110,23,2020-01-17,23:00:00,2020-01-17 23:00:00,66.75,-30.5,988.6106,31.651,2020-01-17 23:05:11.210787,66.123949,-29.33307099999999,66.75,-30.5,23.0,24.0,2020-01-17 23:00:00,2020-01-18 00:00:00,0.0864474408333333,86.81105193857059,86.81105193857059,0.0864474408333333,93.72684720523723,same_id,interpolated_track_position_nearest_track_point_for_targets,ok,True,True,120200110110,23,2020-01-17 06:00:00,66.75,-30.5,988.6106,31.651,False,False,512,512,Solovieva_diploma_PL_training_images/png/Solovieva_PL_crop_00046_ID_120200110110_step_23.png,Solovieva_diploma_PL_training_images/npy/Solovieva_PL_crop_00046_ID_120200110110_step_23.npy,crop_00046_ID_120200110110_step_23_0053cc0c12.png,/content/drive/MyDrive/sentinel3/SLSTR/ml_manual_crops_010526/png/crop_00046_ID_120200110110_step_23_0053cc0c12.png,True,S3A_SL_1_RBT____20200117T230414_20200117T230714_20200119T050724_0179_054_030_1080_LN2_O_NT_004,,,,,,crop_00046_ID_120200110110_step_23_0053cc0c12.png,46,120200110110,23,120200110110,23,2020-01-17 23:00:00,66.75,-30.5,988.6106,,2020-01-17 23:05:11.210787,66.123949,-29.33307099999999,оставлено прежнее значение,False,False,lookup_by_new_ID_step,False,True
Solovieva_PL_crop_00041_ID_120200110530_step_14,41,120200110530,14,2020-01-17,14:00:00,2020-01-17 14:00:00,59.25,-56.0,991.1181,40.58,2020-01-17 14:15:51.946816,58.992628,-54.02094199999999,59.18389258222222,-55.86778516444444,14.0,15.0,2020-01-17 14:00:00,2020-01-17 15:00:00,0.2644296711111111,107.61535966209854,116.50486052958648,0.2644296711111111,128.76973335098742,same_id,interpolated_track_position_nearest_track_point_for_targets,ok,True,True,120200110530,14,2020-01-17 09:00:00,59.25,-56.0,991.1181,40.58,False,False,512,512,Solovieva_diploma_PL_training_images/png/Solovieva_PL_crop_00041_ID_120200110530_step_14.png,Solovieva_diploma_PL_training_images/npy/Solovieva_PL_crop_00041_ID_120200110530_step_14.npy,crop_00041_ID_120200110530_step_14_9efd4cbfe6.png,/content/drive/MyDrive/sentinel3/SLSTR/ml_manual_crops_010526/png/crop_00041_ID_120200110530_step_14_9efd4cbfe6.png,True,S3B_SL_1_RBT____20200117T141445_20200117T141745_20200118T185054_0180_034_267_1980_LN2_O_NT_004,,,,,,crop_00041_ID_120200110530_step_14_9efd4cbfe6.png,41,120200110530,14,120200110530,14,2020-01-17 14:00:00,59.25,-56.0,991.1181,,2020-01-17 14:15:51.946816,58.992628,-54.02094199999999,оставлено прежнее значение,False,False,lookup_by_new_ID_step,False,True
Solovieva_PL_crop_00042_ID_120200110530_step_15,42,120200110530,15,2020-01-17,15:00:00,2020-01-17 15:00:00,59.0,-55.5,989.96686,40.476,2020-01-17 14:55:14.892163,58.217649,-55.574929,59.01979915534722,-55.53959831069445,14.0,15.0,2020-01-17 14:00:00,2020-01-17 15:00:00,0.9208033786111112,89.2184812232962,87.10162896701046,0.0791966213888888,95.55421093440732,same_id,interpolated_track_position_nearest_track_point_for_targets,ok,True,True,120200110530,15,2020-01-17 10:00:00,59.0,-55.5,989.96686,40.476,False,False,512,512,Solovieva_diploma_PL_training_images/png/Solovieva_PL_crop_00042_ID_120200110530_step_15.png,Solovieva_diploma_PL_training_images/npy/Solovieva_PL_crop_00042_ID_120200110530_step_15.npy,crop_00042_ID_120200110530_step_15_0b98544f9b.png,/content/drive/MyDrive/sentinel3/SLSTR/ml_manual_crops_010526/png/crop_00042_ID_120200110530_step_15_0b98544f9b.png,True,S3A_SL_1_RBT____20200117T145418_20200117T145718_20200118T210224_0180_054_025_1980_LN2_O_NT_004,,,,,,crop_00042_ID_120200110530_step_15_0b98544f9b.png,42,120200110530,15,120200110530,15,2020-01-17 15:00:00,59.0,-55.5,989.96686,,2020-01-17 14:55:14.892163,58.217649,-55.574929,оставлено прежнее значение,False,False,lookup_by_new_ID_step,False,True
Solovieva_PL_crop_00047_ID_120200110530_step_24,47,120200110530,24,2020-01-18,00:00:00,2020-01-18 00:00:00,58.75,-51.0,992.65375,31.409,2020-01-18 00:04:55.532574,58.806396,-49.843159000000014,58.75,-50.95895380916667,24.0,25.0,2020-01-18 00:00:00,2020-01-18 01:00:00,0.0820923816666666,64.61660915583519,66.97157665116627,0.0820923816666666,71.18399968916853,same_id,interpolated_track_position_nearest_track_point_for_targets,ok,True,True,120200110530,24,2020-01-17 19:00:00,58.75,-51.0,992.65375,31.409,False,False,512,512,Solovieva_diploma_PL_training_images/png/Solovieva_PL_crop_00047_ID_120200110530_step_24.png,Solovieva_diploma_PL_training_images/npy/Solovieva_PL_crop_00047_ID_120200110530_step_24.npy,crop_00047_ID_120200110530_step_24_8160bd0f13.png,/content/drive/MyDrive/sentinel3/SLSTR/ml_manual_crops_010526/png/crop_00047_ID_120200110530_step_24_8160bd0f13.png,True,S3B_SL_1_RBT____20200118T000240_20200118T000540_20200812T100859_0179_034_273_0900_LR1_R_NT_004,,,,,,crop_00047_ID_120200110530_step_24_8160bd0f13.png,47,120200110530,24,120200110530,24,2020-01-18 00:00:00,58.75,-51.0,992.65375,,2020-01-18 00:04:55.532574,58.806396,-49.843159000000014,оставлено прежнее значение,False,False,lookup_by_new_ID_step,False,True
Solovieva_PL_crop_00048_ID_120200110530_step_25,48,120200110530,25,2020-01-18,01:00:00,2020-01-18 01:00:00,58.75,-50.5,993.31061,30.842,2020-01-18 00:44:08.251881,59.135398,-50.15049500000001,58.75,-50.63218723874999,24.0,25.0,2020-01-18 00:00:00,2020-01-18 01:00:00,0.7356255225,50.99021056872237,47.312278110484094,0.2643744775,72.14016876872236,same_id,interpolated_track_position_nearest_track_point_for_targets,ok,True,True,120200110530,25,2020-01-17 20:00:00,58.75,-50.5,993.31061,30.842,False,False,512,512,Solovieva_diploma_PL_training_images/png/Solovieva_PL_crop_00048_ID_120200110530_step_25.png,Solovieva_diploma_PL_training_images/npy/Solovieva_PL_crop_00048_ID_120200110530_step_25.npy,crop_00048_ID_120200110530_step_25_4a7a176ab0.png,/content/drive/MyDrive/sentinel3/SLSTR/ml_manual_crops_010526/png/crop_00048_ID_120200110530_step_25_4a7a176ab0.png,True,S3A_SL_1_RBT____20200118T004213_20200118T004513_20200119T053551_0180_054_031_0900_LN2_O_NT_004,,,,,,crop_00048_ID_120200110530_step_25_4a7a176ab0.png,48,120200110530,25,120200110530,25,2020-01-18 01:00:00,58.75,-50.5,993.31061,,2020-01-18 00:44:08.251881,59.135398,-50.15049500000001,оставлено прежнее значение,False,False,lookup_by_new_ID_step,False,True
Solovieva_PL_crop_00061_ID_120200113080_step_15,61,120200113080,16,2020-01-21,16:00:00,2020-01-21 16:00:00,76.0,46.0,972.77124,24.012,2020-01-21 15:42:04.196850,77.054313,46.600628,76.0,45.85058289583333,15.0,16.0,2020-01-21 15:00:00,2020-01-21 16:00:00,0.7011657916666667,118.8312640942717,118.26084450318176,0.2988342083333333,142.73800076093838,same_id,interpolated_track_position_nearest_track_point_for_targets,ok,True,True,120200113080,15,2020-01-21 04:00:00,76.0,45.5,973.13934,23.402,False,True,512,512,Solovieva_diploma_PL_training_images/png/Solovieva_PL_crop_00061_ID_120200113080_step_15.png,Solovieva_diploma_PL_training_images/npy/Solovieva_PL_crop_00061_ID_120200113080_step_15.npy,crop_00061_ID_120200113080_step_15_7004c370dd.png,/content/drive/MyDrive/sentinel3/SLSTR/ml_manual_crops_010526/png/crop_00061_ID_120200113080_step_15_7004c370dd.png,True,S3B_SL_1_RBT____20200121T153959_20200121T154259_20200122T212409_0179_034_325_1260_LN2_O_NT_004,,,,,,crop_00061_ID_120200113080_step_15_7004c370dd.png,61,120200113080,15,120200113080,16,2020-01-21 16:00:00,76.0,46.0,972.77124,,2020-01-21 15:42:04.196850,77.054313,46.600628,оставлено прежнее значение,False,False,lookup_by_new_ID_step,True,True
Solovieva_PL_crop_00064_ID_120200113080_step_16,64,120200113080,16,2020-01-21,16:00:00,2020-01-21 16:00:00,76.0,46.0,972.77124,24.012,2020-01-21 16:21:15.499605,77.091956,45.522413,76.0,46.177152722916674,16.0,17.0,2020-01-21 16:00:00,2020-01-21 17:00:00,0.3543054458333333,122.59391196835216,122.04599509301892,0.3543054458333333,150.93834763501883,same_id,interpolated_track_position_nearest_track_point_for_targets,ok,True,True,120200113080,16,2020-01-21 05:00:00,76.0,46.0,972.77124,24.012,False,False,512,512,Solovieva_diploma_PL_training_images/png/Solovieva_PL_crop_00064_ID_120200113080_step_16.png,Solovieva_diploma_PL_training_images/npy/Solovieva_PL_crop_00064_ID_120200113080_step_16.npy,crop_00064_ID_120200113080_step_16_809db3f23c.png,/content/drive/MyDrive/sentinel3/SLSTR/ml_manual_crops_010526/png/crop_00064_ID_120200113080_step_16_809db3f23c.png,True,S3A_SL_1_RBT____20200121T161933_20200121T162233_20200122T221745_0179_054_083_1260_LN2_O_NT_004,,,,,,crop_00064_ID_120200113080_step_16_809db3f23c.png,64,120200113080,16,120200113080,16,2020-01-21 16:00:00,76.0,46.0,972.77124,,2020-01-21 16:21:15.499605,77.091956,45.522413,оставлено прежнее значение,False,False,lookup_by_new_ID_step,False,True
Solovieva_PL_crop_00066_ID_120200113080_step_17,66,120200113080,17,2020-01-21,17:00:00,2020-01-21 17:00:00,76.0,46.5,972.13812,23.531,2020-01-21 17:22:09.990694,76.90755999999999,43.494203,76.0,46.59236046486112,17.0,18.0,2020-01-21 17:00:00,2020-01-21 18:00:00,0.3694418594444444,129.17654332966458,127.6900231220966,0.3694418594444444,158.73189208522012,same_id,interpolated_track_position_nearest_track_point_for_targets,ok,True,True,120200113080,17,2020-01-21 06:00:00,76.0,46.5,972.13812,23.531,False,False,512,512,Solovieva_diploma_PL_training_images/png/Solovieva_PL_crop_00066_ID_120200113080_step_17.png,Solovieva_diploma_PL_training_images/npy/Solovieva_PL_crop_00066_ID_120200113080_step_17.npy,crop_00066_ID_120200113080_step_17_ee29193c8f.png,/content/drive/MyDrive/sentinel3/SLSTR/ml_manual_crops_010526/png/crop_00066_ID_120200113080_step_17_ee29193c8f.png,True,S3B_SL_1_RBT____20200121T172058_20200121T172358_20200812T112344_0179_034_326_1260_LR1_R_NT_004,,,,,,crop_00066_ID_120200113080_step_17_ee29193c8f.png,66,120200113080,17,120200113080,17,2020-01-21 17:00:00,76.0,46.5,972.13812,,2020-01-21 17:22:09.990694,76.90755999999999,43.494203,оставлено прежнее значение,False,False,lookup_by_new_ID_step,False,True
Solovieva_PL_crop_00068_ID_120200113080_step_18,68,120200113080,18,2020-01-21,18:00:00,2020-01-21 18:00:00,76.0,46.75,971.74249,22.523,2020-01-21 18:01:29.337618,76.820861,42.13155499999999,76.0,46.75,18.0,19.0,2020-01-21 18:00:00,2020-01-21 19:00:00,0.024816005,151.23158679449344,151.23158679449344,0.024816005,153.21686719449343,same_id,interpolated_track_position_nearest_track_point_for_targets,ok,True,True,120200113080,18,2020-01-21 07:00:00,76.0,46.75,971.74249,22.523,False,False,512,512,Solovieva_diploma_PL_training_images/png/Solovieva_PL_crop_00068_ID_120200113080_step_18.png,Solovieva_diploma_PL_training_images/npy/Solovieva_PL_crop_00068_ID_120200113080_step_18.npy,crop_00068_ID_120200113080_step_18_13b969803a.png,/content/drive/MyDrive/sentinel3/SLSTR/ml_manual_crops_010526/png/crop_00068_ID_120200113080_step_18_13b969803a.png,True,S3A_SL_1_RBT____20200121T180032_20200121T180332_20200122T232127_0179_054_084_1260_LN2_O_NT_004,,,,,,crop_00068_ID_120200113080_step_18_13b969803a.png,68,120200113080,18,120200113080,18,2020-01-21 18:00:00,76.0,46.75,971.74249,,2020-01-21 18:01:29.337618,76.820861,42.13155499999999,оставлено прежнее значение,False,False,lookup_by_new_ID_step,False,True
Solovieva_PL_crop_00062_ID_120200113390_step_15,62,120200113390,15,2020-01-21,15:00:00,2020-01-21 15:00:00,71.0,-64.5,992.14813,27.621,2020-01-21 14:48:31.641656,70.746915,-65.416558,70.95219733722222,-64.45219733722222,14.0,15.0,2020-01-21 14:00:00,2020-01-21 15:00:00,0.8087893488888889,41.9336835184783,43.66943741260013,0.1912106511111111,57.23053560736719,same_id,interpolated_track_position_nearest_track_point_for_targets,ok,True,True,120200113390,15,2020-01-21 14:00:00,71.0,-64.5,992.14813,27.621,False,False,512,512,Solovieva_diploma_PL_training_images/png/Solovieva_PL_crop_00062_ID_120200113390_step_15.png,Solovieva_diploma_PL_training_images/npy/Solovieva_PL_crop_00062_ID_120200113390_step_15.npy,crop_00062_ID_120200113390_step_15_dd010ac157.png,/content/drive/MyDrive/sentinel3/SLSTR/ml_manual_crops_010526/png/crop_00062_ID_120200113390_step_15_dd010ac157.png,True,S3A_SL_1_RBT____20200121T144734_20200121T145034_20200122T193526_0179_054_082_1800_LN2_O_NT_004,,,,,,crop_00062_ID_120200113390_step_15_dd010ac157.png,62,120200113390,15,120200113390,15,2020-01-21 15:00:00,71.0,-64.5,992.14813,,2020-01-21 14:48:31.641656,70.746915,-65.416558,оставлено прежнее значение,False,False,lookup_by_new_ID_step,False,True
Solovieva_PL_crop_00065_ID_120200113390_step_16,65,120200113390,16,2020-01-21,16:00:00,2020-01-21 16:00:00,71.25,-65.0,992.01746,27.365,2020-01-21 15:49:55.780429,69.485528,-67.737662,71.20804030756945,-64.9160806151389,15.0,16.0,2020-01-21 15:00:00,2020-01-21 16:00:00,0.8321612302777778,218.62666210083933,221.2084584068812,0.1678387697222222,232.0537636786172,same_id,interpolated_track_position_nearest_track_point_for_targets,ok,True,True,120200113390,16,2020-01-21 15:00:00,71.25,-65.0,992.01746,27.365,False,False,512,512,Solovieva_diploma_PL_training_images/png/Solovieva_PL_crop_00065_ID_120200113390_step_16.png,Solovieva_diploma_PL_training_images/npy/Solovieva_PL_crop_00065_ID_120200113390_step_16.npy,crop_00065_ID_120200113390_step_16_057d2204b9.png,/content/drive/MyDrive/sentinel3/SLSTR/ml_manual_crops_010526/png/crop_00065_ID_120200113390_step_16_057d2204b9.png,True,S3B_SL_1_RBT____20200121T154859_20200121T155159_20200812T112214_0179_034_325_1800_LR1_R_NT_004,,,,,,crop_00065_ID_120200113390_step_16_057d2204b9.png,65,120200113390,16,120200113390,16,2020-01-21 16:00:00,71.25,-65.0,992.01746,,2020-01-21 15:49:55.780429,69.485528,-67.737662,оставлено прежнее значение,False,False,lookup_by_new_ID_step,False,True
Solovieva_PL_crop_00058_ID_120200113400_step_1,58,120200113400,1,2020-01-21,01:00:00,2020-01-21 01:00:00,61.25,-57.5,994.55499,19.772,2020-01-21 01:06:52.991585,59.927328,-58.013425,61.25,-57.5,1.0,2.0,2020-01-21 01:00:00,2020-01-21 02:00:00,0.1147198847222222,149.72145367289295,149.72145367289295,0.1147198847222222,158.89904445067071,same_id,interpolated_track_position_nearest_track_point_for_targets,ok,True,True,120200113400,1,2020-01-21 00:00:00,61.25,-57.5,994.55499,19.772,False,False,512,512,Solovieva_diploma_PL_training_images/png/Solovieva_PL_crop_00058_ID_120200113400_step_1.png,Solovieva_diploma_PL_training_images/npy/Solovieva_PL_crop_00058_ID_120200113400_step_1.npy,crop_00058_ID_120200113400_step_1_17d7cf7609.png,/content/drive/MyDrive/sentinel3/SLSTR/ml_manual_crops_010526/png/crop_00058_ID_120200113400_step_1_17d7cf7609.png,True,S3A_SL_1_RBT____20200121T010440_20200121T010740_20200122T053524_0179_054_074_0900_LN2_O_NT_004,,,,,,crop_00058_ID_120200113400_step_1_17d7cf7609.png,58,120200113400,1,120200113400,1,2020-01-21 01:00:00,61.25,-57.5,994.55499,,2020-01-21 01:06:52.991585,59.927328,-58.013425,оставлено прежнее значение,False,False,lookup_by_new_ID_step,False,True
Solovieva_PL_crop_00089_ID_120200114860_step_19,89,120200114860,19,2020-01-24,19:00:00,2020-01-24 19:00:00,71.75,-4.75,974.11188,18.462,2020-01-24 19:25:20.927002,73.506363,-0.7229350000000068,71.75,-4.644380069305555,19.0,20.0,2020-01-24 19:00:00,2020-01-24 20:00:00,0.4224797227777778,234.61266953170568,236.5702208707856,0.4224797227777777,268.41104735392787,same_id,interpolated_track_position_nearest_track_point_for_targets,ok,True,True,120200114860,19,2020-01-24 03:00:00,71.75,-4.75,974.11188,18.462,False,False,512,512,Solovieva_diploma_PL_training_images/png/Solovieva_PL_crop_00089_ID_120200114860_step_19.png,Solovieva_diploma_PL_training_images/npy/Solovieva_PL_crop_00089_ID_120200114860_step_19.npy,crop_00089_ID_120200114860_step_19_9dfb726510.png,/content/drive/MyDrive/sentinel3/SLSTR/ml_manual_crops_010526/png/crop_00089_ID_120200114860_step_19_9dfb726510.png,True,S3B_SL_1_RBT____20200124T192424_20200124T192724_20200126T001604_0179_034_370_1260_LN2_O_NT_004,,,,,,crop_00089_ID_120200114860_step_19_9dfb726510.png,89,120200114860,19,120200114860,19,2020-01-24 19:00:00,71.75,-4.75,974.11188,,2020-01-24 19:25:20.927002,73.506363,-0.7229350000000068,оставлено прежнее значение,False,False,lookup_by_new_ID_step,False,True
Solovieva_PL_crop_00091_ID_120200114860_step_20,91,120200114860,20,2020-01-24,20:00:00,2020-01-24 20:00:00,71.75,-4.5,974.27557,18.896,2020-01-24 20:03:37.811189,70.473269,1.7728119999999876,71.75,-4.484874222986122,20.0,21.0,2020-01-24 20:00:00,2020-01-24 21:00:00,0.0605031080555555,266.07026129935787,266.5300452045095,0.0605031080555555,270.9105099438023,same_id,interpolated_track_position_nearest_track_point_for_targets,ok,True,True,120200114860,20,2020-01-24 04:00:00,71.75,-4.5,974.27557,18.896,False,False,512,512,Solovieva_diploma_PL_training_images/png/Solovieva_PL_crop_00091_ID_120200114860_step_20.png,Solovieva_diploma_PL_training_images/npy/Solovieva_PL_crop_00091_ID_120200114860_step_20.npy,crop_00091_ID_120200114860_step_20_f5db5df322.png,/content/drive/MyDrive/sentinel3/SLSTR/ml_manual_crops_010526/png/crop_00091_ID_120200114860_step_20_f5db5df322.png,True,S3A_SL_1_RBT____20200124T200058_20200124T200358_20200126T020609_0179_054_128_1080_LN2_O_NT_004,,,,,,crop_00091_ID_120200114860_step_20_f5db5df322.png,91,120200114860,20,120200114860,20,2020-01-24 20:00:00,71.75,-4.5,974.27557,,2020-01-24 20:03:37.811189,70.473269,1.7728119999999876,оставлено прежнее значение,False,False,lookup_by_new_ID_step,False,True
Solovieva_PL_crop_00092_ID_120200114860_step_21,92,120200114860,21,2020-01-24,21:00:00,2020-01-24 21:00:00,71.75,-4.25,974.70996,18.288,2020-01-24 21:05:01.821346,72.355707,0.4447659999999871,71.75,-4.25,21.0,22.0,2020-01-24 21:00:00,2020-01-24 22:00:00,0.0838392627777777,174.33226060230277,174.33226060230277,0.0838392627777777,181.039401624525,same_id,interpolated_track_position_nearest_track_point_for_targets,ok,True,True,120200114860,21,2020-01-24 05:00:00,71.75,-4.25,974.70996,18.288,False,False,512,512,Solovieva_diploma_PL_training_images/png/Solovieva_PL_crop_00092_ID_120200114860_step_21.png,Solovieva_diploma_PL_training_images/npy/Solovieva_PL_crop_00092_ID_120200114860_step_21.npy,crop_00092_ID_120200114860_step_21_b7834308be.png,/content/drive/MyDrive/sentinel3/SLSTR/ml_manual_crops_010526/png/crop_00092_ID_120200114860_step_21_b7834308be.png,True,S3B_SL_1_RBT____20200124T210223_20200124T210523_20200824T001711_0179_034_371_1080_LR1_R_NT_004,,,,,,crop_00092_ID_120200114860_step_21_b7834308be.png,92,120200114860,21,120200114860,21,2020-01-24 21:00:00,71.75,-4.25,974.70996,,2020-01-24 21:05:01.821346,72.355707,0.4447659999999871,оставлено прежнее значение,False,False,lookup_by_new_ID_step,False,True
Solovieva_PL_crop_00093_ID_120200114860_step_22,93,120200114860,22,2020-01-24,22:00:00,2020-01-24 22:00:00,71.75,-4.25,975.40808,17.474999999999998,2020-01-24 21:44:33.646851,72.698911,-2.1329529999999863,71.75,-4.25,21.0,22.0,2020-01-24 21:00:00,2020-01-24 22:00:00,0.7426796808333334,127.64763826266136,127.64763826266136,0.2573203191666667,148.2332637959947,same_id,interpolated_track_position_nearest_track_point_for_targets,ok,True,True,120200114860,22,2020-01-24 06:00:00,71.75,-4.25,975.40808,17.474999999999998,False,False,512,512,Solovieva_diploma_PL_training_images/png/Solovieva_PL_crop_00093_ID_120200114860_step_22.png,Solovieva_diploma_PL_training_images/npy/Solovieva_PL_crop_00093_ID_120200114860_step_22.npy,crop_00093_ID_120200114860_step_22_ae05c81347.png,/content/drive/MyDrive/sentinel3/SLSTR/ml_manual_crops_010526/png/crop_00093_ID_120200114860_step_22_ae05c81347.png,True,S3A_SL_1_RBT____20200124T214157_20200124T214457_20200126T035316_0179_054_129_1080_LN2_O_NT_004,,,,,,crop_00093_ID_120200114860_step_22_ae05c81347.png,93,120200114860,22,120200114860,22,2020-01-24 22:00:00,71.75,-4.25,975.40808,,2020-01-24 21:44:33.646851,72.698911,-2.1329529999999863,оставлено прежнее значение,False,False,lookup_by_new_ID_step,False,True
Solovieva_PL_crop_00088_ID_120200115290_step_18,88,120200115290,18,2020-01-24,18:00:00,2020-01-24 18:00:00,72.75,-2.75,986.76062,30.379,2020-01-24 18:24:25.770907,74.786934,10.172838000000011,72.64821035368055,-2.851789646319446,18.0,19.0,2020-01-24 18:00:00,2020-01-24 19:00:00,0.4071585852777777,469.1415856561308,459.7639486148996,0.4071585852777778,501.71427247835305,same_id,interpolated_track_position_nearest_track_point_for_targets,warning_distance,True,True,120200115290,18,2020-01-24 21:00:00,72.75,-2.75,986.76062,30.379,False,False,512,512,Solovieva_diploma_PL_training_images/png/Solovieva_PL_crop_00088_ID_120200115290_step_18.png,Solovieva_diploma_PL_training_images/npy/Solovieva_PL_crop_00088_ID_120200115290_step_18.npy,crop_00088_ID_120200115290_step_18_3ed13f132e.png,/content/drive/MyDrive/sentinel3/SLSTR/ml_manual_crops_010526/png/crop_00088_ID_120200115290_step_18_3ed13f132e.png,True,S3A_SL_1_RBT____20200124T182259_20200124T182559_20200126T012140_0180_054_127_1260_LN2_O_NT_004,,,,,,crop_00088_ID_120200115290_step_18_3ed13f132e.png,88,120200115290,18,120200115290,18,2020-01-24 18:00:00,72.75,-2.75,986.76062,,2020-01-24 18:24:25.770907,74.786934,10.172838000000011,оставлено прежнее значение,False,False,lookup_by_new_ID_step,False,True
Solovieva_PL_crop_00105_ID_120200115290_step_22,105,120200115290,22,2020-01-25,22:00:00,2020-01-25 22:00:00,72.0,-4.0,989.77875,24.051,2020-01-25 22:19:23.895937,71.324837,-10.68015600000001,71.91917389326389,-4.080826106736112,22.0,23.0,2020-01-25 22:00:00,2020-01-25 23:00:00,0.3233044269444444,240.4745312413308,245.3088018606096,0.3233044269444444,266.3388853968863,same_id,interpolated_track_position_nearest_track_point_for_targets,ok,True,True,120200115290,22,2020-01-25 01:00:00,72.0,-4.0,989.77875,24.051,False,False,512,512,Solovieva_diploma_PL_training_images/png/Solovieva_PL_crop_00105_ID_120200115290_step_22.png,Solovieva_diploma_PL_training_images/npy/Solovieva_PL_crop_00105_ID_120200115290_step_22.npy,crop_00105_ID_120200115290_step_22_289f1a9afa.png,/content/drive/MyDrive/sentinel3/SLSTR/ml_manual_crops_010526/png/crop_00105_ID_120200115290_step_22_289f1a9afa.png,True,S3B_SL_1_RBT____20200125T221711_20200125T222011_20200824T002243_0180_035_001_1080_LR1_R_NT_004,,,,,,crop_00105_ID_120200115290_step_22_289f1a9afa.png,105,120200115290,22,120200115290,22,2020-01-25 22:00:00,72.0,-4.0,989.77875,,2020-01-25 22:19:23.895937,71.324837,-10.68015600000001,оставлено прежнее значение,False,False,lookup_by_new_ID_step,False,True
Solovieva_PL_crop_00097_ID_120200115440_step_13,97,120200115440,13,2020-01-25,13:00:00,2020-01-25 13:00:00,70.25,-12.75,993.37372,20.539,2020-01-25 13:02:29.141895,71.99867499999999,-10.777152999999998,70.23964292395833,-12.760357076041656,13.0,14.0,2020-01-25 13:00:00,2020-01-25 14:00:00,0.0414283041666666,208.1799396676944,206.96431425069025,0.0414283041666666,211.49420400102773,same_id,interpolated_track_position_nearest_track_point_for_targets,ok,True,True,120200115440,13,2020-01-25 00:00:00,70.25,-12.75,993.37372,20.539,False,False,512,512,Solovieva_diploma_PL_training_images/png/Solovieva_PL_crop_00097_ID_120200115440_step_13.png,Solovieva_diploma_PL_training_images/npy/Solovieva_PL_crop_00097_ID_120200115440_step_13.npy,crop_00097_ID_120200115440_step_13_e36478e7ae.png,/content/drive/MyDrive/sentinel3/SLSTR/ml_manual_crops_010526/png/crop_00097_ID_120200115440_step_13_e36478e7ae.png,True,S3A_SL_1_RBT____20200125T125950_20200125T130250_20200126T184304_0179_054_138_1620_LN2_O_NT_004,,,,,,crop_00097_ID_120200115440_step_13_e36478e7ae.png,97,120200115440,13,120200115440,13,2020-01-25 13:00:00,70.25,-12.75,993.37372,,2020-01-25 13:02:29.141895,71.99867499999999,-10.777152999999998,оставлено прежнее значение,False,False,lookup_by_new_ID_step,False,True
Solovieva_PL_crop_00095_ID_120200115820_step_11,95,120200115820,11,2020-01-25,11:00:00,2020-01-25 11:00:00,72.0,38.25,985.51874,37.519000000000005,2020-01-25 10:41:03.136659,74.255811,31.933660000000003,72.0,38.25,10.0,11.0,2020-01-25 10:00:00,2020-01-25 11:00:00,0.6842046275,322.8813891682476,322.8813891682476,0.3157953725,348.1450189682476,same_id,interpolated_track_position_nearest_track_point_for_targets,warning_distance,True,True,120200115820,11,2020-01-25 11:00:00,72.0,38.25,985.51874,37.519000000000005,False,False,512,512,Solovieva_diploma_PL_training_images/png/Solovieva_PL_crop_00095_ID_120200115820_step_11.png,Solovieva_diploma_PL_training_images/npy/Solovieva_PL_crop_00095_ID_120200115820_step_11.npy,crop_00095_ID_120200115820_step_11_b1b271165a.png,/content/drive/MyDrive/sentinel3/SLSTR/ml_manual_crops_010526/png/crop_00095_ID_120200115820_step_11_b1b271165a.png,True,S3B_SL_1_RBT____20200125T103917_20200125T104217_20200812T123815_0179_034_379_1620_LR1_R_NT_004,,,,,,crop_00095_ID_120200115820_step_11_b1b271165a.png,95,120200115820,11,120200115820,11,2020-01-25 11:00:00,72.0,38.25,985.51874,,2020-01-25 10:41:03.136659,74.255811,31.933660000000003,оставлено прежнее значение,False,False,lookup_by_new_ID_step,False,True
Solovieva_PL_crop_00101_ID_120200115820_step_18,101,120200115820,18,2020-01-25,18:00:00,2020-01-25 18:00:00,71.75,36.5,988.00623,36.366,2020-01-25 17:56:26.872413,71.08276599999999,37.30246599999998,71.75,36.5,17.0,18.0,2020-01-25 17:00:00,2020-01-25 18:00:00,0.9407978925,79.45428514575406,79.45428514575406,0.0592021075,84.19045374575406,same_id,interpolated_track_position_nearest_track_point_for_targets,ok,True,True,120200115820,18,2020-01-25 18:00:00,71.75,36.5,988.00623,36.366,False,False,512,512,Solovieva_diploma_PL_training_images/png/Solovieva_PL_crop_00101_ID_120200115820_step_18.png,Solovieva_diploma_PL_training_images/npy/Solovieva_PL_crop_00101_ID_120200115820_step_18.npy,crop_00101_ID_120200115820_step_18_8b5ccd268a.png,/content/drive/MyDrive/sentinel3/SLSTR/ml_manual_crops_010526/png/crop_00101_ID_120200115820_step_18_8b5ccd268a.png,True,S3A_SL_1_RBT____20200125T175348_20200125T175648_20200126T235118_0179_054_141_1080_LN2_O_NT_004,,,,,,crop_00101_ID_120200115820_step_18_8b5ccd268a.png,101,120200115820,18,120200115820,18,2020-01-25 18:00:00,71.75,36.5,988.00623,,2020-01-25 17:56:26.872413,71.08276599999999,37.30246599999998,оставлено прежнее значение,False,False,lookup_by_new_ID_step,False,True
Solovieva_PL_crop_00102_ID_120200115820_step_19,102,120200115820,19,2020-01-25,19:00:00,2020-01-25 19:00:00,71.5,36.25,987.85999,35.449000000000005,2020-01-25 18:57:32.112672,71.500661,36.24309499999998,71.51026995333334,36.260269953333335,18.0,19.0,2020-01-25 18:00:00,2020-01-25 19:00:00,0.9589201866666668,1.2282595841551955,0.254468484334722,0.0410798133333333,4.514644650821862,same_id,interpolated_track_position_nearest_track_point_for_targets,ok,True,True,120200115820,19,2020-01-25 19:00:00,71.5,36.25,987.85999,35.449000000000005,False,False,512,512,Solovieva_diploma_PL_training_images/png/Solovieva_PL_crop_00102_ID_120200115820_step_19.png,Solovieva_diploma_PL_training_images/npy/Solovieva_PL_crop_00102_ID_120200115820_step_19.npy,crop_00102_ID_120200115820_step_19_20ad628580.png,/content/drive/MyDrive/sentinel3/SLSTR/ml_manual_crops_010526/png/crop_00102_ID_120200115820_step_19_20ad628580.png,True,S3B_SL_1_RBT____20200125T185513_20200125T185813_20200824T002300_0179_034_384_1080_LR1_R_NT_004,,,,,,crop_00102_ID_120200115820_step_19_20ad628580.png,102,120200115820,19,120200115820,19,2020-01-25 19:00:00,71.5,36.25,987.85999,,2020-01-25 18:57:32.112672,71.500661,36.24309499999998,оставлено прежнее значение,False,False,lookup_by_new_ID_step,False,True
Solovieva_PL_crop_00103_ID_120200115820_step_20,103,120200115820,20,2020-01-25,20:00:00,2020-01-25 20:00:00,71.5,36.5,987.97559,37.147,2020-01-25 19:36:58.709083,71.274446,30.39953299999999,71.5,36.40407701965279,19.0,20.0,2020-01-25 19:00:00,2020-01-25 20:00:00,0.6163080786111111,214.4822904436864,217.85932436208503,0.3836919213888889,245.1776441547975,same_id,interpolated_track_position_nearest_track_point_for_targets,ok,True,True,120200115820,20,2020-01-25 20:00:00,71.5,36.5,987.97559,37.147,False,False,512,512,Solovieva_diploma_PL_training_images/png/Solovieva_PL_crop_00103_ID_120200115820_step_20.png,Solovieva_diploma_PL_training_images/npy/Solovieva_PL_crop_00103_ID_120200115820_step_20.npy,crop_00103_ID_120200115820_step_20_0e3705210a.png,/content/drive/MyDrive/sentinel3/SLSTR/ml_manual_crops_010526/png/crop_00103_ID_120200115820_step_20_0e3705210a.png,True,S3A_SL_1_RBT____20200125T193447_20200125T193747_20200127T013431_0179_054_142_1080_LN2_O_NT_004,,,,,,crop_00103_ID_120200115820_step_20_0e3705210a.png,103,120200115820,20,120200115820,20,2020-01-25 20:00:00,71.5,36.5,987.97559,,2020-01-25 19:36:58.709083,71.274446,30.39953299999999,оставлено прежнее значение,False,False,lookup_by_new_ID_step,False,True
Solovieva_PL_crop_00111_ID_120200115980_step_12,111,120200115980,12,2020-01-26,12:00:00,2020-01-26 12:00:00,58.25,-22.5,978.45746,19.998,2020-01-26 12:01:26.997957,58.70069,-25.638784999999984,58.25,-22.457709326458343,12.0,13.0,2020-01-26 12:00:00,2020-01-26 13:00:00,0.0241660991666666,191.596281592076,189.2249041889621,0.0241660991666666,193.52956952540936,same_id,interpolated_track_position_nearest_track_point_for_targets,ok,True,True,120200115980,12,2020-01-26 00:00:00,58.25,-22.5,978.45746,19.998,False,False,512,512,Solovieva_diploma_PL_training_images/png/Solovieva_PL_crop_00111_ID_120200115980_step_12.png,Solovieva_diploma_PL_training_images/npy/Solovieva_PL_crop_00111_ID_120200115980_step_12.npy,crop_00111_ID_120200115980_step_12_6ac3ee2845.png,/content/drive/MyDrive/sentinel3/SLSTR/ml_manual_crops_010526/png/crop_00111_ID_120200115980_step_12_6ac3ee2845.png,True,S3B_SL_1_RBT____20200126T120005_20200126T120305_20200812T125953_0179_035_009_1980_LR1_R_NT_004,,,,,,crop_00111_ID_120200115980_step_12_6ac3ee2845.png,111,120200115980,12,120200115980,12,2020-01-26 12:00:00,58.25,-22.5,978.45746,,2020-01-26 12:01:26.997957,58.70069,-25.638784999999984,оставлено прежнее значение,False,False,lookup_by_new_ID_step,False,True
Solovieva_PL_crop_00110_ID_120200116100_step_11,110,120200116100,12,2020-01-26,12:00:00,2020-01-26 12:00:00,63.0,-21.75,962.44562,33.548,2020-01-26 11:59:43.801588,64.387124,-20.10747599999999,62.99887511027778,-21.751124889722234,11.0,12.0,2020-01-26 11:00:00,2020-01-26 12:00:00,0.9955004411111112,174.31295319535303,174.1757184921837,0.0044995588888888,174.67291790646414,same_id,interpolated_track_position_nearest_track_point_for_targets,ok,True,True,120200116100,11,2020-01-26 12:00:00,62.75,-22.0,963.13873,34.215999999999994,False,True,512,512,Solovieva_diploma_PL_training_images/png/Solovieva_PL_crop_00110_ID_120200116100_step_11.png,Solovieva_diploma_PL_training_images/npy/Solovieva_PL_crop_00110_ID_120200116100_step_11.npy,crop_00110_ID_120200116100_step_11_208b1cbe27.png,/content/drive/MyDrive/sentinel3/SLSTR/ml_manual_crops_010526/png/crop_00110_ID_120200116100_step_11_208b1cbe27.png,True,S3B_SL_1_RBT____20200126T115705_20200126T120005_20200812T125953_0180_035_009_1800_LR1_R_NT_004,,,,,,crop_00110_ID_120200116100_step_11_208b1cbe27.png,110,120200116100,11,120200116100,12,2020-01-26 12:00:00,63.0,-21.75,962.44562,,2020-01-26 11:59:43.801588,64.387124,-20.10747599999999,оставлено прежнее значение,False,False,lookup_by_new_ID_step,True,True
Solovieva_PL_crop_00112_ID_120200116100_step_12,112,120200116100,12,2020-01-26,12:00:00,2020-01-26 12:00:00,63.0,-21.75,962.44562,33.548,2020-01-26 12:01:07.198664,59.924796,-26.040793000000008,63.00933314777778,-21.745333426111102,12.0,13.0,2020-01-26 12:00:00,2020-01-26 13:00:00,0.0186662955555555,411.7417284312257,410.7605018371845,0.0186662955555555,413.2350320756701,same_id,interpolated_track_position_nearest_track_point_for_targets,warning_distance,True,True,120200116100,12,2020-01-26 13:00:00,63.0,-21.75,962.44562,33.548,False,False,512,512,Solovieva_diploma_PL_training_images/png/Solovieva_PL_crop_00112_ID_120200116100_step_12.png,Solovieva_diploma_PL_training_images/npy/Solovieva_PL_crop_00112_ID_120200116100_step_12.npy,crop_00112_ID_120200116100_step_12_0e9ca81b65.png,/content/drive/MyDrive/sentinel3/SLSTR/ml_manual_crops_010526/png/crop_00112_ID_120200116100_step_12_0e9ca81b65.png,True,S3B_SL_1_RBT____20200126T120005_20200126T120305_20200127T175231_0180_035_009_1980_LN2_O_NT_004,,,,,,crop_00112_ID_120200116100_step_12_0e9ca81b65.png,112,120200116100,12,120200116100,12,2020-01-26 12:00:00,63.0,-21.75,962.44562,,2020-01-26 12:01:07.198664,59.924796,-26.040793000000008,оставлено прежнее значение,False,False,lookup_by_new_ID_step,False,True
Solovieva_PL_crop_00114_ID_120200116100_step_13,114,120200116100,13,2020-01-26,13:00:00,2020-01-26 13:00:00,63.5,-21.5,962.65558,35.253,2020-01-26 12:39:19.129724,63.084162,-21.279763000000003,63.32765690611111,-21.586171546944456,12.0,13.0,2020-01-26 12:00:00,2020-01-26 13:00:00,0.6553138122222222,31.128175261389107,47.53091940851742,0.3446861877777778,58.70307028361133,same_id,interpolated_track_position_nearest_track_point_for_targets,ok,True,True,120200116100,13,2020-01-26 14:00:00,63.5,-21.5,962.65558,35.253,False,False,512,512,Solovieva_diploma_PL_training_images/png/Solovieva_PL_crop_00114_ID_120200116100_step_13.png,Solovieva_diploma_PL_training_images/npy/Solovieva_PL_crop_00114_ID_120200116100_step_13.npy,crop_00114_ID_120200116100_step_13_3c7d6f1645.png,/content/drive/MyDrive/sentinel3/SLSTR/ml_manual_crops_010526/png/crop_00114_ID_120200116100_step_13_3c7d6f1645.png,True,S3A_SL_1_RBT____20200126T123639_20200126T123939_20200127T181704_0179_054_152_1800_LN2_O_NT_004,,,,,,crop_00114_ID_120200116100_step_13_3c7d6f1645.png,114,120200116100,13,120200116100,13,2020-01-26 13:00:00,63.5,-21.5,962.65558,,2020-01-26 12:39:19.129724,63.084162,-21.279763000000003,оставлено прежнее значение,False,False,lookup_by_new_ID_step,False,True
Solovieva_PL_crop_00108_ID_120200116250_step_10,108,120200116250,10,2020-01-26,10:00:00,2020-01-26 10:00:00,70.75,41.5,997.15625,30.669,2020-01-26 10:14:53.618041,74.139224,38.41274899999999,70.81205680840277,41.43794319159721,10.0,11.0,2020-01-26 10:00:00,2020-01-26 11:00:00,0.2482272336111111,383.4595695694122,390.7034326102118,0.2482272336111111,403.3177482583011,same_id,interpolated_track_position_nearest_track_point_for_targets,warning_distance,True,True,120200116250,10,2020-01-26 18:00:00,70.75,41.5,997.15625,30.669,False,False,512,512,Solovieva_diploma_PL_training_images/png/Solovieva_PL_crop_00108_ID_120200116250_step_10.png,Solovieva_diploma_PL_training_images/npy/Solovieva_PL_crop_00108_ID_120200116250_step_10.npy,crop_00108_ID_120200116250_step_10_ba42538e0c.png,/content/drive/MyDrive/sentinel3/SLSTR/ml_manual_crops_010526/png/crop_00108_ID_120200116250_step_10_ba42538e0c.png,True,S3B_SL_1_RBT____20200126T101306_20200126T101606_20200812T125923_0179_035_008_1620_LR1_R_NT_004,,,,,,crop_00108_ID_120200116250_step_10_ba42538e0c.png,108,120200116250,10,120200116250,10,2020-01-26 10:00:00,70.75,41.5,997.15625,,2020-01-26 10:14:53.618041,74.139224,38.41274899999999,оставлено прежнее значение,False,False,lookup_by_new_ID_step,False,True
Solovieva_PL_crop_00131_ID_120200116250_step_17,131,120200116250,17,2020-01-27,17:00:00,2020-01-27 17:00:00,70.5,39.5,1000.315,31.298,2020-01-27 17:04:04.764033,70.91461199999999,49.524036,70.46600499541667,39.48300249770833,17.0,18.0,2020-01-27 17:00:00,2020-01-27 18:00:00,0.0679900091666666,372.1153593852417,370.7035677634867,0.0679900091666666,377.554560118575,same_id,interpolated_track_position_nearest_track_point_for_targets,warning_distance,True,True,120200116250,17,2020-01-27 01:00:00,70.5,39.5,1000.315,31.298,False,False,512,512,Solovieva_diploma_PL_training_images/png/Solovieva_PL_crop_00131_ID_120200116250_step_17.png,Solovieva_diploma_PL_training_images/npy/Solovieva_PL_crop_00131_ID_120200116250_step_17.npy,crop_00131_ID_120200116250_step_17_f03058d1ba.png,/content/drive/MyDrive/sentinel3/SLSTR/ml_manual_crops_010526/png/crop_00131_ID_120200116250_step_17_f03058d1ba.png,True,S3A_SL_1_RBT____20200127T170126_20200127T170426_20200128T222537_0179_054_169_1080_LN2_O_NT_004,,,,,,crop_00131_ID_120200116250_step_17_f03058d1ba.png,131,120200116250,17,120200116250,17,2020-01-27 17:00:00,70.5,39.5,1000.315,,2020-01-27 17:04:04.764033,70.91461199999999,49.524036,оставлено прежнее значение,False,False,lookup_by_new_ID_step,False,True
Solovieva_PL_crop_00132_ID_120200116250_step_18,132,120200116250,18,2020-01-27,18:00:00,2020-01-27 18:00:00,70.0,39.25,1000.22247,29.334,2020-01-27 18:05:09.175324,71.332148,47.90886,69.97852949138888,39.22852949138888,18.0,19.0,2020-01-27 18:00:00,2020-01-27 19:00:00,0.0858820344444444,352.96588781379023,351.09050076630723,0.0858820344444444,359.8364505693458,same_id,interpolated_track_position_nearest_track_point_for_targets,warning_distance,True,True,120200116250,18,2020-01-27 02:00:00,70.0,39.25,1000.22247,29.334,False,False,512,512,Solovieva_diploma_PL_training_images/png/Solovieva_PL_crop_00132_ID_120200116250_step_18.png,Solovieva_diploma_PL_training_images/npy/Solovieva_PL_crop_00132_ID_120200116250_step_18.npy,crop_00132_ID_120200116250_step_18_d52567be5f.png,/content/drive/MyDrive/sentinel3/SLSTR/ml_manual_crops_010526/png/crop_00132_ID_120200116250_step_18_d52567be5f.png,True,S3B_SL_1_RBT____20200127T180251_20200127T180551_20200824T003157_0179_035_027_1080_LR1_R_NT_004,,,,,,crop_00132_ID_120200116250_step_18_d52567be5f.png,132,120200116250,18,120200116250,18,2020-01-27 18:00:00,70.0,39.25,1000.22247,,2020-01-27 18:05:09.175324,71.332148,47.90886,оставлено прежнее значение,False,False,lookup_by_new_ID_step,False,True
Solovieva_PL_crop_00133_ID_120200116250_step_19,133,120200116250,19,2020-01-27,19:00:00,2020-01-27 19:00:00,69.75,39.0,1000.84808,28.734,2020-01-27 18:44:31.500983,70.943996,43.514386,69.81447909840277,39.06447909840279,18.0,19.0,2020-01-27 18:00:00,2020-01-27 19:00:00,0.7420836063888889,208.1992192909493,214.6877878209988,0.2579163936111111,228.83253077983824,same_id,interpolated_track_position_nearest_track_point_for_targets,ok,True,True,120200116250,19,2020-01-27 03:00:00,69.75,39.0,1000.84808,28.734,False,False,512,512,Solovieva_diploma_PL_training_images/png/Solovieva_PL_crop_00133_ID_120200116250_step_19.png,Solovieva_diploma_PL_training_images/npy/Solovieva_PL_crop_00133_ID_120200116250_step_19.npy,crop_00133_ID_120200116250_step_19_9e2bcb78f0.png,/content/drive/MyDrive/sentinel3/SLSTR/ml_manual_crops_010526/png/crop_00133_ID_120200116250_step_19_9e2bcb78f0.png,True,S3A_SL_1_RBT____20200127T184226_20200127T184526_20200129T010508_0179_054_170_1080_LN2_O_NT_004,,,,,,crop_00133_ID_120200116250_step_19_9e2bcb78f0.png,133,120200116250,19,120200116250,19,2020-01-27 19:00:00,69.75,39.0,1000.84808,,2020-01-27 18:44:31.500983,70.943996,43.514386,оставлено прежнее значение,False,False,lookup_by_new_ID_step,False,True
Solovieva_PL_crop_00145_ID_120200117130_step_20,145,120200117130,21,2020-01-28,21:00:00,2020-01-28 21:00:00,66.25,-7.5,980.48871,19.302,2020-01-28 21:00:01.041302,66.10015899999999,-8.504269999999991,66.25,-7.500144625277784,21.0,22.0,2020-01-28 21:00:00,2020-01-28 22:00:00,0.0002892505555555,48.08025925570988,48.086352618296296,0.0002892505555555,48.10339930015432,same_id,interpolated_track_position_nearest_track_point_for_targets,ok,True,True,120200117130,20,2020-01-28 18:00:00,66.0,-7.25,980.16498,18.602,False,True,512,512,Solovieva_diploma_PL_training_images/png/Solovieva_PL_crop_00145_ID_120200117130_step_20.png,Solovieva_diploma_PL_training_images/npy/Solovieva_PL_crop_00145_ID_120200117130_step_20.npy,crop_00145_ID_120200117130_step_20_cda77f65c8.png,/content/drive/MyDrive/sentinel3/SLSTR/ml_manual_crops_010526/png/crop_00145_ID_120200117130_step_20_cda77f65c8.png,True,S3B_SL_1_RBT____20200128T205838_20200128T210138_20200824T003823_0179_035_043_1080_LR1_R_NT_004,,,,,,crop_00145_ID_120200117130_step_20_cda77f65c8.png,145,120200117130,20,120200117130,21,2020-01-28 21:00:00,66.25,-7.5,980.48871,,2020-01-28 21:00:01.041302,66.10015899999999,-8.504269999999991,pred_valid_20260508_1839.csv:rel_vort_850_smth,True,False,lookup_by_new_ID_step,False,True
Solovieva_PL_crop_00146_ID_120200117130_step_21,146,120200117130,21,2020-01-28,21:00:00,2020-01-28 21:00:00,66.25,-7.5,980.48871,19.302,2020-01-28 21:00:00.441318,66.088082,-8.359885999999989,66.25,-7.50006129416667,21.0,22.0,2020-01-28 21:00:00,2020-01-28 22:00:00,0.0001225883333333,42.61874624393108,42.621242163834886,0.0001225883333333,42.62855331059775,same_id,interpolated_track_position_nearest_track_point_for_targets,ok,True,True,120200117130,21,2020-01-28 19:00:00,66.25,-7.5,980.48871,19.302,False,False,512,512,Solovieva_diploma_PL_training_images/png/Solovieva_PL_crop_00146_ID_120200117130_step_21.png,Solovieva_diploma_PL_training_images/npy/Solovieva_PL_crop_00146_ID_120200117130_step_21.npy,crop_00146_ID_120200117130_step_21_b3b1b015fc.png,/content/drive/MyDrive/sentinel3/SLSTR/ml_manual_crops_010526/png/crop_00146_ID_120200117130_step_21_b3b1b015fc.png,True,S3B_SL_1_RBT____20200128T205902_20200128T210138_20200130T025716_0156_035_043_1080_LN2_O_NT_004,,,,,,crop_00146_ID_120200117130_step_21_b3b1b015fc.png,146,120200117130,21,120200117130,21,2020-01-28 21:00:00,66.25,-7.5,980.48871,,2020-01-28 21:00:00.441318,66.088082,-8.359885999999989,pred_valid_20260508_1839.csv:rel_vort_850_smth,False,False,lookup_by_new_ID_step,False,True
Solovieva_PL_crop_00148_ID_120200117130_step_22,148,120200117130,22,2020-01-28,22:00:00,2020-01-28 22:00:00,66.25,-8.0,980.73871,19.077,2020-01-28 21:39:35.669534,67.483937,-9.70338000000001,66.25,-7.829954101944452,21.0,22.0,2020-01-28 21:00:00,2020-01-28 22:00:00,0.6599082038888889,159.74582876864275,156.07358148214792,0.340091796111111,186.95317245753165,same_id,interpolated_track_position_nearest_track_point_for_targets,ok,True,True,120200117130,22,2020-01-28 20:00:00,66.25,-8.0,980.73871,19.077,False,False,512,512,Solovieva_diploma_PL_training_images/png/Solovieva_PL_crop_00148_ID_120200117130_step_22.png,Solovieva_diploma_PL_training_images/npy/Solovieva_PL_crop_00148_ID_120200117130_step_22.npy,crop_00148_ID_120200117130_step_22_3d6ef7aca2.png,/content/drive/MyDrive/sentinel3/SLSTR/ml_manual_crops_010526/png/crop_00148_ID_120200117130_step_22_3d6ef7aca2.png,True,S3A_SL_1_RBT____20200128T213839_20200128T214113_20200130T030953_0154_054_186_1080_LN2_O_NT_004,,,,,,crop_00148_ID_120200117130_step_22_3d6ef7aca2.png,148,120200117130,22,120200117130,22,2020-01-28 22:00:00,66.25,-8.0,980.73871,,2020-01-28 21:39:35.669534,67.483937,-9.70338000000001,pred_valid_20260508_1839.csv:rel_vort_850_smth,False,False,lookup_by_new_ID_step,False,True
Solovieva_PL_crop_00149_ID_120200117130_step_23,149,120200117130,23,2020-01-28,23:00:00,2020-01-28 23:00:00,66.25,-8.5,980.78247,18.283,2020-01-28 22:40:34.133721,66.929924,-14.329664000000008,66.25,-8.338074127916656,22.0,23.0,2020-01-28 22:00:00,2020-01-28 23:00:00,0.6761482558333334,275.16304935379503,268.30027523011785,0.3238517441666667,301.0711888871284,same_id,interpolated_track_position_nearest_track_point_for_targets,ok,True,True,120200117130,23,2020-01-28 21:00:00,66.25,-8.5,980.78247,18.283,False,False,512,512,Solovieva_diploma_PL_training_images/png/Solovieva_PL_crop_00149_ID_120200117130_step_23.png,Solovieva_diploma_PL_training_images/npy/Solovieva_PL_crop_00149_ID_120200117130_step_23.npy,crop_00149_ID_120200117130_step_23_b7040caa81.png,/content/drive/MyDrive/sentinel3/SLSTR/ml_manual_crops_010526/png/crop_00149_ID_120200117130_step_23_b7040caa81.png,True,S3B_SL_1_RBT____20200128T223937_20200128T224237_20200824T003646_0180_035_044_1080_LR1_R_NT_004,,,,,,crop_00149_ID_120200117130_step_23_b7040caa81.png,149,120200117130,23,120200117130,23,2020-01-28 23:00:00,66.25,-8.5,980.78247,,2020-01-28 22:40:34.133721,66.929924,-14.329664000000008,pred_valid_20260508_1839.csv:rel_vort_850_smth,False,False,lookup_by_new_ID_step,False,True
Solovieva_PL_crop_00179_ID_120200200550_step_13,179,120200200550,13,2020-02-02,13:00:00,2020-02-02 13:00:00,61.25,-39.25,985.26495,20.044,2020-02-02 12:59:18.163334,59.542813,-34.08770799999999,61.25290532402778,-39.25290532402778,12.0,13.0,2020-02-02 12:00:00,2020-02-02 13:00:00,0.9883787038888888,341.3907679618705,341.08931386353515,0.0116212961111111,342.32047165075943,same_id,interpolated_track_position_nearest_track_point_for_targets,warning_distance,True,True,120200200550,13,2020-02-02 07:00:00,61.25,-39.25,985.26495,20.044,False,False,512,512,Solovieva_diploma_PL_training_images/png/Solovieva_PL_crop_00179_ID_120200200550_step_13.png,Solovieva_diploma_PL_training_images/npy/Solovieva_PL_crop_00179_ID_120200200550_step_13.npy,crop_00179_ID_120200200550_step_13_b8bcb1e630.png,/content/drive/MyDrive/sentinel3/SLSTR/ml_manual_crops_010526/png/crop_00179_ID_120200200550_step_13_b8bcb1e630.png,True,S3A_SL_1_RBT____20200202T125822_20200202T130122_20200203T200941_0179_054_252_1980_LN2_O_NT_004,,,,,,crop_00179_ID_120200200550_step_13_b8bcb1e630.png,179,120200200550,13,120200200550,13,2020-02-02 13:00:00,61.25,-39.25,985.26495,,2020-02-02 12:59:18.163334,59.542813,-34.08770799999999,оставлено прежнее значение,False,False,lookup_by_new_ID_step,False,True
Solovieva_PL_crop_00183_ID_120200200570_step_18,183,120200200570,18,2020-02-02,18:00:00,2020-02-02 18:00:00,72.5,22.5,970.03876,25.180000000000003,2020-02-02 17:50:15.901689,73.449677,23.037766000000005,72.5,22.41887523458334,17.0,18.0,2020-02-02 17:00:00,2020-02-02 18:00:00,0.8377504691666666,107.5029501684766,107.03972026047369,0.1622495308333333,120.48291263514324,same_id,interpolated_track_position_nearest_track_point_for_targets,ok,True,True,120200200570,18,2020-02-02 13:00:00,72.5,22.5,970.03876,25.180000000000003,False,False,512,512,Solovieva_diploma_PL_training_images/png/Solovieva_PL_crop_00183_ID_120200200570_step_18.png,Solovieva_diploma_PL_training_images/npy/Solovieva_PL_crop_00183_ID_120200200570_step_18.npy,crop_00183_ID_120200200570_step_18_531dd425ba.png,/content/drive/MyDrive/sentinel3/SLSTR/ml_manual_crops_010526/png/crop_00183_ID_120200200570_step_18_531dd425ba.png,True,S3A_SL_1_RBT____20200202T174919_20200202T175219_20200204T141706_0179_054_255_1260_LN2_O_NT_004,,,,,,crop_00183_ID_120200200570_step_18_531dd425ba.png,183,120200200570,18,120200200570,18,2020-02-02 18:00:00,72.5,22.5,970.03876,,2020-02-02 17:50:15.901689,73.449677,23.037766000000005,оставлено прежнее значение,False,False,lookup_by_new_ID_step,False,True
Solovieva_PL_crop_00189_ID_120200201310_step_14,189,120200201310,14,2020-02-03,14:00:00,2020-02-03 14:00:00,63.25,-29.25,995.21246,26.946,2020-02-03 13:33:00.622637,63.193744,-31.018836,63.36245676131944,-29.25,13.0,14.0,2020-02-03 13:00:00,2020-02-03 14:00:00,0.5501729547222223,90.40635249233208,88.83176095990027,0.4498270452777778,126.39251611455433,same_id,interpolated_track_position_nearest_track_point_for_targets,ok,True,True,120200201310,14,2020-02-03 12:00:00,63.25,-29.25,995.21246,26.946,False,False,512,512,Solovieva_diploma_PL_training_images/png/Solovieva_PL_crop_00189_ID_120200201310_step_14.png,Solovieva_diploma_PL_training_images/npy/Solovieva_PL_crop_00189_ID_120200201310_step_14.npy,crop_00189_ID_120200201310_step_14_f82001808a.png,/content/drive/MyDrive/sentinel3/SLSTR/ml_manual_crops_010526/png/crop_00189_ID_120200201310_step_14_f82001808a.png,True,S3B_SL_1_RBT____20200203T133034_20200203T133334_20200812T154504_0179_035_124_1800_LR1_R_NT_004,,,,,,crop_00189_ID_120200201310_step_14_f82001808a.png,189,120200201310,14,120200201310,14,2020-02-03 14:00:00,63.25,-29.25,995.21246,,2020-02-03 13:33:00.622637,63.193744,-31.018836,pred_valid_20260508_1839.csv:rel_vort_850_smth,False,False,lookup_by_new_ID_step,False,True
Solovieva_PL_crop_00211_ID_120200202620_step_18,211,120200202620,18,2020-02-05,18:00:00,2020-02-05 18:00:00,74.25,28.0,976.30371,29.270000000000003,2020-02-05 17:33:12.481573,73.69148299999999,26.24769800000001,74.13836677590278,28.558166120486103,17.0,18.0,2020-02-05 17:00:00,2020-02-05 18:00:00,0.5534671036111111,86.8009272311774,82.16211408709756,0.4465328963888889,122.5235589422885,same_id,interpolated_track_position_nearest_track_point_for_targets,ok,True,True,120200202620,18,2020-02-05 10:00:00,74.25,28.0,976.30371,29.270000000000003,False,False,512,512,Solovieva_diploma_PL_training_images/png/Solovieva_PL_crop_00211_ID_120200202620_step_18.png,Solovieva_diploma_PL_training_images/npy/Solovieva_PL_crop_00211_ID_120200202620_step_18.npy,crop_00211_ID_120200202620_step_18_13495d4a73.png,/content/drive/MyDrive/sentinel3/SLSTR/ml_manual_crops_010526/png/crop_00211_ID_120200202620_step_18_13495d4a73.png,True,S3B_SL_1_RBT____20200205T173210_20200205T173510_20200812T162703_0179_035_155_1260_LR1_R_NT_004,,,,,,crop_00211_ID_120200202620_step_18_13495d4a73.png,211,120200202620,18,120200202620,18,2020-02-05 18:00:00,74.25,28.0,976.30371,,2020-02-05 17:33:12.481573,73.69148299999999,26.24769800000001,оставлено прежнее значение,False,False,lookup_by_new_ID_step,False,True
Solovieva_PL_crop_00213_ID_120200202620_step_19,213,120200202620,19,2020-02-05,19:00:00,2020-02-05 19:00:00,74.5,27.25,976.89246,31.719,2020-02-05 19:12:47.976166,72.285119,27.47798800000001,74.5,27.19666832180556,19.0,20.0,2020-02-05 19:00:00,2020-02-05 20:00:00,0.2133267127777778,246.44505641618687,246.38963036876004,0.2133267127777778,263.5111934384091,same_id,interpolated_track_position_nearest_track_point_for_targets,ok,True,True,120200202620,19,2020-02-05 11:00:00,74.5,27.25,976.89246,31.719,False,False,512,512,Solovieva_diploma_PL_training_images/png/Solovieva_PL_crop_00213_ID_120200202620_step_19.png,Solovieva_diploma_PL_training_images/npy/Solovieva_PL_crop_00213_ID_120200202620_step_19.npy,crop_00213_ID_120200202620_step_19_2d926a68b1.png,/content/drive/MyDrive/sentinel3/SLSTR/ml_manual_crops_010526/png/crop_00213_ID_120200202620_step_19_2d926a68b1.png,True,S3B_SL_1_RBT____20200205T191009_20200205T191309_20200207T003126_0179_035_156_1080_LN2_O_NT_004,,,,,,crop_00213_ID_120200202620_step_19_2d926a68b1.png,213,120200202620,19,120200202620,19,2020-02-05 19:00:00,74.5,27.25,976.89246,,2020-02-05 19:12:47.976166,72.285119,27.47798800000001,оставлено прежнее значение,False,False,lookup_by_new_ID_step,False,True
Solovieva_PL_crop_00202_ID_120200202690_step_11,202,120200202690,11,2020-02-05,11:00:00,2020-02-05 11:00:00,75.75,31.0,981.82434,23.549,2020-02-05 10:55:56.200478,74.500477,28.153671000000003,75.73306947763889,31.0,10.0,11.0,2020-02-05 10:00:00,2020-02-05 11:00:00,0.9322779105555556,159.31413789597357,160.91281765722636,0.0677220894444444,164.73190505152914,same_id,interpolated_track_position_nearest_track_point_for_targets,ok,True,True,120200202690,11,2020-02-05 05:00:00,75.75,31.0,981.82434,23.549,False,False,512,512,Solovieva_diploma_PL_training_images/png/Solovieva_PL_crop_00202_ID_120200202690_step_11.png,Solovieva_diploma_PL_training_images/npy/Solovieva_PL_crop_00202_ID_120200202690_step_11.npy,crop_00202_ID_120200202690_step_11_1f7f5c4acf.png,/content/drive/MyDrive/sentinel3/SLSTR/ml_manual_crops_010526/png/crop_00202_ID_120200202690_step_11_1f7f5c4acf.png,True,S3B_SL_1_RBT____20200205T105413_20200205T105713_20200812T162253_0179_035_151_1620_LR1_R_NT_004,,,,,,crop_00202_ID_120200202690_step_11_1f7f5c4acf.png,202,120200202690,11,120200202690,11,2020-02-05 11:00:00,75.75,31.0,981.82434,,2020-02-05 10:55:56.200478,74.500477,28.153671000000003,оставлено прежнее значение,False,False,lookup_by_new_ID_step,False,True
Solovieva_PL_crop_00214_ID_120200202700_step_19,214,120200202700,19,2020-02-05,19:00:00,2020-02-05 19:00:00,74.0,14.75,988.57373,26.369000000000003,2020-02-05 19:12:48.276164,72.37027599999999,28.182699000000014,73.89329497722223,14.963410045555548,19.0,20.0,2020-02-05 19:00:00,2020-02-05 20:00:00,0.2134100455555555,457.7216728439949,467.2557497699938,0.2134100455555555,474.7944764884393,same_id,interpolated_track_position_nearest_track_point_for_targets,warning_distance,True,True,120200202700,19,2020-02-05 13:00:00,74.0,14.75,988.57373,26.369000000000003,False,False,512,512,Solovieva_diploma_PL_training_images/png/Solovieva_PL_crop_00214_ID_120200202700_step_19.png,Solovieva_diploma_PL_training_images/npy/Solovieva_PL_crop_00214_ID_120200202700_step_19.npy,crop_00214_ID_120200202700_step_19_7e0bf8fef8.png,/content/drive/MyDrive/sentinel3/SLSTR/ml_manual_crops_010526/png/crop_00214_ID_120200202700_step_19_7e0bf8fef8.png,True,S3B_SL_1_RBT____20200205T191009_20200205T191309_20200824T012024_0179_035_156_1080_LR1_R_NT_004,,,,,,crop_00214_ID_120200202700_step_19_7e0bf8fef8.png,214,120200202700,19,120200202700,19,2020-02-05 19:00:00,74.0,14.75,988.57373,,2020-02-05 19:12:48.276164,72.37027599999999,28.182699000000014,оставлено прежнее значение,False,False,lookup_by_new_ID_step,False,True
Solovieva_PL_crop_00208_ID_120200202710_step_15,208,120200202710,16,2020-02-05,16:00:00,2020-02-05 16:00:00,74.0,42.0,978.83435,31.551,2020-02-05 15:52:32.789122,74.567015,48.570131,74.0,42.03105631097222,15.0,16.0,2020-02-05 15:00:00,2020-02-05 16:00:00,0.8757747561111111,206.67961825686788,207.569156911678,0.1242252438888888,216.617637767979,same_id,interpolated_track_position_nearest_track_point_for_targets,ok,True,True,120200202710,15,2020-02-05 11:00:00,74.0,42.25,979.5412,32.297,False,True,512,512,Solovieva_diploma_PL_training_images/png/Solovieva_PL_crop_00208_ID_120200202710_step_15.png,Solovieva_diploma_PL_training_images/npy/Solovieva_PL_crop_00208_ID_120200202710_step_15.npy,crop_00208_ID_120200202710_step_15_27322279f2.png,/content/drive/MyDrive/sentinel3/SLSTR/ml_manual_crops_010526/png/crop_00208_ID_120200202710_step_15_27322279f2.png,True,S3B_SL_1_RBT____20200205T155110_20200205T155410_20200206T211103_0179_035_154_1260_LN2_O_NT_004,,,,,,crop_00208_ID_120200202710_step_15_27322279f2.png,208,120200202710,15,120200202710,16,2020-02-05 16:00:00,74.0,42.0,978.83435,,2020-02-05 15:52:32.789122,74.567015,48.570131,pred_valid_20260508_1839.csv:rel_vort_850_smth,True,False,lookup_by_new_ID_step,False,True
Solovieva_PL_crop_00209_ID_120200202710_step_16,209,120200202710,16,2020-02-05,16:00:00,2020-02-05 16:00:00,74.0,42.0,978.83435,31.551,2020-02-05 15:52:33.689092,74.60539399999999,48.42672299999998,74.0,42.030993813055545,15.0,16.0,2020-02-05 15:00:00,2020-02-05 16:00:00,0.8760247477777777,203.72692199346287,204.60577343133852,0.1239752522222222,213.64494217124064,same_id,interpolated_track_position_nearest_track_point_for_targets,ok,True,True,120200202710,16,2020-02-05 12:00:00,74.0,42.0,978.83435,31.551,False,False,512,512,Solovieva_diploma_PL_training_images/png/Solovieva_PL_crop_00209_ID_120200202710_step_16.png,Solovieva_diploma_PL_training_images/npy/Solovieva_PL_crop_00209_ID_120200202710_step_16.npy,crop_00209_ID_120200202710_step_16_43a9b4bfd6.png,/content/drive/MyDrive/sentinel3/SLSTR/ml_manual_crops_010526/png/crop_00209_ID_120200202710_step_16_43a9b4bfd6.png,True,S3B_SL_1_RBT____20200205T155110_20200205T155410_20200812T162759_0179_035_154_1260_LR1_R_NT_004,,,,,,crop_00209_ID_120200202710_step_16_43a9b4bfd6.png,209,120200202710,16,120200202710,16,2020-02-05 16:00:00,74.0,42.0,978.83435,,2020-02-05 15:52:33.689092,74.60539399999999,48.42672299999998,pred_valid_20260508_1839.csv:rel_vort_850_smth,False,False,lookup_by_new_ID_step,False,True
Solovieva_PL_crop_00210_ID_120200202710_step_17,210,120200202710,18,2020-02-05,18:00:00,2020-02-05 18:00:00,74.25,42.25,977.39563,34.165,2020-02-05 17:31:49.084468,71.419099,45.20789099999999,74.25,42.25,17.0,18.0,2020-02-05 17:00:00,2020-02-05 18:00:00,0.5303012411111111,329.31142613809243,329.31142613809243,0.4696987588888889,366.88732684920353,same_id,interpolated_track_position_nearest_track_point_for_targets,warning_distance,True,True,120200202710,17,2020-02-05 13:00:00,74.25,42.25,978.19745,33.344,False,True,512,512,Solovieva_diploma_PL_training_images/png/Solovieva_PL_crop_00210_ID_120200202710_step_17.png,Solovieva_diploma_PL_training_images/npy/Solovieva_PL_crop_00210_ID_120200202710_step_17.npy,crop_00210_ID_120200202710_step_17_d70fac5731.png,/content/drive/MyDrive/sentinel3/SLSTR/ml_manual_crops_010526/png/crop_00210_ID_120200202710_step_17_d70fac5731.png,True,S3B_SL_1_RBT____20200205T172910_20200205T173210_20200206T225626_0179_035_155_1080_LN2_O_NT_004,,,,,,crop_00210_ID_120200202710_step_17_d70fac5731.png,210,120200202710,17,120200202710,18,2020-02-05 18:00:00,74.25,42.25,977.39563,,2020-02-05 17:31:49.084468,71.419099,45.20789099999999,pred_valid_20260508_1839.csv:rel_vort_850_smth,True,False,lookup_by_new_ID_step,False,True
Solovieva_PL_crop_00212_ID_120200202710_step_18,212,120200202710,18,2020-02-05,18:00:00,2020-02-05 18:00:00,74.25,42.25,977.39563,34.165,2020-02-05 17:33:13.681529,73.806159,26.292069999999995,74.25,42.25,17.0,18.0,2020-02-05 17:00:00,2020-02-05 18:00:00,0.5538004247222222,489.2577081971762,489.2577081971762,0.4461995752777778,524.9536742193984,same_id,interpolated_track_position_nearest_track_point_for_targets,warning_distance,True,True,120200202710,18,2020-02-05 14:00:00,74.25,42.25,977.39563,34.165,False,False,512,512,Solovieva_diploma_PL_training_images/png/Solovieva_PL_crop_00212_ID_120200202710_step_18.png,Solovieva_diploma_PL_training_images/npy/Solovieva_PL_crop_00212_ID_120200202710_step_18.npy,crop_00212_ID_120200202710_step_18_b00b90997f.png,/content/drive/MyDrive/sentinel3/SLSTR/ml_manual_crops_010526/png/crop_00212_ID_120200202710_step_18_b00b90997f.png,True,S3B_SL_1_RBT____20200205T173210_20200205T173510_20200206T225545_0179_035_155_1260_LN2_O_NT_004,,,,,,crop_00212_ID_120200202710_step_18_b00b90997f.png,212,120200202710,18,120200202710,18,2020-02-05 18:00:00,74.25,42.25,977.39563,,2020-02-05 17:33:13.681529,73.806159,26.292069999999995,pred_valid_20260508_1839.csv:rel_vort_850_smth,False,False,lookup_by_new_ID_step,False,True
Solovieva_PL_crop_00224_ID_120200203710_step_1,224,120200204200,0,2020-02-06,00:00:00,2020-02-06 00:00:00,58.0,-54.5,976.3006,19.655,2020-02-06 00:11:53.359049,57.389315,-49.623153,57.950461177152775,-54.40092235430555,0.0,1.0,2020-02-06 00:00:00,2020-02-06 01:00:00,0.1981552913888888,290.82208728063887,297.5885074624417,0.1981552913888889,306.67451059175,global,interpolated_track_position_nearest_track_point_for_targets,ok,True,True,120200203710,1,2020-02-06 03:00:00,52.0,-46.25,983.01685,17.894000000000002,True,True,512,512,Solovieva_diploma_PL_training_images/png/Solovieva_PL_crop_00224_ID_120200203710_step_1.png,Solovieva_diploma_PL_training_images/npy/Solovieva_PL_crop_00224_ID_120200203710_step_1.npy,crop_00224_ID_120200203710_step_1_037fdbb48f.png,/content/drive/MyDrive/sentinel3/SLSTR/ml_manual_crops_010526/png/crop_00224_ID_120200203710_step_1_037fdbb48f.png,True,S3B_SL_1_RBT____20200206T001006_20200206T001306_20200207T044258_0179_035_159_0900_LN2_O_NT_004,,,,,,crop_00224_ID_120200203710_step_1_037fdbb48f.png,224,120200203710,1,120200204200,0,2020-02-06 00:00:00,58.0,-54.5,976.3006,,2020-02-06 00:11:53.359049,57.389315,-49.623153,pred_valid_20260508_1839.csv:rel_vort_850_smth,True,False,lookup_by_new_ID_step,False,True
Solovieva_PL_crop_00222_ID_120200204200_step_0,222,120200204200,0,2020-02-06,00:00:00,2020-02-06 00:00:00,58.0,-54.5,976.3006,19.655,2020-02-06 00:11:52.759065,57.163382,-50.470302,57.95050284270833,-54.40100568541666,0.0,1.0,2020-02-06 00:00:00,2020-02-06 01:00:00,0.1979886291666666,250.2309979086136,257.54979344838176,0.1979886291666666,266.0700882419469,same_id,interpolated_track_position_nearest_track_point_for_targets,ok,True,True,120200204200,0,2020-02-06 16:00:00,58.0,-54.5,976.3006,19.655,False,False,512,512,Solovieva_diploma_PL_training_images/png/Solovieva_PL_crop_00222_ID_120200204200_step_0.png,Solovieva_diploma_PL_training_images/npy/Solovieva_PL_crop_00222_ID_120200204200_step_0.npy,crop_00222_ID_120200204200_step_0_23823702cc.png,/content/drive/MyDrive/sentinel3/SLSTR/ml_manual_crops_010526/png/crop_00222_ID_120200204200_step_0_23823702cc.png,True,S3B_SL_1_RBT____20200206T001006_20200206T001306_20200812T163159_0179_035_159_0900_LR1_R_NT_004,,,,,,crop_00222_ID_120200204200_step_0_23823702cc.png,222,120200204200,0,120200204200,0,2020-02-06 00:00:00,58.0,-54.5,976.3006,,2020-02-06 00:11:52.759065,57.163382,-50.470302,pred_valid_20260508_1839.csv:rel_vort_850_smth,False,False,lookup_by_new_ID_step,False,True
Solovieva_PL_crop_00241_ID_120200206610_step_14,241,120200206610,14,2020-02-10,14:00:00,2020-02-10 14:00:00,64.5,-37.25,979.0506,17.749000000000002,2020-02-10 13:51:28.368386,64.444234,-36.99354399999999,64.5,-37.28552997319446,13.0,14.0,2020-02-10 13:00:00,2020-02-10 14:00:00,0.8578801072222222,15.30429721434075,13.765033660512934,0.1421198927777777,26.67388863656297,same_id,interpolated_track_position_nearest_track_point_for_targets,ok,True,True,120200206610,14,2020-02-10 15:00:00,64.5,-37.25,979.0506,17.749000000000002,False,False,512,512,Solovieva_diploma_PL_training_images/png/Solovieva_PL_crop_00241_ID_120200206610_step_14.png,Solovieva_diploma_PL_training_images/npy/Solovieva_PL_crop_00241_ID_120200206610_step_14.npy,crop_00241_ID_120200206610_step_14_3a5160146a.png,/content/drive/MyDrive/sentinel3/SLSTR/ml_manual_crops_010526/png/crop_00241_ID_120200206610_step_14_3a5160146a.png,True,S3B_SL_1_RBT____20200210T134917_20200210T135217_20200211T193716_0179_035_224_1800_LN2_O_NT_004,,,,,,crop_00241_ID_120200206610_step_14_3a5160146a.png,241,120200206610,14,120200206610,14,2020-02-10 14:00:00,64.5,-37.25,979.0506,,2020-02-10 13:51:28.368386,64.444234,-36.99354399999999,pred_valid_20260508_1839.csv:rel_vort_850_smth,False,False,lookup_by_new_ID_step,False,True
Solovieva_PL_crop_00263_ID_120200207780_step_12,263,120200207780,12,2020-02-12,12:00:00,2020-02-12 12:00:00,64.75,1.75,979.11249,21.146,2020-02-12 11:56:39.591727,67.333451,-1.9240599999999968,64.76391724118055,1.7360827588194354,11.0,12.0,2020-02-12 11:00:00,2020-02-12 12:00:00,0.9443310352777776,329.9267649731412,331.6020515766768,0.0556689647222222,334.38028215091896,same_id,interpolated_track_position_nearest_track_point_for_targets,warning_distance,True,True,120200207780,12,2020-02-12 13:00:00,64.75,1.75,979.11249,21.146,False,False,512,512,Solovieva_diploma_PL_training_images/png/Solovieva_PL_crop_00263_ID_120200207780_step_12.png,Solovieva_diploma_PL_training_images/npy/Solovieva_PL_crop_00263_ID_120200207780_step_12.npy,crop_00263_ID_120200207780_step_12_f0d2661ebd.png,/content/drive/MyDrive/sentinel3/SLSTR/ml_manual_crops_010526/png/crop_00263_ID_120200207780_step_12_f0d2661ebd.png,True,S3A_SL_1_RBT____20200212T115531_20200212T115831_20200213T164943_0179_055_009_1800_LN2_O_NT_004,,,,,,crop_00263_ID_120200207780_step_12_f0d2661ebd.png,263,120200207780,12,120200207780,12,2020-02-12 12:00:00,64.75,1.75,979.11249,,2020-02-12 11:56:39.591727,67.333451,-1.9240599999999968,оставлено прежнее значение,False,False,lookup_by_new_ID_step,False,True
Solovieva_PL_crop_00265_ID_120200207810_step_19,265,120200207810,19,2020-02-12,19:00:00,2020-02-12 19:00:00,70.25,-5.5,984.78308,18.744,2020-02-12 19:32:48.710621,73.419663,-2.7214989999999943,70.25,-5.5,19.0,19.0,2020-02-12 19:00:00,2020-02-12 19:00:00,0.0,365.2789755988733,365.2789755988733,0.5468640613888889,409.0281005099844,same_id,nearest_track_point,warning_distance,True,True,120200207810,19,2020-02-12 21:00:00,70.25,-5.5,984.78308,18.744,False,False,512,512,Solovieva_diploma_PL_training_images/png/Solovieva_PL_crop_00265_ID_120200207810_step_19.png,Solovieva_diploma_PL_training_images/npy/Solovieva_PL_crop_00265_ID_120200207810_step_19.npy,crop_00265_ID_120200207810_step_19_6997fc9577.png,/content/drive/MyDrive/sentinel3/SLSTR/ml_manual_crops_010526/png/crop_00265_ID_120200207810_step_19_6997fc9577.png,True,S3B_SL_1_RBT____20200212T193152_20200212T193452_20200214T005619_0180_035_256_1260_LN2_O_NT_004,,,,,,crop_00265_ID_120200207810_step_19_6997fc9577.png,265,120200207810,19,120200207810,19,2020-02-12 19:00:00,70.25,-5.5,984.78308,,2020-02-12 19:32:48.710621,73.419663,-2.7214989999999943,оставлено прежнее значение,False,False,lookup_by_new_ID_step,False,True
Solovieva_PL_crop_00278_ID_120200208210_step_14,278,120200208210,14,2020-02-13,14:00:00,2020-02-13 14:00:00,61.0,-60.0,978.38995,51.881,2020-02-13 14:15:40.088659,60.413697,-61.38222999999999,61.0,-60.0,14.0,15.0,2020-02-13 14:00:00,2020-02-13 15:00:00,0.2611357386111111,99.52208448492084,99.52208448492084,0.2611357386111111,120.41294357380971,same_id,interpolated_track_position_nearest_track_point_for_targets,ok,True,True,120200208210,14,2020-02-13 04:00:00,61.0,-60.0,978.38995,51.881,False,False,512,512,Solovieva_diploma_PL_training_images/png/Solovieva_PL_crop_00278_ID_120200208210_step_14.png,Solovieva_diploma_PL_training_images/npy/Solovieva_PL_crop_00278_ID_120200208210_step_14.npy,crop_00278_ID_120200208210_step_14_ff906272fc.png,/content/drive/MyDrive/sentinel3/SLSTR/ml_manual_crops_010526/png/crop_00278_ID_120200208210_step_14_ff906272fc.png,True,S3B_SL_1_RBT____20200213T141444_20200213T141744_20200214T192645_0179_035_267_1980_LN2_O_NT_004,,,,,,crop_00278_ID_120200208210_step_14_ff906272fc.png,278,120200208210,14,120200208210,14,2020-02-13 14:00:00,61.0,-60.0,978.38995,,2020-02-13 14:15:40.088659,60.413697,-61.38222999999999,оставлено прежнее значение,False,False,lookup_by_new_ID_step,False,True
Solovieva_PL_crop_00279_ID_120200208210_step_15,279,120200208210,15,2020-02-13,15:00:00,2020-02-13 15:00:00,61.0,-60.0,977.20245,49.342,2020-02-13 14:55:14.932742,59.346805,-61.76865799999999,61.0,-60.0,14.0,15.0,2020-02-13 14:00:00,2020-02-13 15:00:00,0.9208146505555556,208.21430661618743,208.21430661618743,0.0791853494444444,214.549134571743,same_id,interpolated_track_position_nearest_track_point_for_targets,ok,True,True,120200208210,15,2020-02-13 05:00:00,61.0,-60.0,977.20245,49.342,False,False,512,512,Solovieva_diploma_PL_training_images/png/Solovieva_PL_crop_00279_ID_120200208210_step_15.png,Solovieva_diploma_PL_training_images/npy/Solovieva_PL_crop_00279_ID_120200208210_step_15.npy,crop_00279_ID_120200208210_step_15_c93f2125ad.png,/content/drive/MyDrive/sentinel3/SLSTR/ml_manual_crops_010526/png/crop_00279_ID_120200208210_step_15_c93f2125ad.png,True,S3A_SL_1_RBT____20200213T145418_20200213T145718_20200214T192602_0179_055_025_1980_LN2_O_NT_004,,,,,,crop_00279_ID_120200208210_step_15_c93f2125ad.png,279,120200208210,15,120200208210,15,2020-02-13 15:00:00,61.0,-60.0,977.20245,,2020-02-13 14:55:14.932742,59.346805,-61.76865799999999,оставлено прежнее значение,False,False,lookup_by_new_ID_step,False,True
Solovieva_PL_crop_00282_ID_120200208210_step_25,282,120200208210,25,2020-02-14,01:00:00,2020-02-14 01:00:00,60.75,-61.0,972.25562,43.173,2020-02-14 00:44:51.182242,60.040626,-60.601575,60.75,-61.0,24.0,25.0,2020-02-14 00:00:00,2020-02-14 01:00:00,0.7475506227777777,81.8584378091275,81.8584378091275,0.2524493772222222,102.05438798690528,same_id,interpolated_track_position_nearest_track_point_for_targets,ok,True,True,120200208210,25,2020-02-13 15:00:00,60.75,-61.0,972.25562,43.173,False,False,512,512,Solovieva_diploma_PL_training_images/png/Solovieva_PL_crop_00282_ID_120200208210_step_25.png,Solovieva_diploma_PL_training_images/npy/Solovieva_PL_crop_00282_ID_120200208210_step_25.npy,crop_00282_ID_120200208210_step_25_c6b88e60ae.png,/content/drive/MyDrive/sentinel3/SLSTR/ml_manual_crops_010526/png/crop_00282_ID_120200208210_step_25_c6b88e60ae.png,True,S3A_SL_1_RBT____20200214T004214_20200214T004514_20200215T041306_0179_055_031_0900_LN2_O_NT_004,,,,,,crop_00282_ID_120200208210_step_25_c6b88e60ae.png,282,120200208210,25,120200208210,25,2020-02-14 01:00:00,60.75,-61.0,972.25562,,2020-02-14 00:44:51.182242,60.040626,-60.601575,оставлено прежнее значение,False,False,lookup_by_new_ID_step,False,True
Solovieva_PL_crop_00283_ID_120200208210_step_26,283,120200208210,26,2020-02-14,02:00:00,2020-02-14 02:00:00,60.75,-61.25,971.6181,44.435,2020-02-14 01:45:32.062899,59.650576,-60.181532,60.75,-61.18972659020832,25.0,26.0,2020-02-14 01:00:00,2020-02-14 02:00:00,0.7589063608333333,134.34322547939902,135.75785207692482,0.2410936391666666,153.63071661273236,same_id,interpolated_track_position_nearest_track_point_for_targets,ok,True,True,120200208210,26,2020-02-13 16:00:00,60.75,-61.25,971.6181,44.435,False,False,512,512,Solovieva_diploma_PL_training_images/png/Solovieva_PL_crop_00283_ID_120200208210_step_26.png,Solovieva_diploma_PL_training_images/npy/Solovieva_PL_crop_00283_ID_120200208210_step_26.npy,crop_00283_ID_120200208210_step_26_e6b0a5e644.png,/content/drive/MyDrive/sentinel3/SLSTR/ml_manual_crops_010526/png/crop_00283_ID_120200208210_step_26_e6b0a5e644.png,True,S3B_SL_1_RBT____20200214T014338_20200214T014638_20200812T191649_0179_035_274_0900_LR1_R_NT_004,,,,,,crop_00283_ID_120200208210_step_26_e6b0a5e644.png,283,120200208210,26,120200208210,26,2020-02-14 02:00:00,60.75,-61.25,971.6181,,2020-02-14 01:45:32.062899,59.650576,-60.181532,оставлено прежнее значение,False,False,lookup_by_new_ID_step,False,True
Solovieva_PL_crop_00275_ID_120200208260_step_11,275,120200208260,11,2020-02-13,11:00:00,2020-02-13 11:00:00,61.5,-12.0,994.49188,22.216,2020-02-13 10:53:41.706032,60.361445,-10.248424,61.5,-12.0,10.0,11.0,2020-02-13 10:00:00,2020-02-13 11:00:00,0.8949183422222222,158.04807699274556,158.04807699274556,0.1050816577777777,166.45460961496778,same_id,interpolated_track_position_nearest_track_point_for_targets,ok,True,True,120200208260,11,2020-02-13 03:00:00,61.5,-12.0,994.49188,22.216,False,False,512,512,Solovieva_diploma_PL_training_images/png/Solovieva_PL_crop_00275_ID_120200208260_step_11.png,Solovieva_diploma_PL_training_images/npy/Solovieva_PL_crop_00275_ID_120200208260_step_11.npy,crop_00275_ID_120200208260_step_11_b2e7a14894.png,/content/drive/MyDrive/sentinel3/SLSTR/ml_manual_crops_010526/png/crop_00275_ID_120200208260_step_11_b2e7a14894.png,True,S3B_SL_1_RBT____20200213T105245_20200213T105545_20200812T190501_0179_035_265_1980_LR1_R_NT_004,,,,,,crop_00275_ID_120200208260_step_11_b2e7a14894.png,275,120200208260,11,120200208260,11,2020-02-13 11:00:00,61.5,-12.0,994.49188,,2020-02-13 10:53:41.706032,60.361445,-10.248424,оставлено прежнее значение,False,False,lookup_by_new_ID_step,False,True
Solovieva_PL_crop_00276_ID_120200208260_step_12,276,120200208260,12,2020-02-13,12:00:00,2020-02-13 12:00:00,61.5,-12.0,994.58496,21.957,2020-02-13 11:33:16.663983,59.351605,-11.287056000000009,61.5,-12.0,11.0,12.0,2020-02-13 11:00:00,2020-02-13 12:00:00,0.5546288841666667,242.06972840737288,242.06972840737288,0.4453711158333333,277.6994176740395,same_id,interpolated_track_position_nearest_track_point_for_targets,ok,True,True,120200208260,12,2020-02-13 04:00:00,61.5,-12.0,994.58496,21.957,False,False,512,512,Solovieva_diploma_PL_training_images/png/Solovieva_PL_crop_00276_ID_120200208260_step_12.png,Solovieva_diploma_PL_training_images/npy/Solovieva_PL_crop_00276_ID_120200208260_step_12.npy,crop_00276_ID_120200208260_step_12_71653084e1.png,/content/drive/MyDrive/sentinel3/SLSTR/ml_manual_crops_010526/png/crop_00276_ID_120200208260_step_12_71653084e1.png,True,S3A_SL_1_RBT____20200213T113220_20200213T113520_20200214T160446_0179_055_023_1980_LN2_O_NT_004,,,,,,crop_00276_ID_120200208260_step_12_71653084e1.png,276,120200208260,12,120200208260,12,2020-02-13 12:00:00,61.5,-12.0,994.58496,,2020-02-13 11:33:16.663983,59.351605,-11.287056000000009,оставлено прежнее значение,False,False,lookup_by_new_ID_step,False,True
Solovieva_PL_crop_00274_ID_120200208400_step_10,274,120200208400,10,2020-02-13,10:00:00,2020-02-13 10:00:00,62.25,-18.0,998.2962,15.317999999999998,2020-02-13 10:53:42.306015,60.330734,-10.247064999999992,62.25,-18.0,10.0,10.0,2020-02-13 10:00:00,2020-02-13 10:00:00,0.0,465.4718926680919,465.4718926680919,0.8950850041666667,537.0786930014252,same_id,nearest_track_point,warning_distance,True,True,120200208400,10,2020-02-13 08:00:00,62.25,-18.0,998.2962,15.317999999999998,False,False,512,512,Solovieva_diploma_PL_training_images/png/Solovieva_PL_crop_00274_ID_120200208400_step_10.png,Solovieva_diploma_PL_training_images/npy/Solovieva_PL_crop_00274_ID_120200208400_step_10.npy,crop_00274_ID_120200208400_step_10_109a7febc2.png,/content/drive/MyDrive/sentinel3/SLSTR/ml_manual_crops_010526/png/crop_00274_ID_120200208400_step_10_109a7febc2.png,True,S3B_SL_1_RBT____20200213T105245_20200213T105545_20200214T155904_0179_035_265_1980_LN2_O_NT_004,,,,,,crop_00274_ID_120200208400_step_10_109a7febc2.png,274,120200208400,10,120200208400,10,2020-02-13 10:00:00,62.25,-18.0,998.2962,,2020-02-13 10:53:42.306015,60.330734,-10.247064999999992,оставлено прежнее значение,False,False,lookup_by_new_ID_step,False,True
Solovieva_PL_crop_00271_ID_120200208740_step_0,271,120200208740,1,2020-02-13,01:00:00,2020-02-13 01:00:00,56.0,-59.75,983.62622,20.606,2020-02-13 00:31:28.893165,60.11602,-57.48424,55.88117313645834,-59.51234627291666,0.0,1.0,2020-02-13 00:00:00,2020-02-13 01:00:00,0.5246925458333334,485.7629547311224,476.623475284335,0.4753074541666667,523.7875510644557,same_id,interpolated_track_position_nearest_track_point_for_targets,warning_distance,True,True,120200208740,0,2020-02-13 09:00:00,55.75,-59.25,985.76245,18.851,False,True,512,512,Solovieva_diploma_PL_training_images/png/Solovieva_PL_crop_00271_ID_120200208740_step_0.png,Solovieva_diploma_PL_training_images/npy/Solovieva_PL_crop_00271_ID_120200208740_step_0.npy,crop_00271_ID_120200208740_step_0_04b257fb1b.png,/content/drive/MyDrive/sentinel3/SLSTR/ml_manual_crops_010526/png/crop_00271_ID_120200208740_step_0_04b257fb1b.png,True,S3B_SL_1_RBT____20200213T002850_20200213T003150_20200214T045516_0179_035_259_0900_LN2_O_NT_004,,,,,,crop_00271_ID_120200208740_step_0_04b257fb1b.png,271,120200208740,0,120200208740,1,2020-02-13 01:00:00,56.0,-59.75,983.62622,,2020-02-13 00:31:28.893165,60.11602,-57.48424,оставлено прежнее значение,False,False,lookup_by_new_ID_step,True,True
Solovieva_PL_crop_00286_ID_120200208740_step_15,286,120200208740,15,2020-02-14,15:00:00,2020-02-14 15:00:00,55.75,-55.25,974.78558,34.129,2020-02-14 14:29:35.810325,57.898041,-58.92639,55.734798419375,-55.22973122583333,14.0,15.0,2020-02-13 14:00:00,2020-02-14 15:00:00,0.9797312258333334,329.2635444250552,327.1571145905751,0.5067193541666667,369.8010927583885,same_id,interpolated_track_position_nearest_track_point_for_targets,warning_distance,True,True,120200208740,15,2020-02-14 00:00:00,55.75,-55.25,974.78558,34.129,False,False,512,512,Solovieva_diploma_PL_training_images/png/Solovieva_PL_crop_00286_ID_120200208740_step_15.png,Solovieva_diploma_PL_training_images/npy/Solovieva_PL_crop_00286_ID_120200208740_step_15.npy,crop_00286_ID_120200208740_step_15_da65667c53.png,/content/drive/MyDrive/sentinel3/SLSTR/ml_manual_crops_010526/png/crop_00286_ID_120200208740_step_15_da65667c53.png,True,S3A_SL_1_RBT____20200214T142807_20200214T143107_20200215T202348_0179_055_039_1980_LN2_O_NT_004,,,,,,crop_00286_ID_120200208740_step_15_da65667c53.png,286,120200208740,15,120200208740,15,2020-02-14 15:00:00,55.75,-55.25,974.78558,,2020-02-14 14:29:35.810325,57.898041,-58.92639,оставлено прежнее значение,False,False,lookup_by_new_ID_step,False,True
Solovieva_PL_crop_00284_ID_120200209120_step_13,284,120200209120,13,2020-02-14,13:00:00,2020-02-14 13:00:00,54.75,-45.5,961.9187,22.017,2020-02-14 12:49:43.572997,54.657302,-41.16727399999999,54.79280743076389,-45.58561486152777,12.0,13.0,2020-02-14 12:00:00,2020-02-14 13:00:00,0.8287702769444445,284.07695328519713,278.5199392329718,0.1712297230555555,297.7753311296416,same_id,interpolated_track_position_nearest_track_point_for_targets,ok,True,True,120200209120,13,2020-02-14 15:00:00,54.75,-45.5,961.9187,22.017,False,False,512,512,Solovieva_diploma_PL_training_images/png/Solovieva_PL_crop_00284_ID_120200209120_step_13.png,Solovieva_diploma_PL_training_images/npy/Solovieva_PL_crop_00284_ID_120200209120_step_13.npy,crop_00284_ID_120200209120_step_13_dead2a7070.png,/content/drive/MyDrive/sentinel3/SLSTR/ml_manual_crops_010526/png/crop_00284_ID_120200209120_step_13_dead2a7070.png,True,S3A_SL_1_RBT____20200214T124708_20200214T125008_20200215T194356_0179_055_038_1980_LN2_O_NT_004,,,,,,crop_00284_ID_120200209120_step_13_dead2a7070.png,284,120200209120,13,120200209120,13,2020-02-14 13:00:00,54.75,-45.5,961.9187,,2020-02-14 12:49:43.572997,54.657302,-41.16727399999999,оставлено прежнее значение,False,False,lookup_by_new_ID_step,False,True
Solovieva_PL_crop_00285_ID_120200209120_step_14,285,120200209120,14,2020-02-14,14:00:00,2020-02-14 14:00:00,54.5,-45.25,961.9906,19.482,2020-02-14 13:50:27.862492,55.217406,-42.811676000000006,54.53973177138889,-45.28973177138889,13.0,14.0,2020-02-14 13:00:00,2020-02-14 14:00:00,0.8410729144444444,175.51020874075783,175.25342390674683,0.1589270855555555,188.22437558520227,same_id,interpolated_track_position_nearest_track_point_for_targets,ok,True,True,120200209120,14,2020-02-14 16:00:00,54.5,-45.25,961.9906,19.482,False,False,512,512,Solovieva_diploma_PL_training_images/png/Solovieva_PL_crop_00285_ID_120200209120_step_14.png,Solovieva_diploma_PL_training_images/npy/Solovieva_PL_crop_00285_ID_120200209120_step_14.npy,crop_00285_ID_120200209120_step_14_a8a5595d50.png,/content/drive/MyDrive/sentinel3/SLSTR/ml_manual_crops_010526/png/crop_00285_ID_120200209120_step_14_a8a5595d50.png,True,S3B_SL_1_RBT____20200214T134833_20200214T135133_20200812T193103_0179_035_281_1980_LR1_R_NT_004,,,,,,crop_00285_ID_120200209120_step_14_a8a5595d50.png,285,120200209120,14,120200209120,14,2020-02-14 14:00:00,54.5,-45.25,961.9906,,2020-02-14 13:50:27.862492,55.217406,-42.811676000000006,оставлено прежнее значение,False,False,lookup_by_new_ID_step,False,True
Solovieva_PL_crop_00302_ID_120200211340_step_14,302,120200211340,14,2020-02-18,14:00:00,2020-02-18 14:00:00,57.75,-49.75,998.71436,16.342000000000002,2020-02-18 13:46:33.647199,56.974411,-48.583748000000014,57.75,-49.917990166875,13.0,14.0,2020-02-18 13:00:00,2020-02-18 14:00:00,0.7760131108333334,117.63921977941158,111.03398884827584,0.2239868891666666,135.5581709127449,same_id,interpolated_track_position_nearest_track_point_for_targets,ok,True,True,120200211340,14,2020-02-18 04:00:00,57.75,-49.75,998.71436,16.342000000000002,False,False,512,512,Solovieva_diploma_PL_training_images/png/Solovieva_PL_crop_00302_ID_120200211340_step_14.png,Solovieva_diploma_PL_training_images/npy/Solovieva_PL_crop_00302_ID_120200211340_step_14.npy,crop_00302_ID_120200211340_step_14_fdc584a07f.png,/content/drive/MyDrive/sentinel3/SLSTR/ml_manual_crops_010526/png/crop_00302_ID_120200211340_step_14_fdc584a07f.png,True,S3B_SL_1_RBT____20200218T134449_20200218T134749_20200219T193434_0179_035_338_1980_LN2_O_NT_004,,,,,,crop_00302_ID_120200211340_step_14_fdc584a07f.png,302,120200211340,14,120200211340,14,2020-02-18 14:00:00,57.75,-49.75,998.71436,,2020-02-18 13:46:33.647199,56.974411,-48.583748000000014,оставлено прежнее значение,False,False,lookup_by_new_ID_step,False,True
Solovieva_PL_crop_00303_ID_120200211340_step_15,303,120200211340,14,2020-02-18,14:00:00,2020-02-18 14:00:00,57.75,-49.75,998.71436,16.342000000000002,2020-02-18 14:25:35.652055,57.310524,-48.75678199999999,57.75,-49.43007248854167,14.0,15.0,2020-02-18 14:00:00,2020-02-18 15:00:00,0.4265700152777777,63.27227018924161,76.83228365653724,0.4265700152777777,97.39787141146384,same_id,interpolated_track_position_nearest_track_point_for_targets,ok,True,True,120200211340,15,2020-02-18 05:00:00,57.75,-49.0,998.96686,16.117,False,True,512,512,Solovieva_diploma_PL_training_images/png/Solovieva_PL_crop_00303_ID_120200211340_step_15.png,Solovieva_diploma_PL_training_images/npy/Solovieva_PL_crop_00303_ID_120200211340_step_15.npy,crop_00303_ID_120200211340_step_15_ebd45ca8cd.png,/content/drive/MyDrive/sentinel3/SLSTR/ml_manual_crops_010526/png/crop_00303_ID_120200211340_step_15_ebd45ca8cd.png,True,S3A_SL_1_RBT____20200218T142423_20200218T142723_20200219T192101_0179_055_096_1980_LN2_O_NT_004,,,,,,crop_00303_ID_120200211340_step_15_ebd45ca8cd.png,303,120200211340,15,120200211340,14,2020-02-18 14:00:00,57.75,-49.75,998.71436,,2020-02-18 14:25:35.652055,57.310524,-48.75678199999999,оставлено прежнее значение,False,False,lookup_by_new_ID_step,True,True
Solovieva_PL_crop_00304_ID_120200212110_step_0,304,120200212110,0,2020-02-19,00:00:00,2020-02-19 00:00:00,61.75,-36.5,976.185,18.772,2020-02-19 00:14:28.700812,60.422422,-39.77624800000001,61.75,-36.5,0.0,1.0,2020-02-19 00:00:00,2020-02-19 01:00:00,0.2413057811111111,229.77070158148865,229.77070158148865,0.2413057811111111,249.07516407037755,same_id,interpolated_track_position_nearest_track_point_for_targets,ok,True,True,120200212110,0,2020-02-19 10:00:00,61.75,-36.5,976.185,18.772,False,False,512,512,Solovieva_diploma_PL_training_images/png/Solovieva_PL_crop_00304_ID_120200212110_step_0.png,Solovieva_diploma_PL_training_images/npy/Solovieva_PL_crop_00304_ID_120200212110_step_0.npy,crop_00304_ID_120200212110_step_0_2eb932a1e3.png,/content/drive/MyDrive/sentinel3/SLSTR/ml_manual_crops_010526/png/crop_00304_ID_120200212110_step_0_2eb932a1e3.png,True,S3A_SL_1_RBT____20200219T001218_20200219T001518_20200220T043123_0180_055_102_0900_LN2_O_NT_004,,,,,,crop_00304_ID_120200212110_step_0_2eb932a1e3.png,304,120200212110,0,120200212110,0,2020-02-19 00:00:00,61.75,-36.5,976.185,,2020-02-19 00:14:28.700812,60.422422,-39.77624800000001,оставлено прежнее значение,False,False,lookup_by_new_ID_step,False,True
Solovieva_PL_crop_00330_ID_120200213470_step_20,330,120200213470,20,2020-02-22,20:00:00,2020-02-22 20:00:00,71.5,-1.5,961.3725,17.824,2020-02-22 20:12:05.005857,67.84308899999999,-0.909924999999987,71.44965237104167,-1.6006952579166691,20.0,21.0,2020-02-22 20:00:00,2020-02-22 21:00:00,0.2013905158333333,401.9137279606174,407.2633714559928,0.2013905158333333,418.024969227284,same_id,interpolated_track_position_nearest_track_point_for_targets,warning_distance,True,True,120200213470,20,2020-02-22 08:00:00,71.5,-1.5,961.3725,17.824,False,False,512,512,Solovieva_diploma_PL_training_images/png/Solovieva_PL_crop_00330_ID_120200213470_step_20.png,Solovieva_diploma_PL_training_images/npy/Solovieva_PL_crop_00330_ID_120200213470_step_20.npy,crop_00330_ID_120200213470_step_20_7f0a9b60fd.png,/content/drive/MyDrive/sentinel3/SLSTR/ml_manual_crops_010526/png/crop_00330_ID_120200213470_step_20_7f0a9b60fd.png,True,S3B_SL_1_RBT____20200222T201002_20200222T201302_20200224T005920_0179_036_014_1080_LN2_O_NT_004,,,,,,crop_00330_ID_120200213470_step_20_7f0a9b60fd.png,330,120200213470,20,120200213470,20,2020-02-22 20:00:00,71.5,-1.5,961.3725,,2020-02-22 20:12:05.005857,67.84308899999999,-0.909924999999987,оставлено прежнее значение,False,False,lookup_by_new_ID_step,False,True
Solovieva_PL_crop_00332_ID_120200213470_step_21,332,120200213470,21,2020-02-22,21:00:00,2020-02-22 21:00:00,71.25,-2.0,961.73187,18.982000000000003,2020-02-22 20:51:08.347609,67.73373699999999,-0.5178510000000074,71.28692030493056,-1.9261593901388776,20.0,21.0,2020-02-22 20:00:00,2020-02-22 21:00:00,0.8523187802777777,398.85297763749054,395.2009105152397,0.1476812197222222,410.6674752152683,same_id,interpolated_track_position_nearest_track_point_for_targets,warning_distance,True,True,120200213470,21,2020-02-22 09:00:00,71.25,-2.0,961.73187,18.982000000000003,False,False,512,512,Solovieva_diploma_PL_training_images/png/Solovieva_PL_crop_00332_ID_120200213470_step_21.png,Solovieva_diploma_PL_training_images/npy/Solovieva_PL_crop_00332_ID_120200213470_step_21.npy,crop_00332_ID_120200213470_step_21_af422a734e.png,/content/drive/MyDrive/sentinel3/SLSTR/ml_manual_crops_010526/png/crop_00332_ID_120200213470_step_21_af422a734e.png,True,S3A_SL_1_RBT____20200222T204935_20200222T205235_20200224T024739_0180_055_157_1080_LN2_O_NT_004,,,,,,crop_00332_ID_120200213470_step_21_af422a734e.png,332,120200213470,21,120200213470,21,2020-02-22 21:00:00,71.25,-2.0,961.73187,,2020-02-22 20:51:08.347609,67.73373699999999,-0.5178510000000074,оставлено прежнее значение,False,False,lookup_by_new_ID_step,False,True
Solovieva_PL_crop_00334_ID_120200213470_step_22,334,120200213470,22,2020-02-22,22:00:00,2020-02-22 22:00:00,70.75,-2.25,962.02936,20.124,2020-02-22 21:52:04.498478,67.27471899999999,-2.337984000000006,70.81604187805556,-2.2169790609722213,21.0,22.0,2020-02-22 21:00:00,2020-02-22 22:00:00,0.8679162438888889,393.8063365067316,386.4493983665166,0.1320837561111111,404.3730369956205,same_id,interpolated_track_position_nearest_track_point_for_targets,warning_distance,True,True,120200213470,22,2020-02-22 10:00:00,70.75,-2.25,962.02936,20.124,False,False,512,512,Solovieva_diploma_PL_training_images/png/Solovieva_PL_crop_00334_ID_120200213470_step_22.png,Solovieva_diploma_PL_training_images/npy/Solovieva_PL_crop_00334_ID_120200213470_step_22.npy,crop_00334_ID_120200213470_step_22_36a3f1c380.png,/content/drive/MyDrive/sentinel3/SLSTR/ml_manual_crops_010526/png/crop_00334_ID_120200213470_step_22_36a3f1c380.png,True,S3B_SL_1_RBT____20200222T215102_20200222T215402_20200224T024839_0180_036_015_1080_LN2_O_NT_004,,,,,,crop_00334_ID_120200213470_step_22_36a3f1c380.png,334,120200213470,22,120200213470,22,2020-02-22 22:00:00,70.75,-2.25,962.02936,,2020-02-22 21:52:04.498478,67.27471899999999,-2.337984000000006,оставлено прежнее значение,False,False,lookup_by_new_ID_step,False,True
Solovieva_PL_crop_00343_ID_120200213470_step_34,343,120200214440,10,2020-02-23,10:00:00,2020-02-23 10:00:00,70.0,17.25,970.05188,23.807,2020-02-23 09:50:54.005759,70.154224,16.138413000000014,70.0,17.25,9.0,10.0,2020-02-23 09:00:00,2020-02-23 10:00:00,0.8483349330555555,45.47485326350977,45.47485326350977,0.1516650669444444,57.60805861906533,global,interpolated_track_position_nearest_track_point_for_targets,ok,True,True,120200213470,34,2020-02-22 22:00:00,67.5,-0.75,970.55872,24.02,True,True,512,512,Solovieva_diploma_PL_training_images/png/Solovieva_PL_crop_00343_ID_120200213470_step_34.png,Solovieva_diploma_PL_training_images/npy/Solovieva_PL_crop_00343_ID_120200213470_step_34.npy,crop_00343_ID_120200213470_step_34_c05137395a.png,/content/drive/MyDrive/sentinel3/SLSTR/ml_manual_crops_010526/png/crop_00343_ID_120200213470_step_34_c05137395a.png,True,S3B_SL_1_RBT____20200223T094956_20200223T095256_20200224T154434_0179_036_022_1800_LN2_O_NT_004,,,,,,crop_00343_ID_120200213470_step_34_c05137395a.png,343,120200213470,34,120200214440,10,2020-02-23 10:00:00,70.0,17.25,970.05188,,2020-02-23 09:50:54.005759,70.154224,16.138413000000014,оставлено прежнее значение,False,False,lookup_by_new_ID_step,True,True
Solovieva_PL_crop_00319_ID_120200213490_step_10,319,120200213490,11,2020-02-22,11:00:00,2020-02-22 11:00:00,73.5,14.0,957.55811,19.129,2020-02-22 10:55:18.618537,72.69744299999999,17.637531999999993,73.5,14.039080758750003,10.0,11.0,2020-02-22 10:00:00,2020-02-22 11:00:00,0.9218384825,146.57534754684588,147.57883896117914,0.0781615175,152.82826894684587,same_id,interpolated_track_position_nearest_track_point_for_targets,ok,True,True,120200213490,10,2020-02-22 00:00:00,73.5,14.5,958.26624,19.532,False,True,512,512,Solovieva_diploma_PL_training_images/png/Solovieva_PL_crop_00319_ID_120200213490_step_10.png,Solovieva_diploma_PL_training_images/npy/Solovieva_PL_crop_00319_ID_120200213490_step_10.npy,crop_00319_ID_120200213490_step_10_db15019cab.png,/content/drive/MyDrive/sentinel3/SLSTR/ml_manual_crops_010526/png/crop_00319_ID_120200213490_step_10_db15019cab.png,True,S3A_SL_1_RBT____20200222T105240_20200222T105540_20200223T174307_0179_055_151_1620_LN2_O_NT_004,,,,,,crop_00319_ID_120200213490_step_10_db15019cab.png,319,120200213490,10,120200213490,11,2020-02-22 11:00:00,73.5,14.0,957.55811,,2020-02-22 10:55:18.618537,72.69744299999999,17.637531999999993,оставлено прежнее значение,False,False,lookup_by_new_ID_step,True,True
Solovieva_PL_crop_00323_ID_120200213490_step_12,323,120200213490,12,2020-02-22,12:00:00,2020-02-22 12:00:00,73.75,14.5,957.79999,19.864,2020-02-22 11:56:09.633737,73.51474,10.695182999999986,73.73400234284722,14.46800468569444,11.0,12.0,2020-02-22 11:00:00,2020-02-22 12:00:00,0.9360093713888888,120.74124503039572,122.03628461437472,0.0639906286111111,125.86049531928462,same_id,interpolated_track_position_nearest_track_point_for_targets,ok,True,True,120200213490,12,2020-02-22 02:00:00,73.75,14.5,957.79999,19.864,False,False,512,512,Solovieva_diploma_PL_training_images/png/Solovieva_PL_crop_00323_ID_120200213490_step_12.png,Solovieva_diploma_PL_training_images/npy/Solovieva_PL_crop_00323_ID_120200213490_step_12.npy,crop_00323_ID_120200213490_step_12_f644e9d738.png,/content/drive/MyDrive/sentinel3/SLSTR/ml_manual_crops_010526/png/crop_00323_ID_120200213490_step_12_f644e9d738.png,True,S3B_SL_1_RBT____20200222T115406_20200222T115706_20200223T163427_0179_036_009_1620_LN2_O_NT_004,,,,,,crop_00323_ID_120200213490_step_12_f644e9d738.png,323,120200213490,12,120200213490,12,2020-02-22 12:00:00,73.75,14.5,957.79999,,2020-02-22 11:56:09.633737,73.51474,10.695182999999986,оставлено прежнее значение,False,False,lookup_by_new_ID_step,False,True
Solovieva_PL_crop_00326_ID_120200213490_step_13,326,120200213490,13,2020-02-22,13:00:00,2020-02-22 13:00:00,73.75,14.25,957.07562,20.622,2020-02-22 12:35:14.754996,74.756205,4.8792259999999885,73.75,14.35314201416668,12.0,13.0,2020-02-22 12:00:00,2020-02-22 13:00:00,0.5874319433333334,306.59458495781973,303.70934063992024,0.4125680566666667,339.60002949115307,same_id,interpolated_track_position_nearest_track_point_for_targets,warning_distance,True,True,120200213490,13,2020-02-22 03:00:00,73.75,14.25,957.07562,20.622,False,False,512,512,Solovieva_diploma_PL_training_images/png/Solovieva_PL_crop_00326_ID_120200213490_step_13.png,Solovieva_diploma_PL_training_images/npy/Solovieva_PL_crop_00326_ID_120200213490_step_13.npy,crop_00326_ID_120200213490_step_13_5381ef5886.png,/content/drive/MyDrive/sentinel3/SLSTR/ml_manual_crops_010526/png/crop_00326_ID_120200213490_step_13_5381ef5886.png,True,S3A_SL_1_RBT____20200222T123339_20200222T123639_20200223T181417_0179_055_152_1620_LN2_O_NT_004,,,,,,crop_00326_ID_120200213490_step_13_5381ef5886.png,326,120200213490,13,120200213490,13,2020-02-22 13:00:00,73.75,14.25,957.07562,,2020-02-22 12:35:14.754996,74.756205,4.8792259999999885,оставлено прежнее значение,False,False,lookup_by_new_ID_step,False,True
Solovieva_PL_crop_00321_ID_120200213620_step_11,321,120200213620,11,2020-02-22,11:00:00,2020-02-22 11:00:00,59.75,-13.0,973.78186,16.344,2020-02-22 10:59:36.306893,60.151641,-9.299131999999986,59.75,-13.00987212791668,10.0,11.0,2020-02-22 10:00:00,2020-02-22 11:00:00,0.9934185813888888,211.3554705524428,210.8184546303337,0.0065814186111111,211.8819840413317,same_id,interpolated_track_position_nearest_track_point_for_targets,ok,True,True,120200213620,11,2020-02-22 07:00:00,59.75,-13.0,973.78186,16.344,False,False,512,512,Solovieva_diploma_PL_training_images/png/Solovieva_PL_crop_00321_ID_120200213620_step_11.png,Solovieva_diploma_PL_training_images/npy/Solovieva_PL_crop_00321_ID_120200213620_step_11.npy,crop_00321_ID_120200213620_step_11_a9d6617414.png,/content/drive/MyDrive/sentinel3/SLSTR/ml_manual_crops_010526/png/crop_00321_ID_120200213620_step_11_a9d6617414.png,True,S3A_SL_1_RBT____20200222T105840_20200222T110140_20200223T174542_0179_055_151_1980_LN2_O_NT_004,,,,,,crop_00321_ID_120200213620_step_11_a9d6617414.png,321,120200213620,11,120200213620,11,2020-02-22 11:00:00,59.75,-13.0,973.78186,,2020-02-22 10:59:36.306893,60.151641,-9.299131999999986,pred_valid_20260508_1839.csv:rel_vort_850_smth,False,False,lookup_by_new_ID_step,False,True
Solovieva_PL_crop_00349_ID_120200214010_step_14,349,120200214010,14,2020-02-23,14:00:00,2020-02-23 14:00:00,63.0,-51.5,985.42749,28.926,2020-02-23 13:55:23.643390,60.35538,-55.31519399999999,63.0,-51.5,13.0,14.0,2020-02-23 13:00:00,2020-02-23 14:00:00,0.923234275,356.2189069511846,356.2189069511846,0.0767657249999999,362.3601649511846,same_id,interpolated_track_position_nearest_track_point_for_targets,warning_distance,True,True,120200214010,14,2020-02-23 06:00:00,63.0,-51.5,985.42749,28.926,False,False,512,512,Solovieva_diploma_PL_training_images/png/Solovieva_PL_crop_00349_ID_120200214010_step_14.png,Solovieva_diploma_PL_training_images/npy/Solovieva_PL_crop_00349_ID_120200214010_step_14.npy,crop_00349_ID_120200214010_step_14_932074cc1e.png,/content/drive/MyDrive/sentinel3/SLSTR/ml_manual_crops_010526/png/crop_00349_ID_120200214010_step_14_932074cc1e.png,True,S3A_SL_1_RBT____20200223T135427_20200223T135727_20200224T193015_0179_055_167_1980_LN2_O_NT_004,,,,,,crop_00349_ID_120200214010_step_14_932074cc1e.png,349,120200214010,14,120200214010,14,2020-02-23 14:00:00,63.0,-51.5,985.42749,,2020-02-23 13:55:23.643390,60.35538,-55.31519399999999,pred_valid_20260508_1839.csv:rel_vort_850_smth,False,False,lookup_by_new_ID_step,False,True
Solovieva_PL_crop_00351_ID_120200214010_step_15,351,120200214010,15,2020-02-23,15:00:00,2020-02-23 15:00:00,62.75,-51.25,986.32935,30.37,2020-02-23 14:55:32.373515,62.75705,-53.28839199999999,62.768585172569445,-51.26858517256943,14.0,15.0,2020-02-23 14:00:00,2020-02-23 15:00:00,0.9256593097222222,102.79406603721053,103.76741210690015,0.0743406902777777,108.74132125943274,same_id,interpolated_track_position_nearest_track_point_for_targets,ok,True,True,120200214010,15,2020-02-23 07:00:00,62.75,-51.25,986.32935,30.37,False,False,512,512,Solovieva_diploma_PL_training_images/png/Solovieva_PL_crop_00351_ID_120200214010_step_15.png,Solovieva_diploma_PL_training_images/npy/Solovieva_PL_crop_00351_ID_120200214010_step_15.npy,crop_00351_ID_120200214010_step_15_44c5596345.png,/content/drive/MyDrive/sentinel3/SLSTR/ml_manual_crops_010526/png/crop_00351_ID_120200214010_step_15_44c5596345.png,True,S3B_SL_1_RBT____20200223T145254_20200223T145554_20200224T205017_0179_036_025_1800_LN2_O_NT_004,,,,,,crop_00351_ID_120200214010_step_15_44c5596345.png,351,120200214010,15,120200214010,15,2020-02-23 15:00:00,62.75,-51.25,986.32935,,2020-02-23 14:55:32.373515,62.75705,-53.28839199999999,pred_valid_20260508_1839.csv:rel_vort_850_smth,False,False,lookup_by_new_ID_step,False,True
Solovieva_PL_crop_00347_ID_120200214110_step_12,347,120200214110,12,2020-02-23,12:00:00,2020-02-23 12:00:00,66.25,-26.5,989.43683,23.687,2020-02-23 12:12:20.615404,67.254651,-23.79228599999999,66.30143162527777,-26.19141024833334,12.0,13.0,2020-02-23 12:00:00,2020-02-23 13:00:00,0.2057265011111111,149.30797107510944,163.07679372511066,0.2057265011111111,165.76609116399834,same_id,interpolated_track_position_nearest_track_point_for_targets,ok,True,True,120200214110,12,2020-02-23 10:00:00,66.25,-26.5,989.43683,23.687,False,False,512,512,Solovieva_diploma_PL_training_images/png/Solovieva_PL_crop_00347_ID_120200214110_step_12.png,Solovieva_diploma_PL_training_images/npy/Solovieva_PL_crop_00347_ID_120200214110_step_12.npy,crop_00347_ID_120200214110_step_12_bf03752a24.png,/content/drive/MyDrive/sentinel3/SLSTR/ml_manual_crops_010526/png/crop_00347_ID_120200214110_step_12_bf03752a24.png,True,S3A_SL_1_RBT____20200223T121028_20200223T121328_20200224T174422_0179_055_166_1800_LN2_O_NT_004,,,,,,crop_00347_ID_120200214110_step_12_bf03752a24.png,347,120200214110,12,120200214110,12,2020-02-23 12:00:00,66.25,-26.5,989.43683,,2020-02-23 12:12:20.615404,67.254651,-23.79228599999999,оставлено прежнее значение,False,False,lookup_by_new_ID_step,False,True
Solovieva_PL_crop_00353_ID_120200214110_step_21,353,120200214110,21,2020-02-23,21:00:00,2020-02-23 21:00:00,67.5,-21.0,992.57312,25.563,2020-02-23 21:26:49.562243,67.668494,-19.168137,67.5,-21.0,21.0,22.0,2020-02-23 21:00:00,2020-02-23 22:00:00,0.4471006230555555,79.89789896624403,79.89789896624403,0.4471006230555556,115.66594881068848,same_id,interpolated_track_position_nearest_track_point_for_targets,ok,True,True,120200214110,21,2020-02-23 19:00:00,67.5,-21.0,992.57312,25.563,False,False,512,512,Solovieva_diploma_PL_training_images/png/Solovieva_PL_crop_00353_ID_120200214110_step_21.png,Solovieva_diploma_PL_training_images/npy/Solovieva_PL_crop_00353_ID_120200214110_step_21.npy,crop_00353_ID_120200214110_step_21_1dbecfa086.png,/content/drive/MyDrive/sentinel3/SLSTR/ml_manual_crops_010526/png/crop_00353_ID_120200214110_step_21_1dbecfa086.png,True,S3B_SL_1_RBT____20200223T212451_20200223T212751_20200225T033214_0179_036_029_1080_LN2_O_NT_004,,,,,,crop_00353_ID_120200214110_step_21_1dbecfa086.png,353,120200214110,21,120200214110,21,2020-02-23 21:00:00,67.5,-21.0,992.57312,,2020-02-23 21:26:49.562243,67.668494,-19.168137,оставлено прежнее значение,False,False,lookup_by_new_ID_step,False,True
Solovieva_PL_crop_00355_ID_120200214110_step_22,355,120200214110,22,2020-02-23,22:00:00,2020-02-23 22:00:00,67.5,-21.0,993.50684,24.839,2020-02-23 22:05:55.050098,67.66761799999999,-19.02259699999999,67.5,-20.950687486388887,22.0,23.0,2020-02-23 22:00:00,2020-02-23 23:00:00,0.0986250272222222,83.84905851883535,85.8886940392662,0.0986250272222222,91.73906069661312,same_id,interpolated_track_position_nearest_track_point_for_targets,ok,True,True,120200214110,22,2020-02-23 20:00:00,67.5,-21.0,993.50684,24.839,False,False,512,512,Solovieva_diploma_PL_training_images/png/Solovieva_PL_crop_00355_ID_120200214110_step_22.png,Solovieva_diploma_PL_training_images/npy/Solovieva_PL_crop_00355_ID_120200214110_step_22.npy,crop_00355_ID_120200214110_step_22_a95b89c16b.png,/content/drive/MyDrive/sentinel3/SLSTR/ml_manual_crops_010526/png/crop_00355_ID_120200214110_step_22_a95b89c16b.png,True,S3A_SL_1_RBT____20200223T220423_20200223T220723_20200225T034203_0179_055_172_1080_LN2_O_NT_004,,,,,,crop_00355_ID_120200214110_step_22_a95b89c16b.png,355,120200214110,22,120200214110,22,2020-02-23 22:00:00,67.5,-21.0,993.50684,,2020-02-23 22:05:55.050098,67.66761799999999,-19.02259699999999,оставлено прежнее значение,False,False,lookup_by_new_ID_step,False,True
Solovieva_PL_crop_00338_ID_120200214390_step_1,338,120200214390,0,2020-02-23,00:00:00,2020-02-23 00:00:00,62.75,-38.5,991.77936,17.177999999999997,2020-02-23 00:12:30.616339,66.974063,-36.92145199999999,62.75,-38.5,0.0,1.0,2020-02-23 00:00:00,2020-02-23 01:00:00,0.2085045386111111,475.536961768122,475.536961768122,0.2085045386111111,492.2173248570109,same_id,interpolated_track_position_nearest_track_point_for_targets,warning_distance,True,True,120200214390,1,2020-02-23 09:00:00,62.75,-38.5,991.87,20.491,False,True,512,512,Solovieva_diploma_PL_training_images/png/Solovieva_PL_crop_00338_ID_120200214390_step_1.png,Solovieva_diploma_PL_training_images/npy/Solovieva_PL_crop_00338_ID_120200214390_step_1.npy,crop_00338_ID_120200214390_step_1_702b557c13.png,/content/drive/MyDrive/sentinel3/SLSTR/ml_manual_crops_010526/png/crop_00338_ID_120200214390_step_1_702b557c13.png,True,S3A_SL_1_RBT____20200223T001134_20200223T001434_20200224T061916_0179_055_159_1080_LN2_O_NT_004,,,,,,crop_00338_ID_120200214390_step_1_702b557c13.png,338,120200214390,1,120200214390,0,2020-02-23 00:00:00,62.75,-38.5,991.77936,,2020-02-23 00:12:30.616339,66.974063,-36.92145199999999,оставлено прежнее значение,False,False,lookup_by_new_ID_step,True,True
Solovieva_PL_crop_00364_ID_120200214390_step_23,364,120200214390,23,2020-02-24,23:00:00,2020-02-24 23:00:00,63.75,-33.75,990.40997,19.192,2020-02-24 23:18:45.356412,60.190267,-37.166732,63.67185024916667,-33.75,23.0,24.0,2020-02-24 23:00:00,2020-02-25 00:00:00,0.3125990033333333,426.2740911936791,434.0812101944857,0.3125990033333333,451.28201146034576,same_id,interpolated_track_position_nearest_track_point_for_targets,warning_distance,True,True,120200214390,23,2020-02-24 07:00:00,63.75,-33.75,990.40997,19.192,False,False,512,512,Solovieva_diploma_PL_training_images/png/Solovieva_PL_crop_00364_ID_120200214390_step_23.png,Solovieva_diploma_PL_training_images/npy/Solovieva_PL_crop_00364_ID_120200214390_step_23.npy,crop_00364_ID_120200214390_step_23_7bb8ec2b03.png,/content/drive/MyDrive/sentinel3/SLSTR/ml_manual_crops_010526/png/crop_00364_ID_120200214390_step_23_7bb8ec2b03.png,True,S3A_SL_1_RBT____20200224T231612_20200224T231912_20200226T034203_0179_055_187_0900_LN2_O_NT_004,,,,,,crop_00364_ID_120200214390_step_23_7bb8ec2b03.png,364,120200214390,23,120200214390,23,2020-02-24 23:00:00,63.75,-33.75,990.40997,,2020-02-24 23:18:45.356412,60.190267,-37.166732,оставлено прежнее значение,False,False,lookup_by_new_ID_step,False,True
Solovieva_PL_crop_00365_ID_120200214390_step_24,365,120200214390,23,2020-02-24,23:00:00,2020-02-24 23:00:00,63.75,-33.75,990.40997,19.192,2020-02-24 23:20:08.152731,66.587868,-28.32,63.66610050479167,-33.75,23.0,24.0,2020-02-24 23:00:00,2020-02-25 00:00:00,0.3355979808333333,412.0642966317304,404.51259363996985,0.3355979808333333,438.9121350983971,same_id,interpolated_track_position_nearest_track_point_for_targets,warning_distance,True,True,120200214390,24,2020-02-24 08:00:00,63.5,-33.75,989.87,19.492,False,True,512,512,Solovieva_diploma_PL_training_images/png/Solovieva_PL_crop_00365_ID_120200214390_step_24.png,Solovieva_diploma_PL_training_images/npy/Solovieva_PL_crop_00365_ID_120200214390_step_24.npy,crop_00365_ID_120200214390_step_24_97e7514366.png,/content/drive/MyDrive/sentinel3/SLSTR/ml_manual_crops_010526/png/crop_00365_ID_120200214390_step_24_97e7514366.png,True,S3A_SL_1_RBT____20200224T231912_20200224T232212_20200226T060357_0180_055_187_1080_LN2_O_NT_004,,,,,,crop_00365_ID_120200214390_step_24_97e7514366.png,365,120200214390,24,120200214390,23,2020-02-24 23:00:00,63.75,-33.75,990.40997,,2020-02-24 23:20:08.152731,66.587868,-28.32,оставлено прежнее значение,False,False,lookup_by_new_ID_step,True,True
Solovieva_PL_crop_00344_ID_120200214440_step_10,344,120200214440,10,2020-02-23,10:00:00,2020-02-23 10:00:00,70.0,17.25,970.05188,23.807,2020-02-23 10:30:25.384392,69.157789,14.289110999999991,70.0,17.25,10.0,10.0,2020-02-23 10:00:00,2020-02-23 10:00:00,0.0,148.1850173776503,148.1850173776503,0.50705122,188.7491149776503,same_id,nearest_track_point,ok,True,True,120200214440,10,2020-02-23 20:00:00,70.0,17.25,970.05188,23.807,False,False,512,512,Solovieva_diploma_PL_training_images/png/Solovieva_PL_crop_00344_ID_120200214440_step_10.png,Solovieva_diploma_PL_training_images/npy/Solovieva_PL_crop_00344_ID_120200214440_step_10.npy,crop_00344_ID_120200214440_step_10_cd789ad13d.png,/content/drive/MyDrive/sentinel3/SLSTR/ml_manual_crops_010526/png/crop_00344_ID_120200214440_step_10_cd789ad13d.png,True,S3A_SL_1_RBT____20200223T102929_20200223T103229_20200224T165422_0179_055_165_1800_LN2_O_NT_004,,,,,,crop_00344_ID_120200214440_step_10_cd789ad13d.png,344,120200214440,10,120200214440,10,2020-02-23 10:00:00,70.0,17.25,970.05188,,2020-02-23 10:30:25.384392,69.157789,14.289110999999991,оставлено прежнее значение,False,False,lookup_by_new_ID_step,False,True
Solovieva_PL_crop_00370_ID_120200214880_step_12,370,120200214880,12,2020-02-25,12:00:00,2020-02-25 12:00:00,63.5,-11.25,987.16687,21.631,2020-02-25 12:21:45.613678,63.91734,-12.332132,63.68133523305556,-11.159332383472218,12.0,13.0,2020-02-25 12:00:00,2020-02-25 13:00:00,0.3626704661111111,63.274983833210825,70.66752768718538,0.3626704661111111,92.28862112209973,same_id,interpolated_track_position_nearest_track_point_for_targets,ok,True,True,120200214880,12,2020-02-25 00:00:00,63.5,-11.25,987.16687,21.631,False,False,512,512,Solovieva_diploma_PL_training_images/png/Solovieva_PL_crop_00370_ID_120200214880_step_12.png,Solovieva_diploma_PL_training_images/npy/Solovieva_PL_crop_00370_ID_120200214880_step_12.npy,crop_00370_ID_120200214880_step_12_94f6f2640d.png,/content/drive/MyDrive/sentinel3/SLSTR/ml_manual_crops_010526/png/crop_00370_ID_120200214880_step_12_94f6f2640d.png,True,S3B_SL_1_RBT____20200225T121933_20200225T122233_20200226T175329_0179_036_052_1800_LN2_O_NT_004,,,,,,crop_00370_ID_120200214880_step_12_94f6f2640d.png,370,120200214880,12,120200214880,12,2020-02-25 12:00:00,63.5,-11.25,987.16687,,2020-02-25 12:21:45.613678,63.91734,-12.332132,оставлено прежнее значение,False,False,lookup_by_new_ID_step,False,True
Solovieva_PL_crop_00371_ID_120200215020_step_12,371,120200215020,12,2020-02-25,12:00:00,2020-02-25 12:00:00,59.5,-35.0,999.2981,16.821,2020-02-25 12:23:32.409892,60.246716,-33.32221899999999,59.40191597972222,-34.705747939166656,12.0,13.0,2020-02-25 12:00:00,2020-02-25 13:00:00,0.3923360811111111,121.66640800963518,125.14147521566971,0.392336081111111,153.05329449852405,same_id,interpolated_track_position_nearest_track_point_for_targets,ok,True,True,120200215020,12,2020-02-25 05:00:00,59.5,-35.0,999.2981,16.821,False,False,512,512,Solovieva_diploma_PL_training_images/png/Solovieva_PL_crop_00371_ID_120200215020_step_12.png,Solovieva_diploma_PL_training_images/npy/Solovieva_PL_crop_00371_ID_120200215020_step_12.npy,crop_00371_ID_120200215020_step_12_a9b89e8799.png,/content/drive/MyDrive/sentinel3/SLSTR/ml_manual_crops_010526/png/crop_00371_ID_120200215020_step_12_a9b89e8799.png,True,S3B_SL_1_RBT____20200225T122233_20200225T122533_20200226T175430_0179_036_052_1980_LN2_O_NT_004,,,,,,crop_00371_ID_120200215020_step_12_a9b89e8799.png,371,120200215020,12,120200215020,12,2020-02-25 12:00:00,59.5,-35.0,999.2981,,2020-02-25 12:23:32.409892,60.246716,-33.32221899999999,pred_valid_20260508_1839.csv:rel_vort_850_smth,False,False,lookup_by_new_ID_step,False,True
Solovieva_PL_crop_00372_ID_120200215020_step_13,372,120200215020,13,2020-02-25,13:00:00,2020-02-25 13:00:00,59.25,-34.25,999.97375,16.034000000000002,2020-02-25 13:03:01.778692,59.533776,-34.93842599999999,59.25,-34.25,13.0,13.0,2020-02-25 13:00:00,2020-02-25 13:00:00,0.0,50.147612173309135,50.147612173309135,0.0504940811111111,54.18713866219802,same_id,nearest_track_point,ok,True,True,120200215020,13,2020-02-25 06:00:00,59.25,-34.25,999.97375,16.034000000000002,False,False,512,512,Solovieva_diploma_PL_training_images/png/Solovieva_PL_crop_00372_ID_120200215020_step_13.png,Solovieva_diploma_PL_training_images/npy/Solovieva_PL_crop_00372_ID_120200215020_step_13.npy,crop_00372_ID_120200215020_step_13_5540e18599.png,/content/drive/MyDrive/sentinel3/SLSTR/ml_manual_crops_010526/png/crop_00372_ID_120200215020_step_13_5540e18599.png,True,S3A_SL_1_RBT____20200225T130205_20200225T130505_20200226T181518_0179_055_195_1980_LN2_O_NT_004,,,,,,crop_00372_ID_120200215020_step_13_5540e18599.png,372,120200215020,13,120200215020,13,2020-02-25 13:00:00,59.25,-34.25,999.97375,,2020-02-25 13:03:01.778692,59.533776,-34.93842599999999,pred_valid_20260508_1839.csv:rel_vort_850_smth,False,False,lookup_by_new_ID_step,False,True
Solovieva_PL_crop_00373_ID_120200215060_step_13,373,120200215060,13,2020-02-25,13:00:00,2020-02-25 13:00:00,64.25,-29.5,985.26184,28.714,2020-02-25 13:01:43.482240,63.613275,-29.480142,64.24281373333334,-29.50718626666668,13.0,14.0,2020-02-25 13:00:00,2020-02-25 14:00:00,0.0287450666666666,70.01398716579874,70.8072377862714,0.0287450666666666,72.31359249913207,same_id,interpolated_track_position_nearest_track_point_for_targets,ok,True,True,120200215060,13,2020-02-25 08:00:00,64.25,-29.5,985.26184,28.714,False,False,512,512,Solovieva_diploma_PL_training_images/png/Solovieva_PL_crop_00373_ID_120200215060_step_13.png,Solovieva_diploma_PL_training_images/npy/Solovieva_PL_crop_00373_ID_120200215060_step_13.npy,crop_00373_ID_120200215060_step_13_8218a7fce7.png,/content/drive/MyDrive/sentinel3/SLSTR/ml_manual_crops_010526/png/crop_00373_ID_120200215060_step_13_8218a7fce7.png,True,S3A_SL_1_RBT____20200225T125905_20200225T130205_20200226T181413_0179_055_195_1800_LN2_O_NT_004,,,,,,crop_00373_ID_120200215060_step_13_8218a7fce7.png,373,120200215060,13,120200215060,13,2020-02-25 13:00:00,64.25,-29.5,985.26184,,2020-02-25 13:01:43.482240,63.613275,-29.480142,оставлено прежнее значение,False,False,lookup_by_new_ID_step,False,True
Solovieva_PL_crop_00375_ID_120200215060_step_22,375,120200215060,22,2020-02-25,22:00:00,2020-02-25 22:00:00,63.25,-28.75,989.29498,30.479,2020-02-25 22:14:25.783662,64.387858,-27.147182999999984,63.31012386541666,-28.81012386541667,22.0,23.0,2020-02-25 22:00:00,2020-02-25 23:00:00,0.2404954616666666,144.9140079243523,148.95865747310137,0.2404954616666667,164.15364485768563,same_id,interpolated_track_position_nearest_track_point_for_targets,ok,True,True,120200215060,22,2020-02-25 17:00:00,63.25,-28.75,989.29498,30.479,False,False,512,512,Solovieva_diploma_PL_training_images/png/Solovieva_PL_crop_00375_ID_120200215060_step_22.png,Solovieva_diploma_PL_training_images/npy/Solovieva_PL_crop_00375_ID_120200215060_step_22.npy,crop_00375_ID_120200215060_step_22_57e1db6e5e.png,/content/drive/MyDrive/sentinel3/SLSTR/ml_manual_crops_010526/png/crop_00375_ID_120200215060_step_22_57e1db6e5e.png,True,S3B_SL_1_RBT____20200225T221329_20200225T221629_20200227T035819_0179_036_058_1080_LN2_O_NT_004,,,,,,crop_00375_ID_120200215060_step_22_57e1db6e5e.png,375,120200215060,22,120200215060,22,2020-02-25 22:00:00,63.25,-28.75,989.29498,,2020-02-25 22:14:25.783662,64.387858,-27.147182999999984,оставлено прежнее значение,False,False,lookup_by_new_ID_step,False,True
Solovieva_PL_crop_00367_ID_120200215460_step_9,367,120200215460,9,2020-02-25,09:00:00,2020-02-25 09:00:00,57.75,9.25,983.97998,22.946,2020-02-25 09:42:11.008798,56.450536,6.506899000000004,57.75,9.25,9.0,9.0,2020-02-25 09:00:00,2020-02-25 09:00:00,0.0,219.8047201722439,219.8047201722439,0.7030579994444444,276.04936012779945,same_id,nearest_track_point,ok,True,True,120200215460,9,2020-02-25 21:00:00,57.75,9.25,983.97998,22.946,False,False,512,512,Solovieva_diploma_PL_training_images/png/Solovieva_PL_crop_00367_ID_120200215460_step_9.png,Solovieva_diploma_PL_training_images/npy/Solovieva_PL_crop_00367_ID_120200215460_step_9.npy,crop_00367_ID_120200215460_step_9_2e9269d368.png,/content/drive/MyDrive/sentinel3/SLSTR/ml_manual_crops_010526/png/crop_00367_ID_120200215460_step_9_2e9269d368.png,True,S3A_SL_1_RBT____20200225T094007_20200225T094307_20200226T150006_0179_055_193_1980_LN2_O_NT_004,,,,,,crop_00367_ID_120200215460_step_9_2e9269d368.png,367,120200215460,9,120200215460,9,2020-02-25 09:00:00,57.75,9.25,983.97998,,2020-02-25 09:42:11.008798,56.450536,6.506899000000004,оставлено прежнее значение,False,False,lookup_by_new_ID_step,False,True
Solovieva_PL_crop_00381_ID_120200215530_step_11,381,120200215530,11,2020-02-26,11:00:00,2020-02-26 11:00:00,72.25,35.0,988.65308,23.476,2020-02-26 10:49:51.726775,76.308691,38.13592,72.25,34.91551760763889,10.0,11.0,2020-02-26 10:00:00,2020-02-26 11:00:00,0.8310352152777778,461.4491902046896,460.92958050231886,0.1689647847222222,474.9663729824674,same_id,interpolated_track_position_nearest_track_point_for_targets,warning_distance,True,True,120200215530,11,2020-02-26 01:00:00,72.25,35.0,988.65308,23.476,False,False,512,512,Solovieva_diploma_PL_training_images/png/Solovieva_PL_crop_00381_ID_120200215530_step_11.png,Solovieva_diploma_PL_training_images/npy/Solovieva_PL_crop_00381_ID_120200215530_step_11.npy,crop_00381_ID_120200215530_step_11_9e58f6abf2.png,/content/drive/MyDrive/sentinel3/SLSTR/ml_manual_crops_010526/png/crop_00381_ID_120200215530_step_11_9e58f6abf2.png,True,S3A_SL_1_RBT____20200226T104855_20200226T105155_20200227T154146_0179_055_208_1620_LN2_O_NT_004,,,,,,crop_00381_ID_120200215530_step_11_9e58f6abf2.png,381,120200215530,11,120200215530,11,2020-02-26 11:00:00,72.25,35.0,988.65308,,2020-02-26 10:49:51.726775,76.308691,38.13592,оставлено прежнее значение,False,False,lookup_by_new_ID_step,False,True
Solovieva_PL_crop_00389_ID_120200215530_step_16,389,120200215530,16,2020-02-26,16:00:00,2020-02-26 16:00:00,73.5,38.5,988.49432,24.698,2020-02-26 15:47:59.639537,77.48153599999999,46.208508,73.44997496784723,38.34992490354168,15.0,16.0,2020-02-26 15:00:00,2020-02-26 16:00:00,0.7998998713888889,498.0751120524129,491.1298579311956,0.2001001286111111,514.0831223413018,same_id,interpolated_track_position_nearest_track_point_for_targets,warning_distance,True,True,120200215530,16,2020-02-26 06:00:00,73.5,38.5,988.49432,24.698,False,False,512,512,Solovieva_diploma_PL_training_images/png/Solovieva_PL_crop_00389_ID_120200215530_step_16.png,Solovieva_diploma_PL_training_images/npy/Solovieva_PL_crop_00389_ID_120200215530_step_16.npy,crop_00389_ID_120200215530_step_16_b2f4f44b36.png,/content/drive/MyDrive/sentinel3/SLSTR/ml_manual_crops_010526/png/crop_00389_ID_120200215530_step_16_b2f4f44b36.png,True,S3A_SL_1_RBT____20200226T154553_20200226T154853_20200227T214213_0179_055_211_1260_LN2_O_NT_004,,,,,,crop_00389_ID_120200215530_step_16_b2f4f44b36.png,389,120200215530,16,120200215530,16,2020-02-26 16:00:00,73.5,38.5,988.49432,,2020-02-26 15:47:59.639537,77.48153599999999,46.208508,оставлено прежнее значение,False,False,lookup_by_new_ID_step,False,True
Solovieva_PL_crop_00390_ID_120200215530_step_17,390,120200215530,17,2020-02-26,17:00:00,2020-02-26 17:00:00,73.75,39.25,988.59686,25.731,2020-02-26 16:48:54.367213,77.783616,46.38588199999998,73.70377550090278,39.11132650270832,16.0,17.0,2020-02-26 16:00:00,2020-02-26 17:00:00,0.8151020036111111,494.6107184201417,488.29713549322673,0.1848979963888889,509.4025581312528,same_id,interpolated_track_position_nearest_track_point_for_targets,warning_distance,True,True,120200215530,17,2020-02-26 07:00:00,73.75,39.25,988.59686,25.731,False,False,512,512,Solovieva_diploma_PL_training_images/png/Solovieva_PL_crop_00390_ID_120200215530_step_17.png,Solovieva_diploma_PL_training_images/npy/Solovieva_PL_crop_00390_ID_120200215530_step_17.npy,crop_00390_ID_120200215530_step_17_a67c86eb63.png,/content/drive/MyDrive/sentinel3/SLSTR/ml_manual_crops_010526/png/crop_00390_ID_120200215530_step_17_a67c86eb63.png,True,S3B_SL_1_RBT____20200226T164720_20200226T165020_20200227T221852_0179_036_069_1260_LN2_O_NT_004,,,,,,crop_00390_ID_120200215530_step_17_a67c86eb63.png,390,120200215530,17,120200215530,17,2020-02-26 17:00:00,73.75,39.25,988.59686,,2020-02-26 16:48:54.367213,77.783616,46.38588199999998,оставлено прежнее значение,False,False,lookup_by_new_ID_step,False,True
Solovieva_PL_crop_00385_ID_120200215910_step_12,385,120200215910,12,2020-02-26,12:00:00,2020-02-26 12:00:00,63.5,-10.25,986.41058,17.638,2020-02-26 11:55:39.076042,63.899295,-7.016494999999992,63.51811971930555,-10.23188028069444,11.0,12.0,2020-02-26 11:00:00,2020-02-26 12:00:00,0.9275211227777778,163.9185000008228,165.35889948059636,0.0724788772222222,169.71681017860058,same_id,interpolated_track_position_nearest_track_point_for_targets,ok,True,True,120200215910,12,2020-02-26 20:00:00,63.5,-10.25,986.41058,17.638,False,False,512,512,Solovieva_diploma_PL_training_images/png/Solovieva_PL_crop_00385_ID_120200215910_step_12.png,Solovieva_diploma_PL_training_images/npy/Solovieva_PL_crop_00385_ID_120200215910_step_12.npy,crop_00385_ID_120200215910_step_12_16252c6f6b.png,/content/drive/MyDrive/sentinel3/SLSTR/ml_manual_crops_010526/png/crop_00385_ID_120200215910_step_12_16252c6f6b.png,True,S3B_SL_1_RBT____20200226T115322_20200226T115622_20200227T171427_0179_036_066_1800_LN2_O_NT_004,,,,,,crop_00385_ID_120200215910_step_12_16252c6f6b.png,385,120200215910,12,120200215910,12,2020-02-26 12:00:00,63.5,-10.25,986.41058,,2020-02-26 11:55:39.076042,63.899295,-7.016494999999992,оставлено прежнее значение,False,False,lookup_by_new_ID_step,False,True
Solovieva_PL_crop_00403_ID_120200216170_step_12,403,120200216170,12,2020-02-27,12:00:00,2020-02-27 12:00:00,62.75,-30.5,985.01312,27.796,2020-02-27 12:09:23.109818,64.890855,-28.908918,62.75,-30.5,12.0,13.0,2020-02-27 12:00:00,2020-02-27 13:00:00,0.1564193938888889,250.50264135475865,250.50264135475865,0.1564193938888889,263.0161928658697,same_id,interpolated_track_position_nearest_track_point_for_targets,ok,True,True,120200216170,12,2020-02-27 07:00:00,62.75,-30.5,985.01312,27.796,False,False,512,512,Solovieva_diploma_PL_training_images/png/Solovieva_PL_crop_00403_ID_120200216170_step_12.png,Solovieva_diploma_PL_training_images/npy/Solovieva_PL_crop_00403_ID_120200216170_step_12.npy,crop_00403_ID_120200216170_step_12_c76b425104.png,/content/drive/MyDrive/sentinel3/SLSTR/ml_manual_crops_010526/png/crop_00403_ID_120200216170_step_12_c76b425104.png,True,S3A_SL_1_RBT____20200227T120643_20200227T120943_20200228T163816_0179_055_223_1800_LN2_O_NT_004,,,,,,crop_00403_ID_120200216170_step_12_c76b425104.png,403,120200216170,12,120200216170,12,2020-02-27 12:00:00,62.75,-30.5,985.01312,,2020-02-27 12:09:23.109818,64.890855,-28.908918,оставлено прежнее значение,False,False,lookup_by_new_ID_step,False,True
Solovieva_PL_crop_00406_ID_120200216170_step_13,406,120200216170,13,2020-02-27,13:00:00,2020-02-27 13:00:00,62.75,-30.5,985.08313,27.786,2020-02-27 13:10:44.325815,63.903787,-31.724019,62.75,-30.45525515173611,13.0,14.0,2020-02-27 13:00:00,2020-02-27 14:00:00,0.1789793930555555,143.06847008870588,142.09440861404573,0.1789793930555555,157.38682153315034,same_id,interpolated_track_position_nearest_track_point_for_targets,ok,True,True,120200216170,13,2020-02-27 08:00:00,62.75,-30.5,985.08313,27.786,False,False,512,512,Solovieva_diploma_PL_training_images/png/Solovieva_PL_crop_00406_ID_120200216170_step_13.png,Solovieva_diploma_PL_training_images/npy/Solovieva_PL_crop_00406_ID_120200216170_step_13.npy,crop_00406_ID_120200216170_step_13_3a19dfd4b2.png,/content/drive/MyDrive/sentinel3/SLSTR/ml_manual_crops_010526/png/crop_00406_ID_120200216170_step_13_3a19dfd4b2.png,True,S3B_SL_1_RBT____20200227T130811_20200227T131111_20200228T180937_0180_036_081_1800_LN2_O_NT_004,,,,,,crop_00406_ID_120200216170_step_13_3a19dfd4b2.png,406,120200216170,13,120200216170,13,2020-02-27 13:00:00,62.75,-30.5,985.08313,,2020-02-27 13:10:44.325815,63.903787,-31.724019,оставлено прежнее значение,False,False,lookup_by_new_ID_step,False,True
Solovieva_PL_crop_00409_ID_120200216170_step_14,409,120200216170,14,2020-02-27,14:00:00,2020-02-27 14:00:00,62.75,-30.25,984.87811,27.766,2020-02-27 13:49:48.644455,64.291034,-33.960634,62.75,-30.29245524618057,13.0,14.0,2020-02-27 13:00:00,2020-02-27 14:00:00,0.8301790152777778,249.80509283929743,251.3396108368152,0.1698209847222222,263.3907716170752,same_id,interpolated_track_position_nearest_track_point_for_targets,ok,True,True,120200216170,14,2020-02-27 09:00:00,62.75,-30.25,984.87811,27.766,False,False,512,512,Solovieva_diploma_PL_training_images/png/Solovieva_PL_crop_00409_ID_120200216170_step_14.png,Solovieva_diploma_PL_training_images/npy/Solovieva_PL_crop_00409_ID_120200216170_step_14.npy,crop_00409_ID_120200216170_step_14_4df6e95e65.png,/content/drive/MyDrive/sentinel3/SLSTR/ml_manual_crops_010526/png/crop_00409_ID_120200216170_step_14_4df6e95e65.png,True,S3A_SL_1_RBT____20200227T134742_20200227T135042_20200228T182640_0179_055_224_1800_LN2_O_NT_004,,,,,,crop_00409_ID_120200216170_step_14_4df6e95e65.png,409,120200216170,14,120200216170,14,2020-02-27 14:00:00,62.75,-30.25,984.87811,,2020-02-27 13:49:48.644455,64.291034,-33.960634,оставлено прежнее значение,False,False,lookup_by_new_ID_step,False,True
Solovieva_PL_crop_00444_ID_120200216170_step_36,444,120200216170,36,2020-02-29,12:00:00,2020-02-29 12:00:00,61.25,-35.5,980.83313,26.15300000000001,2020-02-29 12:19:47.141141,59.844739,-27.430059,61.16755964298611,-35.417559642986106,36.0,37.0,2020-02-29 12:00:00,2020-02-29 13:00:00,0.3297614280555556,460.9993966151081,467.7065858202613,0.3297614280555556,487.3803108595525,same_id,interpolated_track_position_nearest_track_point_for_targets,warning_distance,True,True,120200216170,36,2020-02-28 07:00:00,61.25,-35.5,980.83313,26.15300000000001,False,False,512,512,Solovieva_diploma_PL_training_images/png/Solovieva_PL_crop_00444_ID_120200216170_step_36.png,Solovieva_diploma_PL_training_images/npy/Solovieva_PL_crop_00444_ID_120200216170_step_36.npy,crop_00444_ID_120200216170_step_36_f4a7e20c9a.png,/content/drive/MyDrive/sentinel3/SLSTR/ml_manual_crops_010526/png/crop_00444_ID_120200216170_step_36_f4a7e20c9a.png,True,S3B_SL_1_RBT____20200229T121849_20200229T122149_20200301T165557_0179_036_109_1980_LN2_O_NT_004,,,,,,crop_00444_ID_120200216170_step_36_f4a7e20c9a.png,444,120200216170,36,120200216170,36,2020-02-29 12:00:00,61.25,-35.5,980.83313,,2020-02-29 12:19:47.141141,59.844739,-27.430059,оставлено прежнее значение,False,False,lookup_by_new_ID_step,False,True
Solovieva_PL_crop_00447_ID_120200216170_step_37,447,120200216170,37,2020-02-29,13:00:00,2020-02-29 13:00:00,61.0,-35.25,980.745,26.544,2020-02-29 12:59:17.160998,59.465733,-33.63394099999999,61.00297493069444,-35.25297493069445,36.0,37.0,2020-02-29 12:00:00,2020-02-29 13:00:00,0.9881002772222224,192.8756267789209,192.50834229278203,0.0118997227777777,193.8276046011431,same_id,interpolated_track_position_nearest_track_point_for_targets,ok,True,True,120200216170,37,2020-02-28 08:00:00,61.0,-35.25,980.745,26.544,False,False,512,512,Solovieva_diploma_PL_training_images/png/Solovieva_PL_crop_00447_ID_120200216170_step_37.png,Solovieva_diploma_PL_training_images/npy/Solovieva_PL_crop_00447_ID_120200216170_step_37.npy,crop_00447_ID_120200216170_step_37_610fb91dbd.png,/content/drive/MyDrive/sentinel3/SLSTR/ml_manual_crops_010526/png/crop_00447_ID_120200216170_step_37_610fb91dbd.png,True,S3A_SL_1_RBT____20200229T125820_20200229T130120_20200301T193625_0179_055_252_1980_LN2_O_NT_004,,,,,,crop_00447_ID_120200216170_step_37_610fb91dbd.png,447,120200216170,37,120200216170,37,2020-02-29 13:00:00,61.0,-35.25,980.745,,2020-02-29 12:59:17.160998,59.465733,-33.63394099999999,оставлено прежнее значение,False,False,lookup_by_new_ID_step,False,True
Solovieva_PL_crop_00458_ID_120200216170_step_48,458,120200216170,48,2020-03-01,00:00:00,2020-03-01 00:00:00,59.25,-32.0,979.34186,24.21,2020-02-29 23:49:38.506564,59.131343,-36.49078299999999,59.29315926638889,-32.0431592663889,47.0,48.0,2020-02-29 23:00:00,2020-03-01 00:00:00,0.8273629344444444,253.732677235526,256.051041543968,0.1726370655555555,267.5436424799704,same_id,interpolated_track_position_nearest_track_point_for_targets,ok,True,True,120200216170,48,2020-02-28 19:00:00,59.25,-32.0,979.34186,24.21,False,False,512,512,Solovieva_diploma_PL_training_images/png/Solovieva_PL_crop_00458_ID_120200216170_step_48.png,Solovieva_diploma_PL_training_images/npy/Solovieva_PL_crop_00458_ID_120200216170_step_48.npy,crop_00458_ID_120200216170_step_48_cdc564757f.png,/content/drive/MyDrive/sentinel3/SLSTR/ml_manual_crops_010526/png/crop_00458_ID_120200216170_step_48_cdc564757f.png,True,S3B_SL_1_RBT____20200229T234744_20200229T235044_20200302T033150_0179_036_116_0900_LN2_O_NT_004,,,,,,crop_00458_ID_120200216170_step_48_cdc564757f.png,458,120200216170,48,120200216170,48,2020-03-01 00:00:00,59.25,-32.0,979.34186,,2020-02-29 23:49:38.506564,59.131343,-36.49078299999999,оставлено прежнее значение,False,False,lookup_by_new_ID_step,False,True
Solovieva_PL_crop_00397_ID_120200216280_step_10,397,120200216770,10,2020-02-27,10:00:00,2020-02-27 10:00:00,68.5,9.25,984.87372,31.596000000000004,2020-02-27 10:27:56.977935,65.819225,4.427548999999999,68.5,9.263974816125,10.0,11.0,2020-02-27 10:00:00,2020-02-28 11:00:00,0.0186330881666666,363.68803627778846,363.34363559910906,0.4658272041666666,400.95421261112176,global,interpolated_track_position_nearest_track_point_for_targets,warning_distance,True,True,120200216280,10,2020-02-27 08:00:00,70.5,18.25,987.45563,31.981,True,False,512,512,Solovieva_diploma_PL_training_images/png/Solovieva_PL_crop_00397_ID_120200216280_step_10.png,Solovieva_diploma_PL_training_images/npy/Solovieva_PL_crop_00397_ID_120200216280_step_10.npy,crop_00397_ID_120200216280_step_10_8ab2cc4d78.png,/content/drive/MyDrive/sentinel3/SLSTR/ml_manual_crops_010526/png/crop_00397_ID_120200216280_step_10_8ab2cc4d78.png,True,S3A_SL_1_RBT____20200227T102544_20200227T102844_20200228T150756_0179_055_222_1800_LN2_O_NT_004,,,,,,crop_00397_ID_120200216280_step_10_8ab2cc4d78.png,397,120200216280,10,120200216770,10,2020-02-27 10:00:00,68.5,9.25,984.87372,,2020-02-27 10:27:56.977935,65.819225,4.427548999999999,pred_valid_20260508_1839.csv:rel_vort_850_smth,True,False,lookup_by_new_ID_step,False,True
Solovieva_PL_crop_00404_ID_120200216280_step_12,404,120200216280,12,2020-02-27,12:00:00,2020-02-27 12:00:00,70.5,18.25,987.39746,33.075,2020-02-27 12:05:28.820419,74.316361,10.841277999999988,70.45433049736111,18.158660994722226,12.0,13.0,2020-02-27 12:00:00,2020-02-27 13:00:00,0.0913390052777777,494.2294467863965,491.21234687027726,0.0913390052777777,501.5365672086188,same_id,interpolated_track_position_nearest_track_point_for_targets,warning_distance,True,True,120200216280,12,2020-02-27 10:00:00,70.5,18.25,987.39746,33.075,False,False,512,512,Solovieva_diploma_PL_training_images/png/Solovieva_PL_crop_00404_ID_120200216280_step_12.png,Solovieva_diploma_PL_training_images/npy/Solovieva_PL_crop_00404_ID_120200216280_step_12.npy,crop_00404_ID_120200216280_step_12_7c66c1a8b0.png,/content/drive/MyDrive/sentinel3/SLSTR/ml_manual_crops_010526/png/crop_00404_ID_120200216280_step_12_7c66c1a8b0.png,True,S3A_SL_1_RBT____20200227T120343_20200227T120643_20200228T163844_0179_055_223_1620_LN2_O_NT_004,,,,,,crop_00404_ID_120200216280_step_12_7c66c1a8b0.png,404,120200216280,12,120200216280,12,2020-02-27 12:00:00,70.5,18.25,987.39746,,2020-02-27 12:05:28.820419,74.316361,10.841277999999988,оставлено прежнее значение,False,False,lookup_by_new_ID_step,False,True
Solovieva_PL_crop_00394_ID_120200216340_step_0,394,120200216340,0,2020-02-27,00:00:00,2020-02-27 00:00:00,58.5,-38.0,992.6275,25.766,2020-02-27 00:07:28.619922,62.46907,-34.44246100000001,58.5,-37.9376916775,0.0,1.0,2020-02-27 00:00:00,2020-02-27 01:00:00,0.124616645,480.9185331514225,482.2813562883662,0.124616645,490.88786475142246,same_id,interpolated_track_position_nearest_track_point_for_targets,warning_distance,True,True,120200216340,0,2020-02-27 00:00:00,58.5,-38.0,992.6275,25.766,False,False,512,512,Solovieva_diploma_PL_training_images/png/Solovieva_PL_crop_00394_ID_120200216340_step_0.png,Solovieva_diploma_PL_training_images/npy/Solovieva_PL_crop_00394_ID_120200216340_step_0.npy,crop_00394_ID_120200216340_step_0_b8ee52d36f.png,/content/drive/MyDrive/sentinel3/SLSTR/ml_manual_crops_010526/png/crop_00394_ID_120200216340_step_0_b8ee52d36f.png,True,S3A_SL_1_RBT____20200227T000449_20200227T000749_20200228T035441_0180_055_216_0900_LN2_O_NT_004,,,,,,crop_00394_ID_120200216340_step_0_b8ee52d36f.png,394,120200216340,0,120200216340,0,2020-02-27 00:00:00,58.5,-38.0,992.6275,,2020-02-27 00:07:28.619922,62.46907,-34.44246100000001,оставлено прежнее значение,False,False,lookup_by_new_ID_step,False,True
Solovieva_PL_crop_00412_ID_120200216400_step_14,412,120200216400,14,2020-02-27,14:00:00,2020-02-27 14:00:00,77.5,40.0,985.20563,25.841,2020-02-27 13:42:39.063849,81.469048,48.22059899999999,77.5,40.072287232708334,13.0,14.0,2020-02-27 13:00:00,2020-02-27 14:00:00,0.7108510691666666,470.228912026084,470.7268837495542,0.2891489308333334,493.3608264927506,same_id,interpolated_track_position_nearest_track_point_for_targets,warning_distance,True,True,120200216400,14,2020-02-27 15:00:00,77.5,40.0,985.20563,25.841,False,False,512,512,Solovieva_diploma_PL_training_images/png/Solovieva_PL_crop_00412_ID_120200216400_step_14.png,Solovieva_diploma_PL_training_images/npy/Solovieva_PL_crop_00412_ID_120200216400_step_14.npy,crop_00412_ID_120200216400_step_14_e437d4650d.png,/content/drive/MyDrive/sentinel3/SLSTR/ml_manual_crops_010526/png/crop_00412_ID_120200216400_step_14_e437d4650d.png,True,S3A_SL_1_RBT____20200227T134142_20200227T134442_20200228T182523_0179_055_224_1440_LN2_O_NT_004,,,,,,crop_00412_ID_120200216400_step_14_e437d4650d.png,412,120200216400,14,120200216400,14,2020-02-27 14:00:00,77.5,40.0,985.20563,,2020-02-27 13:42:39.063849,81.469048,48.22059899999999,оставлено прежнее значение,False,False,lookup_by_new_ID_step,False,True
Solovieva_PL_crop_00414_ID_120200216400_step_16,414,120200216400,16,2020-02-27,16:00:00,2020-02-27 16:00:00,77.5,40.5,985.14996,27.781,2020-02-27 16:23:03.126408,76.836891,39.444102999999984,77.5,40.596050445,16.0,17.0,2020-02-27 16:00:00,2020-02-27 17:00:00,0.38420178,79.02806504356214,78.20616255457858,0.38420178,109.76420744356214,same_id,interpolated_track_position_nearest_track_point_for_targets,ok,True,True,120200216400,16,2020-02-27 17:00:00,77.5,40.5,985.14996,27.781,False,False,512,512,Solovieva_diploma_PL_training_images/png/Solovieva_PL_crop_00414_ID_120200216400_step_16.png,Solovieva_diploma_PL_training_images/npy/Solovieva_PL_crop_00414_ID_120200216400_step_16.npy,crop_00414_ID_120200216400_step_16_85246f9874.png,/content/drive/MyDrive/sentinel3/SLSTR/ml_manual_crops_010526/png/crop_00414_ID_120200216400_step_16_85246f9874.png,True,S3B_SL_1_RBT____20200227T162109_20200227T162409_20200228T213459_0179_036_083_1260_LN2_O_NT_004,,,,,,crop_00414_ID_120200216400_step_16_85246f9874.png,414,120200216400,16,120200216400,16,2020-02-27 16:00:00,77.5,40.5,985.14996,,2020-02-27 16:23:03.126408,76.836891,39.444102999999984,оставлено прежнее значение,False,False,lookup_by_new_ID_step,False,True
Solovieva_PL_crop_00415_ID_120200216400_step_17,415,120200216400,17,2020-02-27,17:00:00,2020-02-27 17:00:00,77.5,40.75,985.25873,26.421,2020-02-27 17:02:10.936648,76.96851699999999,39.898202,77.5,40.76818564555555,17.0,18.0,2020-02-27 17:00:00,2020-02-27 18:00:00,0.0363712911111111,62.8435851915748,62.69307913391452,0.0363712911111111,65.7532884804637,same_id,interpolated_track_position_nearest_track_point_for_targets,ok,True,True,120200216400,17,2020-02-27 18:00:00,77.5,40.75,985.25873,26.421,False,False,512,512,Solovieva_diploma_PL_training_images/png/Solovieva_PL_crop_00415_ID_120200216400_step_17.png,Solovieva_diploma_PL_training_images/npy/Solovieva_PL_crop_00415_ID_120200216400_step_17.npy,crop_00415_ID_120200216400_step_17_c846ff887a.png,/content/drive/MyDrive/sentinel3/SLSTR/ml_manual_crops_010526/png/crop_00415_ID_120200216400_step_17_c846ff887a.png,True,S3A_SL_1_RBT____20200227T170041_20200227T170341_20200228T214215_0179_055_226_1260_LN2_O_NT_004,,,,,,crop_00415_ID_120200216400_step_17_c846ff887a.png,415,120200216400,17,120200216400,17,2020-02-27 17:00:00,77.5,40.75,985.25873,,2020-02-27 17:02:10.936648,76.96851699999999,39.898202,оставлено прежнее значение,False,False,lookup_by_new_ID_step,False,True
Solovieva_PL_crop_00417_ID_120200216400_step_18,417,120200216400,18,2020-02-27,18:00:00,2020-02-27 18:00:00,77.5,41.25,985.21307,24.698,2020-02-27 18:03:07.118444,76.889003,41.120103,77.5,41.27598867277777,18.0,19.0,2020-02-27 18:00:00,2020-02-27 19:00:00,0.0519773455555555,68.04824485890813,68.0151081330783,0.0519773455555555,72.20643250335257,same_id,interpolated_track_position_nearest_track_point_for_targets,ok,True,True,120200216400,18,2020-02-27 19:00:00,77.5,41.25,985.21307,24.698,False,False,512,512,Solovieva_diploma_PL_training_images/png/Solovieva_PL_crop_00417_ID_120200216400_step_18.png,Solovieva_diploma_PL_training_images/npy/Solovieva_PL_crop_00417_ID_120200216400_step_18.npy,crop_00417_ID_120200216400_step_18_890b8725d3.png,/content/drive/MyDrive/sentinel3/SLSTR/ml_manual_crops_010526/png/crop_00417_ID_120200216400_step_18_890b8725d3.png,True,S3B_SL_1_RBT____20200227T180208_20200227T180508_20200228T232108_0179_036_084_1260_LN2_O_NT_004,,,,,,crop_00417_ID_120200216400_step_18_890b8725d3.png,417,120200216400,18,120200216400,18,2020-02-27 18:00:00,77.5,41.25,985.21307,,2020-02-27 18:03:07.118444,76.889003,41.120103,оставлено прежнее значение,False,False,lookup_by_new_ID_step,False,True
Solovieva_PL_crop_00418_ID_120200216400_step_19,418,120200216400,19,2020-02-27,19:00:00,2020-02-27 19:00:00,77.5,41.75,985.505,23.507,2020-02-27 18:42:36.771285,77.341206,40.37234000000001,77.5,41.60510712291665,18.0,19.0,2020-02-27 18:00:00,2020-02-27 19:00:00,0.7102142458333334,34.68416053752911,37.74639779106879,0.2897857541666666,57.86702087086244,same_id,interpolated_track_position_nearest_track_point_for_targets,ok,True,True,120200216400,19,2020-02-27 20:00:00,77.5,41.75,985.505,23.507,False,False,512,512,Solovieva_diploma_PL_training_images/png/Solovieva_PL_crop_00418_ID_120200216400_step_19.png,Solovieva_diploma_PL_training_images/npy/Solovieva_PL_crop_00418_ID_120200216400_step_19.npy,crop_00418_ID_120200216400_step_19_aa40445cd4.png,/content/drive/MyDrive/sentinel3/SLSTR/ml_manual_crops_010526/png/crop_00418_ID_120200216400_step_19_aa40445cd4.png,True,S3A_SL_1_RBT____20200227T184140_20200227T184440_20200228T232547_0179_055_227_1260_LN2_O_NT_004,,,,,,crop_00418_ID_120200216400_step_19_aa40445cd4.png,418,120200216400,19,120200216400,19,2020-02-27 19:00:00,77.5,41.75,985.505,,2020-02-27 18:42:36.771285,77.341206,40.37234000000001,оставлено прежнее значение,False,False,lookup_by_new_ID_step,False,True
Solovieva_PL_crop_00398_ID_120200216700_step_10,398,120200216700,10,2020-02-27,10:00:00,2020-02-27 10:00:00,57.25,7.75,996.92188,19.585,2020-02-27 09:51:22.840068,56.093262,3.856846999999988,57.21408611583333,7.714086115833339,9.0,10.0,2020-02-27 09:00:00,2020-02-27 10:00:00,0.8563444633333334,266.628526540109,270.3449262596779,0.1436555366666666,278.1209694734424,same_id,interpolated_track_position_nearest_track_point_for_targets,ok,True,True,120200216700,10,2020-02-27 22:00:00,57.25,7.75,996.92188,19.585,False,False,512,512,Solovieva_diploma_PL_training_images/png/Solovieva_PL_crop_00398_ID_120200216700_step_10.png,Solovieva_diploma_PL_training_images/npy/Solovieva_PL_crop_00398_ID_120200216700_step_10.npy,crop_00398_ID_120200216700_step_10_3fc52d59fd.png,/content/drive/MyDrive/sentinel3/SLSTR/ml_manual_crops_010526/png/crop_00398_ID_120200216700_step_10_3fc52d59fd.png,True,S3B_SL_1_RBT____20200227T094912_20200227T095212_20200228T151034_0179_036_079_1980_LN2_O_NT_004,,,,,,crop_00398_ID_120200216700_step_10_3fc52d59fd.png,398,120200216700,10,120200216700,10,2020-02-27 10:00:00,57.25,7.75,996.92188,,2020-02-27 09:51:22.840068,56.093262,3.856846999999988,оставлено прежнее значение,False,False,lookup_by_new_ID_step,False,True
Solovieva_PL_crop_00402_ID_120200216700_step_11,402,120200216700,11,2020-02-27,11:00:00,2020-02-27 11:00:00,57.25,8.0,997.2475,19.213,2020-02-27 10:30:34.170804,56.351657,2.420716999999996,57.25,7.877372972500012,10.0,11.0,2020-02-27 10:00:00,2020-02-27 11:00:00,0.50949189,346.80999433318215,353.95985673705525,0.49050811,386.0506431331821,same_id,interpolated_track_position_nearest_track_point_for_targets,warning_distance,True,True,120200216700,11,2020-02-27 23:00:00,57.25,8.0,997.2475,19.213,False,False,512,512,Solovieva_diploma_PL_training_images/png/Solovieva_PL_crop_00402_ID_120200216700_step_11.png,Solovieva_diploma_PL_training_images/npy/Solovieva_PL_crop_00402_ID_120200216700_step_11.npy,crop_00402_ID_120200216700_step_11_dbd8e865ad.png,/content/drive/MyDrive/sentinel3/SLSTR/ml_manual_crops_010526/png/crop_00402_ID_120200216700_step_11_dbd8e865ad.png,True,S3A_SL_1_RBT____20200227T102844_20200227T103144_20200228T150855_0179_055_222_1980_LN2_O_NT_004,,,,,,crop_00402_ID_120200216700_step_11_dbd8e865ad.png,402,120200216700,11,120200216700,11,2020-02-27 11:00:00,57.25,8.0,997.2475,,2020-02-27 10:30:34.170804,56.351657,2.420716999999996,оставлено прежнее значение,False,False,lookup_by_new_ID_step,False,True
Solovieva_PL_crop_00399_ID_120200216770_step_10,399,120200216770,10,2020-02-27,10:00:00,2020-02-27 10:00:00,68.5,9.25,984.87372,31.596000000000004,2020-02-27 09:47:10.249049,70.665244,10.886822999999993,68.44654507284723,9.089635218541671,9.0,10.0,2020-02-27 09:00:00,2020-02-27 10:00:00,0.7861802913888889,256.36518107951684,248.97342168846703,0.2138197086111111,273.47075776840575,same_id,interpolated_track_position_nearest_track_point_for_targets,ok,True,True,120200216770,10,2020-02-27 23:00:00,68.5,9.25,984.87372,31.596000000000004,False,False,512,512,Solovieva_diploma_PL_training_images/png/Solovieva_PL_crop_00399_ID_120200216770_step_10.png,Solovieva_diploma_PL_training_images/npy/Solovieva_PL_crop_00399_ID_120200216770_step_10.npy,crop_00399_ID_120200216770_step_10_70438b8553.png,/content/drive/MyDrive/sentinel3/SLSTR/ml_manual_crops_010526/png/crop_00399_ID_120200216770_step_10_70438b8553.png,True,S3B_SL_1_RBT____20200227T094612_20200227T094912_20200228T150839_0179_036_079_1800_LN2_O_NT_004,,,,,,crop_00399_ID_120200216770_step_10_70438b8553.png,399,120200216770,10,120200216770,10,2020-02-27 10:00:00,68.5,9.25,984.87372,,2020-02-27 09:47:10.249049,70.665244,10.886822999999993,pred_valid_20260508_1839.csv:rel_vort_850_smth,False,False,lookup_by_new_ID_step,False,True
Solovieva_PL_crop_00427_ID_120200216770_step_11,427,120200216770,11,2020-02-28,11:00:00,2020-02-28 11:00:00,68.5,10.0,985.08246,32.127,2020-02-28 11:02:43.097191,65.68883199999999,8.586949000000004,68.51132619381944,10.033978581458342,11.0,12.0,2020-02-28 11:00:00,2020-02-28 12:00:00,0.0453047752777777,320.0090114261999,318.4924116381676,0.0453047752777777,323.6333934484221,same_id,interpolated_track_position_nearest_track_point_for_targets,warning_distance,True,True,120200216770,11,2020-02-28 00:00:00,68.5,10.0,985.08246,32.127,False,False,512,512,Solovieva_diploma_PL_training_images/png/Solovieva_PL_crop_00427_ID_120200216770_step_11.png,Solovieva_diploma_PL_training_images/npy/Solovieva_PL_crop_00427_ID_120200216770_step_11.npy,crop_00427_ID_120200216770_step_11_c5df1d6413.png,/content/drive/MyDrive/sentinel3/SLSTR/ml_manual_crops_010526/png/crop_00427_ID_120200216770_step_11_c5df1d6413.png,True,S3B_SL_1_RBT____20200228T110101_20200228T110401_20200229T154835_0179_036_094_1800_LN2_O_NT_004,,,,,,crop_00427_ID_120200216770_step_11_c5df1d6413.png,427,120200216770,11,120200216770,11,2020-02-28 11:00:00,68.5,10.0,985.08246,,2020-02-28 11:02:43.097191,65.68883199999999,8.586949000000004,pred_valid_20260508_1839.csv:rel_vort_850_smth,False,False,lookup_by_new_ID_step,False,True
Solovieva_PL_crop_00424_ID_120200216800_step_9,424,120200216800,9,2020-02-28,09:00:00,2020-02-28 09:00:00,73.25,52.5,991.08246,17.889000000000003,2020-02-28 09:19:12.712497,73.13575999999999,48.941344000000015,73.25,52.5,9.0,9.0,2020-02-28 09:00:00,2020-02-28 09:00:00,0.0,115.10385520991332,115.10385520991332,0.3201979158333333,140.71968847658002,same_id,nearest_track_point,ok,True,True,120200216800,9,2020-02-28 00:00:00,73.25,52.5,991.08246,17.889000000000003,False,False,512,512,Solovieva_diploma_PL_training_images/png/Solovieva_PL_crop_00424_ID_120200216800_step_9.png,Solovieva_diploma_PL_training_images/npy/Solovieva_PL_crop_00424_ID_120200216800_step_9.npy,crop_00424_ID_120200216800_step_9_7a9f375a18.png,/content/drive/MyDrive/sentinel3/SLSTR/ml_manual_crops_010526/png/crop_00424_ID_120200216800_step_9_7a9f375a18.png,True,S3B_SL_1_RBT____20200228T091702_20200228T092002_20200229T142134_0179_036_093_1620_LN2_O_NT_004,,,,,,crop_00424_ID_120200216800_step_9_7a9f375a18.png,424,120200216800,9,120200216800,9,2020-02-28 09:00:00,73.25,52.5,991.08246,,2020-02-28 09:19:12.712497,73.13575999999999,48.941344000000015,оставлено прежнее значение,False,False,lookup_by_new_ID_step,False,True
Solovieva_PL_crop_00433_ID_120200216810_step_13,433,120200216810,13,2020-02-28,13:00:00,2020-02-28 13:00:00,57.0,-40.0,995.84558,16.985,2020-02-28 12:47:02.680167,56.409897,-38.43592000000001,57.05398054395833,-40.16194163187501,12.0,13.0,2020-02-28 12:00:00,2020-02-28 13:00:00,0.7840778241666667,127.32624529676184,115.8422919828308,0.2159221758333333,144.6000193634285,same_id,interpolated_track_position_nearest_track_point_for_targets,ok,True,True,120200216810,13,2020-02-28 05:00:00,57.0,-40.0,995.84558,16.985,False,False,512,512,Solovieva_diploma_PL_training_images/png/Solovieva_PL_crop_00433_ID_120200216810_step_13.png,Solovieva_diploma_PL_training_images/npy/Solovieva_PL_crop_00433_ID_120200216810_step_13.npy,crop_00433_ID_120200216810_step_13_d8efff6b08.png,/content/drive/MyDrive/sentinel3/SLSTR/ml_manual_crops_010526/png/crop_00433_ID_120200216810_step_13_d8efff6b08.png,True,S3B_SL_1_RBT____20200228T124500_20200228T124800_20200229T173949_0179_036_095_1980_LN2_O_NT_004,,,,,,crop_00433_ID_120200216810_step_13_d8efff6b08.png,433,120200216810,13,120200216810,13,2020-02-28 13:00:00,57.0,-40.0,995.84558,,2020-02-28 12:47:02.680167,56.409897,-38.43592000000001,оставлено прежнее значение,False,False,lookup_by_new_ID_step,False,True
Solovieva_PL_crop_00437_ID_120200216960_step_23,437,120200216960,23,2020-02-28,23:00:00,2020-02-28 23:00:00,62.5,-33.5,979.57996,26.243,2020-02-28 23:15:06.742380,61.030368,-33.767904999999985,62.37406355833333,-33.56296822083334,23.0,24.0,2020-02-28 23:00:00,2020-02-29 00:00:00,0.2518728833333333,149.80194294644429,164.02181633337716,0.2518728833333333,169.95177361311096,same_id,interpolated_track_position_nearest_track_point_for_targets,ok,True,True,120200216960,23,2020-02-28 20:00:00,62.5,-33.5,979.57996,26.243,False,False,512,512,Solovieva_diploma_PL_training_images/png/Solovieva_PL_crop_00437_ID_120200216960_step_23.png,Solovieva_diploma_PL_training_images/npy/Solovieva_PL_crop_00437_ID_120200216960_step_23.npy,crop_00437_ID_120200216960_step_23_5fc07d8624.png,/content/drive/MyDrive/sentinel3/SLSTR/ml_manual_crops_010526/png/crop_00437_ID_120200216960_step_23_5fc07d8624.png,True,S3A_SL_1_RBT____20200228T231227_20200228T231527_20200301T043636_0180_055_244_0900_LN2_O_NT_004,,,,,,crop_00437_ID_120200216960_step_23_5fc07d8624.png,437,120200216960,23,120200216960,23,2020-02-28 23:00:00,62.5,-33.5,979.57996,,2020-02-28 23:15:06.742380,61.030368,-33.767904999999985,оставлено прежнее значение,False,False,lookup_by_new_ID_step,False,True
Solovieva_PL_crop_00439_ID_120200216960_step_24,439,120200216960,24,2020-02-29,00:00:00,2020-02-29 00:00:00,62.0,-33.75,979.36871,25.02,2020-02-29 00:16:11.147662,61.099003,-36.677426,61.93255919013889,-33.682559190138875,24.0,25.0,2020-02-29 00:00:00,2020-02-29 01:00:00,0.2697632394444444,183.86211392516256,184.59678386776667,0.2697632394444444,205.4431730807181,same_id,interpolated_track_position_nearest_track_point_for_targets,ok,True,True,120200216960,24,2020-02-28 21:00:00,62.0,-33.75,979.36871,25.02,False,False,512,512,Solovieva_diploma_PL_training_images/png/Solovieva_PL_crop_00439_ID_120200216960_step_24.png,Solovieva_diploma_PL_training_images/npy/Solovieva_PL_crop_00439_ID_120200216960_step_24.npy,crop_00439_ID_120200216960_step_24_7b3635907e.png,/content/drive/MyDrive/sentinel3/SLSTR/ml_manual_crops_010526/png/crop_00439_ID_120200216960_step_24_7b3635907e.png,True,S3B_SL_1_RBT____20200229T001355_20200229T001655_20200301T043223_0179_036_102_0900_LN2_O_NT_004,,,,,,crop_00439_ID_120200216960_step_24_7b3635907e.png,439,120200216960,24,120200216960,24,2020-02-29 00:00:00,62.0,-33.75,979.36871,,2020-02-29 00:16:11.147662,61.099003,-36.677426,оставлено прежнее значение,False,False,lookup_by_new_ID_step,False,True
Solovieva_PL_crop_00425_ID_120200217310_step_9,425,120200217310,9,2020-02-28,09:00:00,2020-02-28 09:00:00,71.75,16.0,987.46875,37.832,2020-02-28 09:20:58.008773,70.84821099999999,15.898879999999991,71.75,16.087361720347218,9.0,10.0,2020-02-28 09:00:00,2020-02-28 10:00:00,0.3494468813888889,100.4991430085406,100.33911209370966,0.3494468813888889,128.4548935196517,same_id,interpolated_track_position_nearest_track_point_for_targets,ok,True,True,120200217310,9,2020-02-28 17:00:00,71.75,16.0,987.46875,37.832,False,False,512,512,Solovieva_diploma_PL_training_images/png/Solovieva_PL_crop_00425_ID_120200217310_step_9.png,Solovieva_diploma_PL_training_images/npy/Solovieva_PL_crop_00425_ID_120200217310_step_9.npy,crop_00425_ID_120200217310_step_9_9e48c7717f.png,/content/drive/MyDrive/sentinel3/SLSTR/ml_manual_crops_010526/png/crop_00425_ID_120200217310_step_9_9e48c7717f.png,True,S3B_SL_1_RBT____20200228T092002_20200228T092302_20200229T142141_0180_036_093_1800_LN2_O_NT_004,,,,,,crop_00425_ID_120200217310_step_9_9e48c7717f.png,425,120200217310,9,120200217310,9,2020-02-28 09:00:00,71.75,16.0,987.46875,,2020-02-28 09:20:58.008773,70.84821099999999,15.898879999999991,оставлено прежнее значение,False,False,lookup_by_new_ID_step,False,True
Solovieva_PL_crop_00426_ID_120200217310_step_10,426,120200217310,10,2020-02-28,10:00:00,2020-02-28 10:00:00,71.75,16.25,987.74249,38.499,2020-02-28 10:00:29.842850,69.99006,15.820219000000009,71.75207242013889,16.25828968055555,10.0,11.0,2020-02-28 10:00:00,2020-02-28 11:00:00,0.0082896805555555,196.5746793304189,196.3207891943168,0.0082896805555555,197.2378537748633,same_id,interpolated_track_position_nearest_track_point_for_targets,ok,True,True,120200217310,10,2020-02-28 18:00:00,71.75,16.25,987.74249,38.499,False,False,512,512,Solovieva_diploma_PL_training_images/png/Solovieva_PL_crop_00426_ID_120200217310_step_10.png,Solovieva_diploma_PL_training_images/npy/Solovieva_PL_crop_00426_ID_120200217310_step_10.npy,crop_00426_ID_120200217310_step_10_4847a26386.png,/content/drive/MyDrive/sentinel3/SLSTR/ml_manual_crops_010526/png/crop_00426_ID_120200217310_step_10_4847a26386.png,True,S3A_SL_1_RBT____20200228T095933_20200228T100233_20200229T161631_0179_055_236_1800_LN2_O_NT_004,,,,,,crop_00426_ID_120200217310_step_10_4847a26386.png,426,120200217310,10,120200217310,10,2020-02-28 10:00:00,71.75,16.25,987.74249,,2020-02-28 10:00:29.842850,69.99006,15.820219000000009,оставлено прежнее значение,False,False,lookup_by_new_ID_step,False,True
Solovieva_PL_crop_00428_ID_120200217310_step_11,428,120200217310,11,2020-02-28,11:00:00,2020-02-28 11:00:00,72.0,17.25,987.73438,39.781,2020-02-28 11:00:40.401537,71.94359299999999,19.52929499999999,72.0,17.25,11.0,12.0,2020-02-28 11:00:00,2020-02-28 12:00:00,0.0112226491666666,78.68339427040019,78.68339427040019,0.0112226491666666,79.58120620373352,same_id,interpolated_track_position_nearest_track_point_for_targets,ok,True,True,120200217310,11,2020-02-28 19:00:00,72.0,17.25,987.73438,39.781,False,False,512,512,Solovieva_diploma_PL_training_images/png/Solovieva_PL_crop_00428_ID_120200217310_step_11.png,Solovieva_diploma_PL_training_images/npy/Solovieva_PL_crop_00428_ID_120200217310_step_11.npy,crop_00428_ID_120200217310_step_11_6255852f11.png,/content/drive/MyDrive/sentinel3/SLSTR/ml_manual_crops_010526/png/crop_00428_ID_120200217310_step_11_6255852f11.png,True,S3B_SL_1_RBT____20200228T105801_20200228T110101_20200229T154900_0179_036_094_1620_LN2_O_NT_004,,,,,,crop_00428_ID_120200217310_step_11_6255852f11.png,428,120200217310,11,120200217310,11,2020-02-28 11:00:00,72.0,17.25,987.73438,,2020-02-28 11:00:40.401537,71.94359299999999,19.52929499999999,оставлено прежнее значение,False,False,lookup_by_new_ID_step,False,True
Solovieva_PL_crop_00431_ID_120200217310_step_12,431,120200217310,12,2020-02-28,12:00:00,2020-02-28 12:00:00,72.0,17.25,988.06,40.366,2020-02-28 11:40:01.979799,72.275774,11.511315999999994,72.0,17.25,11.0,12.0,2020-02-28 11:00:00,2020-02-28 12:00:00,0.6672166108333333,198.03531486209604,198.03531486209604,0.3327833891666666,224.65798599542936,same_id,interpolated_track_position_nearest_track_point_for_targets,ok,True,True,120200217310,12,2020-02-28 20:00:00,72.0,17.25,988.06,40.366,False,False,512,512,Solovieva_diploma_PL_training_images/png/Solovieva_PL_crop_00431_ID_120200217310_step_12.png,Solovieva_diploma_PL_training_images/npy/Solovieva_PL_crop_00431_ID_120200217310_step_12.npy,crop_00431_ID_120200217310_step_12_d6b486a034.png,/content/drive/MyDrive/sentinel3/SLSTR/ml_manual_crops_010526/png/crop_00431_ID_120200217310_step_12_d6b486a034.png,True,S3A_SL_1_RBT____20200228T113732_20200228T114032_20200229T175055_0179_055_237_1620_LN2_O_NT_004,,,,,,crop_00431_ID_120200217310_step_12_d6b486a034.png,431,120200217310,12,120200217310,12,2020-02-28 12:00:00,72.0,17.25,988.06,,2020-02-28 11:40:01.979799,72.275774,11.511315999999994,оставлено прежнее значение,False,False,lookup_by_new_ID_step,False,True
Solovieva_PL_crop_00455_ID_120200217310_step_19,455,120200217310,19,2020-02-29,19:00:00,2020-02-29 19:00:00,73.0,21.25,988.25995,33.86300000000001,2020-02-29 18:51:42.726477,75.152064,15.86138600000001,73.0,21.215467116458345,18.0,19.0,2020-02-29 18:00:00,2020-02-29 19:00:00,0.8618684658333333,289.4947608523877,290.08703348644826,0.1381315341666666,300.545283585721,same_id,interpolated_track_position_nearest_track_point_for_targets,ok,True,True,120200217310,19,2020-02-29 03:00:00,73.0,21.25,988.25995,33.86300000000001,False,False,512,512,Solovieva_diploma_PL_training_images/png/Solovieva_PL_crop_00455_ID_120200217310_step_19.png,Solovieva_diploma_PL_training_images/npy/Solovieva_PL_crop_00455_ID_120200217310_step_19.npy,crop_00455_ID_120200217310_step_19_a2b8f8d0a4.png,/content/drive/MyDrive/sentinel3/SLSTR/ml_manual_crops_010526/png/crop_00455_ID_120200217310_step_19_a2b8f8d0a4.png,True,S3B_SL_1_RBT____20200229T185046_20200229T185346_20200301T233539_0179_036_113_1260_LN2_O_NT_004,,,,,,crop_00455_ID_120200217310_step_19_a2b8f8d0a4.png,455,120200217310,19,120200217310,19,2020-02-29 19:00:00,73.0,21.25,988.25995,,2020-02-29 18:51:42.726477,75.152064,15.86138600000001,оставлено прежнее значение,False,False,lookup_by_new_ID_step,False,True
Solovieva_PL_crop_00460_ID_120200217310_step_34,460,120200217310,34,2020-03-01,10:00:00,2020-03-01 10:00:00,74.25,22.5,986.53687,34.89,2020-03-01 10:08:18.917930,73.71819099999999,23.018902999999995,74.25,22.222823372222223,34.0,35.0,2020-03-01 10:00:00,2020-03-01 11:00:00,0.1385883138888889,63.97812600087755,61.239248092848825,0.1385883138888889,75.06519111198867,same_id,interpolated_track_position_nearest_track_point_for_targets,ok,True,True,120200217310,34,2020-02-29 18:00:00,74.25,22.5,986.53687,34.89,False,False,512,512,Solovieva_diploma_PL_training_images/png/Solovieva_PL_crop_00460_ID_120200217310_step_34.png,Solovieva_diploma_PL_training_images/npy/Solovieva_PL_crop_00460_ID_120200217310_step_34.npy,crop_00460_ID_120200217310_step_34_6d7fb3b333.png,/content/drive/MyDrive/sentinel3/SLSTR/ml_manual_crops_010526/png/crop_00460_ID_120200217310_step_34_6d7fb3b333.png,True,S3B_SL_1_RBT____20200301T100539_20200301T100839_20200302T213024_0180_036_122_1620_LN2_O_NT_004,,,,,,crop_00460_ID_120200217310_step_34_6d7fb3b333.png,460,120200217310,34,120200217310,34,2020-03-01 10:00:00,74.25,22.5,986.53687,,2020-03-01 10:08:18.917930,73.71819099999999,23.018902999999995,оставлено прежнее значение,False,False,lookup_by_new_ID_step,False,True
Solovieva_PL_crop_00461_ID_120200217310_step_35,461,120200217310,35,2020-03-01,11:00:00,2020-03-01 11:00:00,74.25,20.5,991.49432,33.586,2020-03-01 10:47:38.899665,73.01883699999999,21.637405,74.25,20.911722408333333,34.0,35.0,2020-03-01 10:00:00,2020-03-01 11:00:00,0.7941387958333334,138.77167229120812,141.45489042730628,0.2058612041666666,155.24056862454145,same_id,interpolated_track_position_nearest_track_point_for_targets,ok,True,True,120200217310,35,2020-02-29 19:00:00,74.25,20.5,991.49432,33.586,False,False,512,512,Solovieva_diploma_PL_training_images/png/Solovieva_PL_crop_00461_ID_120200217310_step_35.png,Solovieva_diploma_PL_training_images/npy/Solovieva_PL_crop_00461_ID_120200217310_step_35.npy,crop_00461_ID_120200217310_step_35_dc18bce269.png,/content/drive/MyDrive/sentinel3/SLSTR/ml_manual_crops_010526/png/crop_00461_ID_120200217310_step_35_dc18bce269.png,True,S3A_SL_1_RBT____20200301T104510_20200301T104810_20200302T224047_0179_055_265_1620_LN2_O_NT_004,,,,,,crop_00461_ID_120200217310_step_35_dc18bce269.png,461,120200217310,35,120200217310,35,2020-03-01 11:00:00,74.25,20.5,991.49432,,2020-03-01 10:47:38.899665,73.01883699999999,21.637405,оставлено прежнее значение,False,False,lookup_by_new_ID_step,False,True
Solovieva_PL_crop_00468_ID_120200218240_step_23,468,120200218240,23,2020-03-01,23:00:00,2020-03-01 23:00:00,63.5,-36.25,976.48749,26.861,2020-03-01 23:24:12.761801,61.452855,-33.37052699999998,63.5,-36.35088623618054,23.0,24.0,2020-03-01 23:00:00,2020-03-02 00:00:00,0.4035449447222222,274.29090517146795,271.4352645067498,0.4035449447222222,306.5745007492457,same_id,interpolated_track_position_nearest_track_point_for_targets,ok,True,True,120200218240,23,2020-03-01 09:00:00,63.5,-36.25,976.48749,26.861,False,False,512,512,Solovieva_diploma_PL_training_images/png/Solovieva_PL_crop_00468_ID_120200218240_step_23.png,Solovieva_diploma_PL_training_images/npy/Solovieva_PL_crop_00468_ID_120200218240_step_23.npy,crop_00468_ID_120200218240_step_23_4a1b07b5d8.png,/content/drive/MyDrive/sentinel3/SLSTR/ml_manual_crops_010526/png/crop_00468_ID_120200218240_step_23_4a1b07b5d8.png,True,S3B_SL_1_RBT____20200301T232133_20200301T232433_20200303T045331_0179_036_130_0900_LN2_O_NT_004,,,,,,crop_00468_ID_120200218240_step_23_4a1b07b5d8.png,468,120200218240,23,120200218240,23,2020-03-01 23:00:00,63.5,-36.25,976.48749,,2020-03-01 23:24:12.761801,61.452855,-33.37052699999998,оставлено прежнее значение,False,False,lookup_by_new_ID_step,False,True
Solovieva_PL_crop_00469_ID_120200218240_step_24,469,120200218240,24,2020-03-02,00:00:00,2020-03-02 00:00:00,63.5,-36.5,977.92249,28.106,2020-03-02 00:03:43.693770,62.390679,-34.48284699999999,63.48446571041666,-36.5,24.0,25.0,2020-03-02 00:00:00,2020-03-02 01:00:00,0.0621371583333333,158.7481139571767,160.05773209569503,0.0621371583333333,163.71908662384337,same_id,interpolated_track_position_nearest_track_point_for_targets,ok,True,True,120200218240,24,2020-03-01 10:00:00,63.5,-36.5,977.92249,28.106,False,False,512,512,Solovieva_diploma_PL_training_images/png/Solovieva_PL_crop_00469_ID_120200218240_step_24.png,Solovieva_diploma_PL_training_images/npy/Solovieva_PL_crop_00469_ID_120200218240_step_24.npy,crop_00469_ID_120200218240_step_24_af56a18085.png,/content/drive/MyDrive/sentinel3/SLSTR/ml_manual_crops_010526/png/crop_00469_ID_120200218240_step_24_af56a18085.png,True,S3A_SL_1_RBT____20200302T000104_20200302T000404_20200303T045354_0179_055_273_0900_LN2_O_NT_004,,,,,,crop_00469_ID_120200218240_step_24_af56a18085.png,469,120200218240,24,120200218240,24,2020-03-02 00:00:00,63.5,-36.5,977.92249,,2020-03-02 00:03:43.693770,62.390679,-34.48284699999999,оставлено прежнее значение,False,False,lookup_by_new_ID_step,False,True
Solovieva_PL_crop_00440_ID_120200218620_step_0,440,120200218620,0,2020-02-29,00:00:00,2020-02-29 00:00:00,61.0,-38.25,982.51184,16.245,2020-02-29 00:16:11.447648,61.124391,-36.71343300000001,60.93253835777778,-38.25,0.0,1.0,2020-02-29 00:00:00,2020-02-29 01:00:00,0.2698465688888889,85.46263618078507,83.81860361543296,0.2698465688888888,107.05036169189616,same_id,interpolated_track_position_nearest_track_point_for_targets,ok,True,True,120200218620,0,2020-02-29 20:00:00,61.0,-38.25,982.51184,16.245,False,False,512,512,Solovieva_diploma_PL_training_images/png/Solovieva_PL_crop_00440_ID_120200218620_step_0.png,Solovieva_diploma_PL_training_images/npy/Solovieva_PL_crop_00440_ID_120200218620_step_0.npy,crop_00440_ID_120200218620_step_0_15a736ec18.png,/content/drive/MyDrive/sentinel3/SLSTR/ml_manual_crops_010526/png/crop_00440_ID_120200218620_step_0_15a736ec18.png,True,S3B_SL_1_RBT____20200229T001355_20200229T001655_20200301T041534_0179_036_102_0900_LN2_O_NT_004,,,,,,crop_00440_ID_120200218620_step_0_15a736ec18.png,440,120200218620,0,120200218620,0,2020-02-29 00:00:00,61.0,-38.25,982.51184,,2020-02-29 00:16:11.447648,61.124391,-36.71343300000001,pred_valid_20260508_1839.csv:rel_vort_850_smth,False,False,lookup_by_new_ID_step,False,True
Solovieva_PL_crop_00465_ID_120200218620_step_13,465,120200218620,13,2020-03-01,13:00:00,2020-03-01 13:00:00,58.0,-34.5,979.73248,18.443,2020-03-01 12:33:31.119274,58.640794,-32.760942,58.11033893930556,-34.83101681791666,12.0,13.0,2020-03-01 12:00:00,2020-03-01 13:00:00,0.5586442427777778,134.32966539574457,124.05129739941488,0.4413557572222222,169.63812597352234,same_id,interpolated_track_position_nearest_track_point_for_targets,ok,True,True,120200218620,13,2020-03-01 09:00:00,58.0,-34.5,979.73248,18.443,False,False,512,512,Solovieva_diploma_PL_training_images/png/Solovieva_PL_crop_00465_ID_120200218620_step_13.png,Solovieva_diploma_PL_training_images/npy/Solovieva_PL_crop_00465_ID_120200218620_step_13.npy,crop_00465_ID_120200218620_step_13_d344ae6d8a.png,/content/drive/MyDrive/sentinel3/SLSTR/ml_manual_crops_010526/png/crop_00465_ID_120200218620_step_13_d344ae6d8a.png,True,S3A_SL_1_RBT____20200301T123210_20200301T123510_20200302T214734_0179_055_266_1980_LN2_O_NT_004,,,,,,crop_00465_ID_120200218620_step_13_d344ae6d8a.png,465,120200218620,13,120200218620,13,2020-03-01 13:00:00,58.0,-34.5,979.73248,,2020-03-01 12:33:31.119274,58.640794,-32.760942,pred_valid_20260508_1839.csv:rel_vort_850_smth,False,False,lookup_by_new_ID_step,False,True
Solovieva_PL_crop_00472_ID_120200300640_step_12,472,120200300640,12,2020-03-02,12:00:00,2020-03-02 12:00:00,72.5,24.0,989.80933,22.587,2020-03-02 11:22:29.265307,73.62453099999999,19.163343999999995,72.49374795918611,23.993747959186123,11.0,12.0,2020-03-01 11:00:00,2020-03-02 12:00:00,0.9749918367444445,200.66059516137395,200.3625322873769,0.6252040813888888,250.67692167248504,same_id,interpolated_track_position_nearest_track_point_for_targets,ok,True,True,120200300640,12,2020-03-02 00:00:00,72.5,24.0,989.80933,22.587,False,False,512,512,Solovieva_diploma_PL_training_images/png/Solovieva_PL_crop_00472_ID_120200300640_step_12.png,Solovieva_diploma_PL_training_images/npy/Solovieva_PL_crop_00472_ID_120200300640_step_12.npy,crop_00472_ID_120200300640_step_12_45a1b9a12e.png,/content/drive/MyDrive/sentinel3/SLSTR/ml_manual_crops_010526/png/crop_00472_ID_120200300640_step_12_45a1b9a12e.png,True,S3B_SL_1_RBT____20200302T112028_20200302T112328_20200303T172020_0179_036_137_1620_LN2_O_NT_004,,,,,,crop_00472_ID_120200300640_step_12_45a1b9a12e.png,472,120200300640,12,120200300640,12,2020-03-02 12:00:00,72.5,24.0,989.80933,,2020-03-02 11:22:29.265307,73.62453099999999,19.163343999999995,оставлено прежнее значение,False,False,lookup_by_new_ID_step,False,True
Solovieva_PL_crop_00459_ID_120200300710_step_0,459,120200300710,0,2020-03-01,00:00:00,2020-03-01 00:00:00,59.75,-43.0,988.00995,18.962,2020-03-01 00:29:03.637388,59.486126,-39.187723000000005,59.75,-42.87891407027777,0.0,1.0,2020-03-01 00:00:00,2020-03-01 01:00:00,0.4843437188888889,209.620927177326,216.3628860921304,0.4843437188888889,248.3684246884371,same_id,interpolated_track_position_nearest_track_point_for_targets,ok,True,True,120200300710,0,2020-03-01 15:00:00,59.75,-43.0,988.00995,18.962,False,False,512,512,Solovieva_diploma_PL_training_images/png/Solovieva_PL_crop_00459_ID_120200300710_step_0.png,Solovieva_diploma_PL_training_images/npy/Solovieva_PL_crop_00459_ID_120200300710_step_0.npy,crop_00459_ID_120200300710_step_0_9263d91463.png,/content/drive/MyDrive/sentinel3/SLSTR/ml_manual_crops_010526/png/crop_00459_ID_120200300710_step_0_9263d91463.png,True,S3A_SL_1_RBT____20200301T002715_20200301T003015_20200302T052149_0179_055_259_0900_LN2_O_NT_004,,,,,,crop_00459_ID_120200300710_step_0_9263d91463.png,459,120200300710,0,120200300710,0,2020-03-01 00:00:00,59.75,-43.0,988.00995,,2020-03-01 00:29:03.637388,59.486126,-39.187723000000005,pred_valid_20260508_1839.csv:rel_vort_850_smth,False,False,lookup_by_new_ID_step,False,True
Solovieva_PL_crop_00484_ID_120200300710_step_24,484,120200300710,24,2020-03-03,00:00:00,2020-03-03 00:00:00,59.75,-41.75,981.63,30.873,2020-03-02 23:37:32.751354,61.005796,-39.46055100000001,59.84355893375,-42.03067680125,23.0,24.0,2020-03-02 23:00:00,2020-03-03 00:00:00,0.625764265,191.28082287572715,187.9469739284426,0.374235735,221.2196816757272,same_id,interpolated_track_position_nearest_track_point_for_targets,ok,True,True,120200300710,24,2020-03-02 15:00:00,59.75,-41.75,981.63,30.873,False,False,512,512,Solovieva_diploma_PL_training_images/png/Solovieva_PL_crop_00484_ID_120200300710_step_24.png,Solovieva_diploma_PL_training_images/npy/Solovieva_PL_crop_00484_ID_120200300710_step_24.npy,crop_00484_ID_120200300710_step_24_665a9f7a13.png,/content/drive/MyDrive/sentinel3/SLSTR/ml_manual_crops_010526/png/crop_00484_ID_120200300710_step_24_665a9f7a13.png,True,S3A_SL_1_RBT____20200302T233453_20200302T233753_20200304T035842_0179_055_287_0900_LN2_O_NT_004,,,,,,crop_00484_ID_120200300710_step_24_665a9f7a13.png,484,120200300710,24,120200300710,24,2020-03-03 00:00:00,59.75,-41.75,981.63,,2020-03-02 23:37:32.751354,61.005796,-39.46055100000001,pred_valid_20260508_1839.csv:rel_vort_850_smth,False,False,lookup_by_new_ID_step,False,True
Solovieva_PL_crop_00496_ID_120200301130_step_15,496,120200301130,15,2020-03-03,15:00:00,2020-03-03 15:00:00,76.75,40.5,986.99683,42.732,2020-03-03 14:52:08.129352,76.92940399999999,52.93078299999999,76.75,40.401693615,14.0,15.0,2020-03-03 14:00:00,2020-03-03 15:00:00,0.86892482,317.2135386954591,314.7437518411484,0.13107518,327.69955309545907,same_id,interpolated_track_position_nearest_track_point_for_targets,warning_distance,True,True,120200301130,15,2020-03-03 01:00:00,76.75,40.5,986.99683,42.732,False,False,512,512,Solovieva_diploma_PL_training_images/png/Solovieva_PL_crop_00496_ID_120200301130_step_15.png,Solovieva_diploma_PL_training_images/npy/Solovieva_PL_crop_00496_ID_120200301130_step_15.npy,crop_00496_ID_120200301130_step_15_221873eee2.png,/content/drive/MyDrive/sentinel3/SLSTR/ml_manual_crops_010526/png/crop_00496_ID_120200301130_step_15_221873eee2.png,True,S3A_SL_1_RBT____20200303T144946_20200303T145246_20200304T200444_0180_055_296_1260_LN2_O_NT_004,,,,,,crop_00496_ID_120200301130_step_15_221873eee2.png,496,120200301130,15,120200301130,15,2020-03-03 15:00:00,76.75,40.5,986.99683,,2020-03-03 14:52:08.129352,76.92940399999999,52.93078299999999,pred_valid_20260508_1839.csv:rel_vort_850_smth,False,False,lookup_by_new_ID_step,False,True
Solovieva_PL_crop_00497_ID_120200301130_step_16,497,120200301130,16,2020-03-03,16:00:00,2020-03-03 16:00:00,76.75,41.25,986.07001,41.97,2020-03-03 15:53:03.202700,77.020798,49.64648700000001,76.75,41.16316722916668,15.0,16.0,2020-03-03 15:00:00,2020-03-03 16:00:00,0.8842229722222222,215.9478092942313,213.7843247755624,0.1157770277777777,225.2099715164536,same_id,interpolated_track_position_nearest_track_point_for_targets,ok,True,True,120200301130,16,2020-03-03 02:00:00,76.75,41.25,986.07001,41.97,False,False,512,512,Solovieva_diploma_PL_training_images/png/Solovieva_PL_crop_00497_ID_120200301130_step_16.png,Solovieva_diploma_PL_training_images/npy/Solovieva_PL_crop_00497_ID_120200301130_step_16.npy,crop_00497_ID_120200301130_step_16_3598e265c5.png,/content/drive/MyDrive/sentinel3/SLSTR/ml_manual_crops_010526/png/crop_00497_ID_120200301130_step_16_3598e265c5.png,True,S3B_SL_1_RBT____20200303T155114_20200303T155414_20200304T212912_0179_036_154_1260_LN2_O_NT_004,,,,,,crop_00497_ID_120200301130_step_16_3598e265c5.png,497,120200301130,16,120200301130,16,2020-03-03 16:00:00,76.75,41.25,986.07001,,2020-03-03 15:53:03.202700,77.020798,49.64648700000001,pred_valid_20260508_1839.csv:rel_vort_850_smth,False,False,lookup_by_new_ID_step,False,True
Solovieva_PL_crop_00493_ID_120200301260_step_13,493,120200301260,13,2020-03-03,13:00:00,2020-03-03 13:00:00,62.5,-39.75,973.30249,20.454,2020-03-03 13:20:26.371485,63.32639,-32.871104,62.41483531354167,-38.81318844895833,13.0,14.0,2020-03-03 13:00:00,2020-03-03 14:00:00,0.3406587458333333,317.74762469197634,360.0099706578772,0.3406587458333333,345.000324358643,same_id,interpolated_track_position_nearest_track_point_for_targets,warning_distance,True,True,120200301260,13,2020-03-03 03:00:00,62.5,-39.75,973.30249,20.454,False,False,512,512,Solovieva_diploma_PL_training_images/png/Solovieva_PL_crop_00493_ID_120200301260_step_13.png,Solovieva_diploma_PL_training_images/npy/Solovieva_PL_crop_00493_ID_120200301260_step_13.npy,crop_00493_ID_120200301260_step_13_f10ac9e918.png,/content/drive/MyDrive/sentinel3/SLSTR/ml_manual_crops_010526/png/crop_00493_ID_120200301260_step_13_f10ac9e918.png,True,S3A_SL_1_RBT____20200303T131747_20200303T132047_20200304T182045_0179_055_295_1800_LN2_O_NT_004,,,,,,crop_00493_ID_120200301260_step_13_f10ac9e918.png,493,120200301260,13,120200301260,13,2020-03-03 13:00:00,62.5,-39.75,973.30249,,2020-03-03 13:20:26.371485,63.32639,-32.871104,оставлено прежнее значение,False,False,lookup_by_new_ID_step,False,True
Solovieva_PL_crop_00505_ID_120200301260_step_23,505,120200301260,23,2020-03-03,23:00:00,2020-03-03 23:00:00,62.5,-36.25,977.24188,19.899,2020-03-03 23:11:21.807593,60.753626,-34.35966500000001,62.5,-36.202652250486096,23.0,24.0,2020-03-03 23:00:00,2020-03-04 00:00:00,0.1893909980555555,217.2187981056404,218.35079130690207,0.1893909980555555,232.3700779500848,same_id,interpolated_track_position_nearest_track_point_for_targets,ok,True,True,120200301260,23,2020-03-03 13:00:00,62.5,-36.25,977.24188,19.899,False,False,512,512,Solovieva_diploma_PL_training_images/png/Solovieva_PL_crop_00505_ID_120200301260_step_23.png,Solovieva_diploma_PL_training_images/npy/Solovieva_PL_crop_00505_ID_120200301260_step_23.npy,crop_00505_ID_120200301260_step_23_5c60bf4d2f.png,/content/drive/MyDrive/sentinel3/SLSTR/ml_manual_crops_010526/png/crop_00505_ID_120200301260_step_23_5c60bf4d2f.png,True,S3A_SL_1_RBT____20200303T230842_20200303T231142_20200305T032741_0179_055_301_0900_LN2_O_NT_004,,,,,,crop_00505_ID_120200301260_step_23_5c60bf4d2f.png,505,120200301260,23,120200301260,23,2020-03-03 23:00:00,62.5,-36.25,977.24188,,2020-03-03 23:11:21.807593,60.753626,-34.35966500000001,оставлено прежнее значение,False,False,lookup_by_new_ID_step,False,True
Solovieva_PL_crop_00507_ID_120200301260_step_24,507,120200301260,24,2020-03-04,00:00:00,2020-03-04 00:00:00,62.5,-36.0,977.43561,19.477,2020-03-04 00:12:50.161870,62.433631,-36.17515800000001,62.5,-36.05348346319445,24.0,25.0,2020-03-04 00:00:00,2020-03-04 01:00:00,0.2139338527777777,9.67357558873764,11.641423685775234,0.2139338527777778,26.788283810959864,same_id,interpolated_track_position_nearest_track_point_for_targets,ok,True,True,120200301260,24,2020-03-03 14:00:00,62.5,-36.0,977.43561,19.477,False,False,512,512,Solovieva_diploma_PL_training_images/png/Solovieva_PL_crop_00507_ID_120200301260_step_24.png,Solovieva_diploma_PL_training_images/npy/Solovieva_PL_crop_00507_ID_120200301260_step_24.npy,crop_00507_ID_120200301260_step_24_f5523ec170.png,/content/drive/MyDrive/sentinel3/SLSTR/ml_manual_crops_010526/png/crop_00507_ID_120200301260_step_24_f5523ec170.png,True,S3B_SL_1_RBT____20200304T001011_20200304T001311_20200305T044853_0179_036_159_0900_LN2_O_NT_004,,,,,,crop_00507_ID_120200301260_step_24_f5523ec170.png,507,120200301260,24,120200301260,24,2020-03-04 00:00:00,62.5,-36.0,977.43561,,2020-03-04 00:12:50.161870,62.433631,-36.17515800000001,оставлено прежнее значение,False,False,lookup_by_new_ID_step,False,True
Solovieva_PL_crop_00498_ID_120200301560_step_16,498,120200301560,16,2020-03-03,16:00:00,2020-03-03 16:00:00,69.5,57.75,988.56561,27.388,2020-03-03 15:50:10.108784,67.499211,65.171495,69.5,57.75,15.0,16.0,2020-03-03 15:00:00,2020-03-03 16:00:00,0.8361413288888889,375.06691466205046,375.06691466205046,0.1638586711111111,388.17560835093934,same_id,interpolated_track_position_nearest_track_point_for_targets,warning_distance,True,True,120200301560,16,2020-03-03 18:00:00,69.5,57.75,988.56561,27.388,False,False,512,512,Solovieva_diploma_PL_training_images/png/Solovieva_PL_crop_00498_ID_120200301560_step_16.png,Solovieva_diploma_PL_training_images/npy/Solovieva_PL_crop_00498_ID_120200301560_step_16.npy,crop_00498_ID_120200301560_step_16_a39d8c7469.png,/content/drive/MyDrive/sentinel3/SLSTR/ml_manual_crops_010526/png/crop_00498_ID_120200301560_step_16_a39d8c7469.png,True,S3B_SL_1_RBT____20200303T154814_20200303T155114_20200304T213034_0179_036_154_1080_LN2_O_NT_004,,,,,,crop_00498_ID_120200301560_step_16_a39d8c7469.png,498,120200301560,16,120200301560,16,2020-03-03 16:00:00,69.5,57.75,988.56561,,2020-03-03 15:50:10.108784,67.499211,65.171495,оставлено прежнее значение,False,False,lookup_by_new_ID_step,False,True
Solovieva_PL_crop_00513_ID_120200302580_step_12,513,120200302580,12,2020-03-05,12:00:00,2020-03-05 12:00:00,54.75,-20.75,992.83313,23.625,2020-03-05 11:50:55.004856,56.470872,-23.788035000000008,54.75,-20.90138754,11.0,12.0,2020-03-05 11:00:00,2020-03-05 12:00:00,0.84861246,263.55377418409506,270.1766190195887,0.15138754,275.66477738409503,same_id,interpolated_track_position_nearest_track_point_for_targets,ok,True,True,120200302580,12,2020-03-05 06:00:00,54.75,-20.75,992.83313,23.625,False,False,512,512,Solovieva_diploma_PL_training_images/png/Solovieva_PL_crop_00513_ID_120200302580_step_12.png,Solovieva_diploma_PL_training_images/npy/Solovieva_PL_crop_00513_ID_120200302580_step_12.npy,crop_00513_ID_120200302580_step_12_060ef84a8c.png,/content/drive/MyDrive/sentinel3/SLSTR/ml_manual_crops_010526/png/crop_00513_ID_120200302580_step_12_060ef84a8c.png,True,S3B_SL_1_RBT____20200305T114854_20200305T115154_20200306T165722_0179_036_180_1980_LN2_O_NT_004,,,,,,crop_00513_ID_120200302580_step_12_060ef84a8c.png,513,120200302580,12,120200302580,12,2020-03-05 12:00:00,54.75,-20.75,992.83313,,2020-03-05 11:50:55.004856,56.470872,-23.788035000000008,оставлено прежнее значение,False,False,lookup_by_new_ID_step,False,True
Solovieva_PL_crop_00515_ID_120200302580_step_13,515,120200302580,13,2020-03-05,13:00:00,2020-03-05 13:00:00,55.0,-20.25,992.27313,23.59300000000001,2020-03-05 12:30:03.275792,56.437919,-23.71795399999999,54.87522748555556,-20.49954502888889,12.0,13.0,2020-03-05 12:00:00,2020-03-05 13:00:00,0.5009099422222222,266.32428783472176,269.65257064924185,0.4990900577777778,306.251492456944,same_id,interpolated_track_position_nearest_track_point_for_targets,ok,True,True,120200302580,13,2020-03-05 07:00:00,55.0,-20.25,992.27313,23.59300000000001,False,False,512,512,Solovieva_diploma_PL_training_images/png/Solovieva_PL_crop_00515_ID_120200302580_step_13.png,Solovieva_diploma_PL_training_images/npy/Solovieva_PL_crop_00515_ID_120200302580_step_13.npy,crop_00515_ID_120200302580_step_13_e1f43bfe29.png,/content/drive/MyDrive/sentinel3/SLSTR/ml_manual_crops_010526/png/crop_00515_ID_120200302580_step_13_e1f43bfe29.png,True,S3A_SL_1_RBT____20200305T122825_20200305T123125_20200306T175156_0179_055_323_1980_LN2_O_NT_004,,,,,,crop_00515_ID_120200302580_step_13_e1f43bfe29.png,515,120200302580,13,120200302580,13,2020-03-05 13:00:00,55.0,-20.25,992.27313,,2020-03-05 12:30:03.275792,56.437919,-23.71795399999999,оставлено прежнее значение,False,False,lookup_by_new_ID_step,False,True
Solovieva_PL_crop_00516_ID_120200303140_step_13,516,120200303140,13,2020-03-06,13:00:00,2020-03-06 13:00:00,72.5,-7.5,990.98999,23.553,2020-03-06 12:59:57.857993,72.968293,-6.884102000000013,72.5,-7.499994049980557,12.0,13.0,2020-03-05 12:00:00,2020-03-06 13:00:00,0.9999761999222222,55.89777282249855,55.89784421620346,0.0005950019444444,55.9453729780541,same_id,interpolated_track_position_nearest_track_point_for_targets,ok,True,True,120200303140,13,2020-03-06 00:00:00,72.5,-7.5,990.98999,23.553,False,False,512,512,Solovieva_diploma_PL_training_images/png/Solovieva_PL_crop_00516_ID_120200303140_step_13.png,Solovieva_diploma_PL_training_images/npy/Solovieva_PL_crop_00516_ID_120200303140_step_13.npy,crop_00516_ID_120200303140_step_13_5330c489d7.png,/content/drive/MyDrive/sentinel3/SLSTR/ml_manual_crops_010526/png/crop_00516_ID_120200303140_step_13_5330c489d7.png,True,S3B_SL_1_RBT____20200306T125743_20200306T130043_20200307T174506_0179_036_195_1620_LN2_O_NT_004,,,,,,crop_00516_ID_120200303140_step_13_5330c489d7.png,516,120200303140,13,120200303140,13,2020-03-06 13:00:00,72.5,-7.5,990.98999,,2020-03-06 12:59:57.857993,72.968293,-6.884102000000013,оставлено прежнее значение,False,False,lookup_by_new_ID_step,False,True
Solovieva_PL_crop_00518_ID_120200303140_step_19,518,120200303140,20,2020-03-06,20:00:00,2020-03-06 20:00:00,71.75,-7.25,991.59686,19.165,2020-03-06 19:36:36.331031,73.45209,-3.5631569999999897,71.75,-7.25,19.0,20.0,2020-03-06 19:00:00,2020-03-06 20:00:00,0.6100919530555555,225.40805125053183,225.40805125053183,0.3899080469444445,256.6006950060874,same_id,interpolated_track_position_nearest_track_point_for_targets,ok,True,True,120200303140,19,2020-03-06 06:00:00,71.75,-7.25,991.11121,19.516,False,True,512,512,Solovieva_diploma_PL_training_images/png/Solovieva_PL_crop_00518_ID_120200303140_step_19.png,Solovieva_diploma_PL_training_images/npy/Solovieva_PL_crop_00518_ID_120200303140_step_19.npy,crop_00518_ID_120200303140_step_19_17376f0b8f.png,/content/drive/MyDrive/sentinel3/SLSTR/ml_manual_crops_010526/png/crop_00518_ID_120200303140_step_19_17376f0b8f.png,True,S3B_SL_1_RBT____20200306T193540_20200306T193840_20200308T004633_0179_036_199_1260_LN2_O_NT_004,,,,,,crop_00518_ID_120200303140_step_19_17376f0b8f.png,518,120200303140,19,120200303140,20,2020-03-06 20:00:00,71.75,-7.25,991.59686,,2020-03-06 19:36:36.331031,73.45209,-3.5631569999999897,оставлено прежнее значение,False,False,lookup_by_new_ID_step,True,True
Solovieva_PL_crop_00519_ID_120200303140_step_20,519,120200303140,20,2020-03-06,20:00:00,2020-03-06 20:00:00,71.75,-7.25,991.59686,19.165,2020-03-06 20:14:50.127404,70.58604199999999,-0.6977559999999983,71.68818559694445,-7.25,20.0,21.0,2020-03-06 20:00:00,2020-03-06 21:00:00,0.2472576122222222,265.3378065356568,268.2459784749571,0.2472576122222222,285.11841551343457,same_id,interpolated_track_position_nearest_track_point_for_targets,ok,True,True,120200303140,20,2020-03-06 07:00:00,71.75,-7.25,991.59686,19.165,False,False,512,512,Solovieva_diploma_PL_training_images/png/Solovieva_PL_crop_00519_ID_120200303140_step_20.png,Solovieva_diploma_PL_training_images/npy/Solovieva_PL_crop_00519_ID_120200303140_step_20.npy,crop_00519_ID_120200303140_step_20_caf1326bbe.png,/content/drive/MyDrive/sentinel3/SLSTR/ml_manual_crops_010526/png/crop_00519_ID_120200303140_step_20_caf1326bbe.png,True,S3A_SL_1_RBT____20200306T201210_20200306T201510_20200308T024050_0179_055_342_1080_LN2_O_NT_004,,,,,,crop_00519_ID_120200303140_step_20_caf1326bbe.png,519,120200303140,20,120200303140,20,2020-03-06 20:00:00,71.75,-7.25,991.59686,,2020-03-06 20:14:50.127404,70.58604199999999,-0.6977559999999983,оставлено прежнее значение,False,False,lookup_by_new_ID_step,False,True
Solovieva_PL_crop_00520_ID_120200303140_step_21,520,120200303140,21,2020-03-06,21:00:00,2020-03-06 21:00:00,71.5,-7.25,992.00751,18.681,2020-03-06 21:15:54.423971,71.028289,-1.228574000000009,71.5,-7.183720557569444,21.0,22.0,2020-03-06 21:00:00,2020-03-06 22:00:00,0.2651177697222222,218.969480339889,221.26556176552057,0.2651177697222222,240.1789019176668,same_id,interpolated_track_position_nearest_track_point_for_targets,ok,True,True,120200303140,21,2020-03-06 08:00:00,71.5,-7.25,992.00751,18.681,False,False,512,512,Solovieva_diploma_PL_training_images/png/Solovieva_PL_crop_00520_ID_120200303140_step_21.png,Solovieva_diploma_PL_training_images/npy/Solovieva_PL_crop_00520_ID_120200303140_step_21.npy,crop_00520_ID_120200303140_step_21_ac993842b8.png,/content/drive/MyDrive/sentinel3/SLSTR/ml_manual_crops_010526/png/crop_00520_ID_120200303140_step_21_ac993842b8.png,True,S3B_SL_1_RBT____20200306T211339_20200306T211639_20200308T022153_0179_036_200_1080_LN2_O_NT_004,,,,,,crop_00520_ID_120200303140_step_21_ac993842b8.png,520,120200303140,21,120200303140,21,2020-03-06 21:00:00,71.5,-7.25,992.00751,,2020-03-06 21:15:54.423971,71.028289,-1.228574000000009,оставлено прежнее значение,False,False,lookup_by_new_ID_step,False,True
Solovieva_PL_crop_00521_ID_120200303140_step_22,521,120200303140,22,2020-03-06,22:00:00,2020-03-06 22:00:00,71.5,-7.0,992.14246,18.106,2020-03-06 21:55:11.161351,70.728245,-3.9011079999999936,71.5,-7.020058239513901,21.0,22.0,2020-03-06 21:00:00,2020-03-06 22:00:00,0.9197670419444444,141.2732022502002,140.7007084004592,0.0802329580555555,147.69183889464463,same_id,interpolated_track_position_nearest_track_point_for_targets,ok,True,True,120200303140,22,2020-03-06 09:00:00,71.5,-7.0,992.14246,18.106,False,False,512,512,Solovieva_diploma_PL_training_images/png/Solovieva_PL_crop_00521_ID_120200303140_step_22.png,Solovieva_diploma_PL_training_images/npy/Solovieva_PL_crop_00521_ID_120200303140_step_22.npy,crop_00521_ID_120200303140_step_22_75eb6f550c.png,/content/drive/MyDrive/sentinel3/SLSTR/ml_manual_crops_010526/png/crop_00521_ID_120200303140_step_22_75eb6f550c.png,True,S3A_SL_1_RBT____20200306T215309_20200306T215609_20200308T040432_0179_055_343_1080_LN2_O_NT_004,,,,,,crop_00521_ID_120200303140_step_22_75eb6f550c.png,521,120200303140,22,120200303140,22,2020-03-06 22:00:00,71.5,-7.0,992.14246,,2020-03-06 21:55:11.161351,70.728245,-3.9011079999999936,оставлено прежнее значение,False,False,lookup_by_new_ID_step,False,True
Solovieva_PL_crop_00522_ID_120200304290_step_10,522,120200304290,10,2020-03-07,10:00:00,2020-03-07 10:00:00,70.0,17.25,997.64685,17.558,2020-03-07 10:53:12.517433,73.56353,12.737680000000012,70.0,17.25,10.0,10.0,2020-03-07 10:00:00,2020-03-07 10:00:00,0.0,425.8858814070416,425.8858814070416,0.8868103980555555,496.830713251486,same_id,nearest_track_point,warning_distance,True,True,120200304290,10,2020-03-07 21:00:00,70.0,17.25,997.64685,17.558,False,False,512,512,Solovieva_diploma_PL_training_images/png/Solovieva_PL_crop_00522_ID_120200304290_step_10.png,Solovieva_diploma_PL_training_images/npy/Solovieva_PL_crop_00522_ID_120200304290_step_10.npy,crop_00522_ID_120200304290_step_10_32601e0ffc.png,/content/drive/MyDrive/sentinel3/SLSTR/ml_manual_crops_010526/png/crop_00522_ID_120200304290_step_10_32601e0ffc.png,True,S3B_SL_1_RBT____20200307T105033_20200307T105333_20200308T154520_0180_036_208_1620_LN2_O_NT_004,,,,,,crop_00522_ID_120200304290_step_10_32601e0ffc.png,522,120200304290,10,120200304290,10,2020-03-07 10:00:00,70.0,17.25,997.64685,,2020-03-07 10:53:12.517433,73.56353,12.737680000000012,оставлено прежнее значение,False,False,lookup_by_new_ID_step,False,True
Solovieva_PL_crop_00527_ID_120200304880_step_1,527,120200304880,1,2020-03-08,01:00:00,2020-03-08 01:00:00,62.0,-64.0,992.60999,16.534000000000002,2020-03-08 00:50:19.776441,66.157563,-65.85382899999999,62.16117321083333,-64.0,0.0,1.0,2020-03-08 00:00:00,2020-03-08 01:00:00,0.8388267891666666,453.3200715460223,470.9474647095534,0.1611732108333333,466.213928412689,same_id,interpolated_track_position_nearest_track_point_for_targets,warning_distance,True,True,120200304880,1,2020-03-08 18:00:00,62.0,-64.0,992.60999,16.534000000000002,False,False,512,512,Solovieva_diploma_PL_training_images/png/Solovieva_PL_crop_00527_ID_120200304880_step_1.png,Solovieva_diploma_PL_training_images/npy/Solovieva_PL_crop_00527_ID_120200304880_step_1.npy,crop_00527_ID_120200304880_step_1_bf2355fccf.png,/content/drive/MyDrive/sentinel3/SLSTR/ml_manual_crops_010526/png/crop_00527_ID_120200304880_step_1_bf2355fccf.png,True,S3A_SL_1_RBT____20200308T004856_20200308T005156_20200309T065823_0179_055_359_1080_LN2_O_NT_004,,,,,,crop_00527_ID_120200304880_step_1_bf2355fccf.png,527,120200304880,1,120200304880,1,2020-03-08 01:00:00,62.0,-64.0,992.60999,,2020-03-08 00:50:19.776441,66.157563,-65.85382899999999,оставлено прежнее значение,False,False,lookup_by_new_ID_step,False,True
Solovieva_PL_crop_00546_ID_120200304880_step_26,546,120200304880,26,2020-03-10,02:00:00,2020-03-10 02:00:00,60.25,-60.25,998.05872,20.574,2020-03-10 01:36:52.810251,61.26421,-56.543262,60.25,-60.25,25.0,26.0,2020-03-10 01:00:00,2020-03-10 02:00:00,0.6146695141666667,230.73432805195057,230.73432805195057,0.3853304858333333,261.5607669186172,same_id,interpolated_track_position_nearest_track_point_for_targets,ok,True,True,120200304880,26,2020-03-09 19:00:00,60.25,-60.25,998.05872,20.574,False,False,512,512,Solovieva_diploma_PL_training_images/png/Solovieva_PL_crop_00546_ID_120200304880_step_26.png,Solovieva_diploma_PL_training_images/npy/Solovieva_PL_crop_00546_ID_120200304880_step_26.npy,crop_00546_ID_120200304880_step_26_54c87d048b.png,/content/drive/MyDrive/sentinel3/SLSTR/ml_manual_crops_010526/png/crop_00546_ID_120200304880_step_26_54c87d048b.png,True,S3A_SL_1_RBT____20200310T013434_20200310T013734_20200311T071105_0179_056_003_0900_LN2_O_NT_004,,,,,,crop_00546_ID_120200304880_step_26_54c87d048b.png,546,120200304880,26,120200304880,26,2020-03-10 02:00:00,60.25,-60.25,998.05872,,2020-03-10 01:36:52.810251,61.26421,-56.543262,оставлено прежнее значение,False,False,lookup_by_new_ID_step,False,True
Solovieva_PL_crop_00537_ID_120200304930_step_13,537,120200304930,13,2020-03-09,13:00:00,2020-03-09 13:00:00,58.0,-51.0,987.05249,28.277,2020-03-09 13:27:55.679866,57.500721,-49.95384200000001,58.0,-50.88363334263889,13.0,14.0,2020-03-09 13:00:00,2020-03-09 14:00:00,0.4654666294444444,78.26593982460122,83.2766017508239,0.4654666294444444,115.50327018015678,same_id,interpolated_track_position_nearest_track_point_for_targets,ok,True,True,120200304930,13,2020-03-09 11:00:00,58.0,-51.0,987.05249,28.277,False,False,512,512,Solovieva_diploma_PL_training_images/png/Solovieva_PL_crop_00537_ID_120200304930_step_13.png,Solovieva_diploma_PL_training_images/npy/Solovieva_PL_crop_00537_ID_120200304930_step_13.npy,crop_00537_ID_120200304930_step_13_4a8aa1c713.png,/content/drive/MyDrive/sentinel3/SLSTR/ml_manual_crops_010526/png/crop_00537_ID_120200304930_step_13_4a8aa1c713.png,True,S3B_SL_1_RBT____20200309T132609_20200309T132909_20200310T174637_0179_036_238_1980_LN2_O_NT_004,,,,,,crop_00537_ID_120200304930_step_13_4a8aa1c713.png,537,120200304930,13,120200304930,13,2020-03-09 13:00:00,58.0,-51.0,987.05249,,2020-03-09 13:27:55.679866,57.500721,-49.95384200000001,оставлено прежнее значение,False,False,lookup_by_new_ID_step,False,True
Solovieva_PL_crop_00539_ID_120200304930_step_14,539,120200304930,14,2020-03-09,14:00:00,2020-03-09 14:00:00,58.0,-50.75,986.79437,28.660000000000004,2020-03-09 14:07:05.440136,57.561787,-50.112367000000006,58.02954445388889,-50.72045554611111,14.0,15.0,2020-03-09 14:00:00,2020-03-09 15:00:00,0.1181778155555555,63.27527401294613,61.67033025983599,0.1181778155555555,72.72949925739057,same_id,interpolated_track_position_nearest_track_point_for_targets,ok,True,True,120200304930,14,2020-03-09 12:00:00,58.0,-50.75,986.79437,28.660000000000004,False,False,512,512,Solovieva_diploma_PL_training_images/png/Solovieva_PL_crop_00539_ID_120200304930_step_14.png,Solovieva_diploma_PL_training_images/npy/Solovieva_PL_crop_00539_ID_120200304930_step_14.npy,crop_00539_ID_120200304930_step_14_371ce5596a.png,/content/drive/MyDrive/sentinel3/SLSTR/ml_manual_crops_010526/png/crop_00539_ID_120200304930_step_14_371ce5596a.png,True,S3A_SL_1_RBT____20200309T140539_20200309T140839_20200310T193421_0179_055_381_1980_LN2_O_NT_004,,,,,,crop_00539_ID_120200304930_step_14_371ce5596a.png,539,120200304930,14,120200304930,14,2020-03-09 14:00:00,58.0,-50.75,986.79437,,2020-03-09 14:07:05.440136,57.561787,-50.112367000000006,оставлено прежнее значение,False,False,lookup_by_new_ID_step,False,True
Solovieva_PL_crop_00549_ID_120200305450_step_13,549,120200305450,13,2020-03-10,13:00:00,2020-03-10 13:00:00,57.0,-37.75,982.31122,33.415,2020-03-10 13:01:32.626238,57.712583,-38.21224999999998,57.0,-37.74356762236113,13.0,14.0,2020-03-10 13:00:00,2020-03-10 14:00:00,0.0257295105555555,84.07410844941052,83.94590728185482,0.0257295105555555,86.13246929385497,same_id,interpolated_track_position_nearest_track_point_for_targets,ok,True,True,120200305450,13,2020-03-10 08:00:00,57.0,-37.75,982.31122,33.415,False,False,512,512,Solovieva_diploma_PL_training_images/png/Solovieva_PL_crop_00549_ID_120200305450_step_13.png,Solovieva_diploma_PL_training_images/npy/Solovieva_PL_crop_00549_ID_120200305450_step_13.npy,crop_00549_ID_120200305450_step_13_2047012080.png,/content/drive/MyDrive/sentinel3/SLSTR/ml_manual_crops_010526/png/crop_00549_ID_120200305450_step_13_2047012080.png,True,S3B_SL_1_RBT____20200310T125959_20200310T130259_20200311T183349_0179_036_252_1980_LN2_O_NT_004,,,,,,crop_00549_ID_120200305450_step_13_2047012080.png,549,120200305450,13,120200305450,13,2020-03-10 13:00:00,57.0,-37.75,982.31122,,2020-03-10 13:01:32.626238,57.712583,-38.21224999999998,оставлено прежнее значение,False,False,lookup_by_new_ID_step,False,True
Solovieva_PL_crop_00562_ID_120200306430_step_11,562,120200306430,11,2020-03-12,11:00:00,2020-03-12 11:00:00,60.25,-17.0,980.0412,32.618,2020-03-12 11:07:46.942374,57.891279,-15.04543000000001,60.21757344625,-17.032426553749985,11.0,12.0,2020-03-12 11:00:00,2020-03-12 12:00:00,0.129706215,282.4925239444024,285.0454038177038,0.1297062149999999,292.86902114440244,same_id,interpolated_track_position_nearest_track_point_for_targets,ok,True,True,120200306430,11,2020-03-12 02:00:00,60.25,-17.0,980.0412,32.618,False,False,512,512,Solovieva_diploma_PL_training_images/png/Solovieva_PL_crop_00562_ID_120200306430_step_11.png,Solovieva_diploma_PL_training_images/npy/Solovieva_PL_crop_00562_ID_120200306430_step_11.npy,crop_00562_ID_120200306430_step_11_3bdbd7cd97.png,/content/drive/MyDrive/sentinel3/SLSTR/ml_manual_crops_010526/png/crop_00562_ID_120200306430_step_11_3bdbd7cd97.png,True,S3A_SL_1_RBT____20200312T110607_20200312T110907_20200313T155344_0179_056_037_1980_LN2_O_NT_004,,,,,,crop_00562_ID_120200306430_step_11_3bdbd7cd97.png,562,120200306430,11,120200306430,11,2020-03-12 11:00:00,60.25,-17.0,980.0412,,2020-03-12 11:07:46.942374,57.891279,-15.04543000000001,оставлено прежнее значение,False,False,lookup_by_new_ID_step,False,True
Solovieva_PL_crop_00566_ID_120200306430_step_12,566,120200306430,12,2020-03-12,12:00:00,2020-03-12 12:00:00,60.0,-17.25,981.13562,31.318,2020-03-12 12:07:16.816158,62.449728,-10.196033999999996,59.93933108916666,-17.280334455416664,12.0,13.0,2020-03-12 12:00:00,2020-03-12 13:00:00,0.1213378216666666,470.7394502222634,465.1724079141929,0.1213378216666666,480.4464759555967,same_id,interpolated_track_position_nearest_track_point_for_targets,warning_distance,True,True,120200306430,12,2020-03-12 03:00:00,60.0,-17.25,981.13562,31.318,False,False,512,512,Solovieva_diploma_PL_training_images/png/Solovieva_PL_crop_00566_ID_120200306430_step_12.png,Solovieva_diploma_PL_training_images/npy/Solovieva_PL_crop_00566_ID_120200306430_step_12.npy,crop_00566_ID_120200306430_step_12_1b8442da90.png,/content/drive/MyDrive/sentinel3/SLSTR/ml_manual_crops_010526/png/crop_00566_ID_120200306430_step_12_1b8442da90.png,True,S3B_SL_1_RBT____20200312T120437_20200312T120737_20200313T170353_0179_036_280_1800_LN2_O_NT_004,,,,,,crop_00566_ID_120200306430_step_12_1b8442da90.png,566,120200306430,12,120200306430,12,2020-03-12 12:00:00,60.0,-17.25,981.13562,,2020-03-12 12:07:16.816158,62.449728,-10.196033999999996,оставлено прежнее значение,False,False,lookup_by_new_ID_step,False,True
Solovieva_PL_crop_00567_ID_120200306510_step_12,567,120200306430,12,2020-03-12,12:00:00,2020-03-12 12:00:00,60.0,-17.25,981.13562,31.318,2020-03-12 12:08:49.512842,57.601945,-15.976616000000009,59.92645654972223,-17.28677172513889,12.0,13.0,2020-03-12 12:00:00,2020-03-12 13:00:00,0.1470869005555555,269.2740427511256,276.5420665752634,0.1470869005555555,281.04099479557004,global,interpolated_track_position_nearest_track_point_for_targets,ok,True,True,120200306510,12,2020-03-12 07:00:00,60.25,-35.25,1000.20123,28.794000000000004,True,False,512,512,Solovieva_diploma_PL_training_images/png/Solovieva_PL_crop_00567_ID_120200306510_step_12.png,Solovieva_diploma_PL_training_images/npy/Solovieva_PL_crop_00567_ID_120200306510_step_12.npy,crop_00567_ID_120200306510_step_12_a11ca4ed41.png,/content/drive/MyDrive/sentinel3/SLSTR/ml_manual_crops_010526/png/crop_00567_ID_120200306510_step_12_a11ca4ed41.png,True,S3B_SL_1_RBT____20200312T120737_20200312T121037_20200313T170448_0179_036_280_1980_LN2_O_NT_004,,,,,,crop_00567_ID_120200306510_step_12_a11ca4ed41.png,567,120200306510,12,120200306430,12,2020-03-12 12:00:00,60.0,-17.25,981.13562,,2020-03-12 12:08:49.512842,57.601945,-15.976616000000009,оставлено прежнее значение,False,False,lookup_by_new_ID_step,True,True
Solovieva_PL_crop_00576_ID_120200306510_step_24,576,120200306510,24,2020-03-13,00:00:00,2020-03-13 00:00:00,61.0,-35.0,999.2937,31.719,2020-03-13 00:18:20.541589,61.284636,-36.91475600000001,61.0,-35.0,24.0,25.0,2020-03-13 00:00:00,2020-03-13 01:00:00,0.3057059969444444,107.51766878220816,107.51766878220816,0.3057059969444444,131.9741485377637,same_id,interpolated_track_position_nearest_track_point_for_targets,ok,True,True,120200306510,24,2020-03-12 19:00:00,61.0,-35.0,999.2937,31.719,False,False,512,512,Solovieva_diploma_PL_training_images/png/Solovieva_PL_crop_00576_ID_120200306510_step_24.png,Solovieva_diploma_PL_training_images/npy/Solovieva_PL_crop_00576_ID_120200306510_step_24.npy,crop_00576_ID_120200306510_step_24_064871beae.png,/content/drive/MyDrive/sentinel3/SLSTR/ml_manual_crops_010526/png/crop_00576_ID_120200306510_step_24_064871beae.png,True,S3A_SL_1_RBT____20200313T001601_20200313T001901_20200314T050035_0179_056_045_0900_LN2_O_NT_004,,,,,,crop_00576_ID_120200306510_step_24_064871beae.png,576,120200306510,24,120200306510,24,2020-03-13 00:00:00,61.0,-35.0,999.2937,,2020-03-13 00:18:20.541589,61.284636,-36.91475600000001,оставлено прежнее значение,False,False,lookup_by_new_ID_step,False,True
Solovieva_PL_crop_00558_ID_120200306570_step_9,558,120200306570,9,2020-03-12,09:00:00,2020-03-12 09:00:00,64.25,8.75,974.3006,29.288000000000004,2020-03-12 09:24:47.816229,64.884318,12.270713999999998,64.04335885708333,8.336717714166667,9.0,10.0,2020-03-12 09:00:00,2020-03-12 10:00:00,0.4132822858333333,210.4358191847616,182.28932325218767,0.4132822858333333,243.49840205142823,same_id,interpolated_track_position_nearest_track_point_for_targets,ok,True,True,120200306570,9,2020-03-12 09:00:00,64.25,8.75,974.3006,29.288000000000004,False,False,512,512,Solovieva_diploma_PL_training_images/png/Solovieva_PL_crop_00558_ID_120200306570_step_9.png,Solovieva_diploma_PL_training_images/npy/Solovieva_PL_crop_00558_ID_120200306570_step_9.npy,crop_00558_ID_120200306570_step_9_8424c82d9c.png,/content/drive/MyDrive/sentinel3/SLSTR/ml_manual_crops_010526/png/crop_00558_ID_120200306570_step_9_8424c82d9c.png,True,S3A_SL_1_RBT____20200312T092208_20200312T092508_20200313T135903_0179_056_036_1800_LN2_O_NT_004,,,,,,crop_00558_ID_120200306570_step_9_8424c82d9c.png,558,120200306570,9,120200306570,9,2020-03-12 09:00:00,64.25,8.75,974.3006,,2020-03-12 09:24:47.816229,64.884318,12.270713999999998,оставлено прежнее значение,False,False,lookup_by_new_ID_step,False,True
Solovieva_PL_crop_00560_ID_120200306570_step_10,560,120200306570,10,2020-03-12,10:00:00,2020-03-12 10:00:00,63.75,7.75,974.81873,28.75,2020-03-12 10:26:17.627507,63.831908,7.248220000000003,63.75,7.75,10.0,11.0,2020-03-12 10:00:00,2020-03-12 11:00:00,0.4382298630555555,26.27108050894506,26.27108050894506,0.4382298630555555,61.32946955338951,same_id,interpolated_track_position_nearest_track_point_for_targets,ok,True,True,120200306570,10,2020-03-12 10:00:00,63.75,7.75,974.81873,28.75,False,False,512,512,Solovieva_diploma_PL_training_images/png/Solovieva_PL_crop_00560_ID_120200306570_step_10.png,Solovieva_diploma_PL_training_images/npy/Solovieva_PL_crop_00560_ID_120200306570_step_10.npy,crop_00560_ID_120200306570_step_10_642c01df32.png,/content/drive/MyDrive/sentinel3/SLSTR/ml_manual_crops_010526/png/crop_00560_ID_120200306570_step_10_642c01df32.png,True,S3B_SL_1_RBT____20200312T102338_20200312T102638_20200313T153750_0180_036_279_1800_LN2_O_NT_004,,,,,,crop_00560_ID_120200306570_step_10_642c01df32.png,560,120200306570,10,120200306570,10,2020-03-12 10:00:00,63.75,7.75,974.81873,,2020-03-12 10:26:17.627507,63.831908,7.248220000000003,оставлено прежнее значение,False,False,lookup_by_new_ID_step,False,True
Solovieva_PL_crop_00564_ID_120200306570_step_11,564,120200306570,11,2020-03-12,11:00:00,2020-03-12 11:00:00,63.75,7.75,975.2337,26.297,2020-03-12 11:05:19.349113,63.950134,6.82992999999999,63.75,7.75,11.0,11.0,2020-03-12 11:00:00,2020-03-12 11:00:00,0.0,50.28107638384321,50.28107638384321,0.0887080869444444,57.37772333939876,same_id,nearest_track_point,ok,True,True,120200306570,11,2020-03-12 11:00:00,63.75,7.75,975.2337,26.297,False,False,512,512,Solovieva_diploma_PL_training_images/png/Solovieva_PL_crop_00564_ID_120200306570_step_11.png,Solovieva_diploma_PL_training_images/npy/Solovieva_PL_crop_00564_ID_120200306570_step_11.npy,crop_00564_ID_120200306570_step_11_7738b08827.png,/content/drive/MyDrive/sentinel3/SLSTR/ml_manual_crops_010526/png/crop_00564_ID_120200306570_step_11_7738b08827.png,True,S3A_SL_1_RBT____20200312T110307_20200312T110607_20200313T155249_0180_056_037_1800_LN2_O_NT_004,,,,,,crop_00564_ID_120200306570_step_11_7738b08827.png,564,120200306570,11,120200306570,11,2020-03-12 11:00:00,63.75,7.75,975.2337,,2020-03-12 11:05:19.349113,63.950134,6.82992999999999,оставлено прежнее значение,False,False,lookup_by_new_ID_step,False,True
Solovieva_PL_crop_00571_ID_120200306700_step_13,571,120200306700,13,2020-03-12,13:00:00,2020-03-12 13:00:00,61.25,-40.0,1005.27875,20.156,2020-03-12 12:48:48.473884,57.767878,-40.335665000000006,61.25,-39.95336624194445,12.0,13.0,2020-03-12 12:00:00,2020-03-12 13:00:00,0.8134649677777778,387.7928430405313,387.65580762558994,0.1865350322222222,402.71564561830905,same_id,interpolated_track_position_nearest_track_point_for_targets,warning_distance,True,True,120200306700,13,2020-03-12 22:00:00,61.25,-40.0,1005.27875,20.156,False,False,512,512,Solovieva_diploma_PL_training_images/png/Solovieva_PL_crop_00571_ID_120200306700_step_13.png,Solovieva_diploma_PL_training_images/npy/Solovieva_PL_crop_00571_ID_120200306700_step_13.npy,crop_00571_ID_120200306700_step_13_9acaab7eed.png,/content/drive/MyDrive/sentinel3/SLSTR/ml_manual_crops_010526/png/crop_00571_ID_120200306700_step_13_9acaab7eed.png,True,S3A_SL_1_RBT____20200312T124706_20200312T125006_20200313T173822_0179_056_038_1980_LN2_O_NT_004,,,,,,crop_00571_ID_120200306700_step_13_9acaab7eed.png,571,120200306700,13,120200306700,13,2020-03-12 13:00:00,61.25,-40.0,1005.27875,,2020-03-12 12:48:48.473884,57.767878,-40.335665000000006,pred_valid_20260508_1839.csv:rel_vort_850_smth,False,False,lookup_by_new_ID_step,False,True
Solovieva_PL_crop_00583_ID_120200307450_step_13,583,120200307450,13,2020-03-14,13:00:00,2020-03-14 13:00:00,59.0,-41.0,1000.72186,24.584,2020-03-14 12:57:33.477731,58.648819,-37.49562900000001,59.01017515756944,-41.01017515756945,12.0,13.0,2020-03-14 12:00:00,2020-03-14 13:00:00,0.9592993697222222,206.1991970341776,205.4361883114022,0.0407006302777777,209.4552474563998,same_id,interpolated_track_position_nearest_track_point_for_targets,ok,True,True,120200307450,13,2020-03-14 02:00:00,59.0,-41.0,1000.72186,24.584,False,False,512,512,Solovieva_diploma_PL_training_images/png/Solovieva_PL_crop_00583_ID_120200307450_step_13.png,Solovieva_diploma_PL_training_images/npy/Solovieva_PL_crop_00583_ID_120200307450_step_13.npy,crop_00583_ID_120200307450_step_13_df86773e50.png,/content/drive/MyDrive/sentinel3/SLSTR/ml_manual_crops_010526/png/crop_00583_ID_120200307450_step_13_df86773e50.png,True,S3B_SL_1_RBT____20200314T125614_20200314T125914_20200315T173530_0179_036_309_1980_LN2_O_NT_004,,,,,,crop_00583_ID_120200307450_step_13_df86773e50.png,583,120200307450,13,120200307450,13,2020-03-14 13:00:00,59.0,-41.0,1000.72186,,2020-03-14 12:57:33.477731,58.648819,-37.49562900000001,оставлено прежнее значение,False,False,lookup_by_new_ID_step,False,True
Solovieva_PL_crop_00584_ID_120200307450_step_14,584,120200307450,14,2020-03-14,14:00:00,2020-03-14 14:00:00,58.75,-40.75,1001.3587,24.169,2020-03-14 13:36:46.985328,58.172033,-37.586157000000014,58.84673713,-40.84673713000001,13.0,14.0,2020-03-14 13:00:00,2020-03-14 14:00:00,0.61305148,203.6786772606121,194.89757268965928,0.38694852,234.6345588606121,same_id,interpolated_track_position_nearest_track_point_for_targets,ok,True,True,120200307450,14,2020-03-14 03:00:00,58.75,-40.75,1001.3587,24.169,False,False,512,512,Solovieva_diploma_PL_training_images/png/Solovieva_PL_crop_00584_ID_120200307450_step_14.png,Solovieva_diploma_PL_training_images/npy/Solovieva_PL_crop_00584_ID_120200307450_step_14.npy,crop_00584_ID_120200307450_step_14_00ca67ec3f.png,/content/drive/MyDrive/sentinel3/SLSTR/ml_manual_crops_010526/png/crop_00584_ID_120200307450_step_14_00ca67ec3f.png,True,S3A_SL_1_RBT____20200314T133544_20200314T133844_20200315T192959_0180_056_067_1980_LN2_O_NT_004,,,,,,crop_00584_ID_120200307450_step_14_00ca67ec3f.png,584,120200307450,14,120200307450,14,2020-03-14 14:00:00,58.75,-40.75,1001.3587,,2020-03-14 13:36:46.985328,58.172033,-37.586157000000014,оставлено прежнее значение,False,False,lookup_by_new_ID_step,False,True
Solovieva_PL_crop_00585_ID_120200307450_step_23,585,120200307450,23,2020-03-14,23:00:00,2020-03-14 23:00:00,57.25,-36.0,1005.3031,15.173,2020-03-14 23:25:35.519315,59.152852,-30.715622,57.25,-36.0,23.0,23.0,2020-03-14 23:00:00,2020-03-14 23:00:00,0.0,374.846726596942,374.846726596942,0.4265331430555555,408.9693780413864,same_id,nearest_track_point,warning_distance,True,True,120200307450,23,2020-03-14 12:00:00,57.25,-36.0,1005.3031,15.173,False,False,512,512,Solovieva_diploma_PL_training_images/png/Solovieva_PL_crop_00585_ID_120200307450_step_23.png,Solovieva_diploma_PL_training_images/npy/Solovieva_PL_crop_00585_ID_120200307450_step_23.npy,crop_00585_ID_120200307450_step_23_6cf1febf19.png,/content/drive/MyDrive/sentinel3/SLSTR/ml_manual_crops_010526/png/crop_00585_ID_120200307450_step_23_6cf1febf19.png,True,S3A_SL_1_RBT____20200314T232340_20200314T232640_20200316T041706_0179_056_073_0900_LN2_O_NT_004,,,,,,crop_00585_ID_120200307450_step_23_6cf1febf19.png,585,120200307450,23,120200307450,23,2020-03-14 23:00:00,57.25,-36.0,1005.3031,,2020-03-14 23:25:35.519315,59.152852,-30.715622,оставлено прежнее значение,False,False,lookup_by_new_ID_step,False,True
Solovieva_PL_crop_00582_ID_120200307740_step_11,582,120200307740,11,2020-03-14,11:00:00,2020-03-14 11:00:00,49.75,-23.25,1005.00372,15.314,2020-03-14 11:58:41.846093,49.709185,-27.304138999999992,49.75,-23.25,11.0,11.0,2020-03-14 11:00:00,2020-03-14 11:00:00,0.0,291.3949359318187,291.3949359318187,0.9782905813888888,369.6581824429298,same_id,nearest_track_point,ok,True,True,120200307740,11,2020-03-14 15:00:00,49.75,-23.25,1005.00372,15.314,False,False,512,512,Solovieva_diploma_PL_training_images/png/Solovieva_PL_crop_00582_ID_120200307740_step_11.png,Solovieva_diploma_PL_training_images/npy/Solovieva_PL_crop_00582_ID_120200307740_step_11.npy,crop_00582_ID_120200307740_step_11_2208ab0227.png,/content/drive/MyDrive/sentinel3/SLSTR/ml_manual_crops_010526/png/crop_00582_ID_120200307740_step_11_2208ab0227.png,True,S3A_SL_1_RBT____20200314T115745_20200314T120045_20200315T175834_0180_056_066_2160_LN2_O_NT_004,,,,,,crop_00582_ID_120200307740_step_11_2208ab0227.png,582,120200307740,11,120200307740,11,2020-03-14 11:00:00,49.75,-23.25,1005.00372,,2020-03-14 11:58:41.846093,49.709185,-27.304138999999992,оставлено прежнее значение,False,False,lookup_by_new_ID_step,False,True
Solovieva_PL_crop_00597_ID_120200308040_step_21,597,120200308040,21,2020-03-15,21:00:00,2020-03-15 21:00:00,70.75,-11.5,983.09186,40.938,2020-03-15 21:21:52.114595,70.717973,-9.200518999999986,70.75,-11.317761861805565,21.0,22.0,2020-03-15 21:00:00,2020-03-15 22:00:00,0.3644762763888889,77.75771544352142,84.43632987621216,0.3644762763888889,106.91581755463253,same_id,interpolated_track_position_nearest_track_point_for_targets,ok,True,True,120200308040,21,2020-03-15 18:00:00,70.75,-11.5,983.09186,40.938,False,False,512,512,Solovieva_diploma_PL_training_images/png/Solovieva_PL_crop_00597_ID_120200308040_step_21.png,Solovieva_diploma_PL_training_images/npy/Solovieva_PL_crop_00597_ID_120200308040_step_21.npy,crop_00597_ID_120200308040_step_21_bedabe87a3.png,/content/drive/MyDrive/sentinel3/SLSTR/ml_manual_crops_010526/png/crop_00597_ID_120200308040_step_21_bedabe87a3.png,True,S3A_SL_1_RBT____20200315T211930_20200315T212230_20200317T032020_0179_056_086_1080_LN2_O_NT_004,,,,,,crop_00597_ID_120200308040_step_21_bedabe87a3.png,597,120200308040,21,120200308040,21,2020-03-15 21:00:00,70.75,-11.5,983.09186,,2020-03-15 21:21:52.114595,70.717973,-9.200518999999986,оставлено прежнее значение,False,False,lookup_by_new_ID_step,False,True
Solovieva_PL_crop_00598_ID_120200308040_step_22,598,120200308040,22,2020-03-15,22:00:00,2020-03-15 22:00:00,70.75,-11.0,981.80121,42.018,2020-03-15 22:23:00.473895,70.669581,-11.437302999999986,70.75,-10.80826751458332,22.0,23.0,2020-03-15 22:00:00,2020-03-15 23:00:00,0.3834649708333333,24.77653553353729,18.38486411123824,0.3834649708333333,55.45373320020396,same_id,interpolated_track_position_nearest_track_point_for_targets,ok,True,True,120200308040,22,2020-03-15 19:00:00,70.75,-11.0,981.80121,42.018,False,False,512,512,Solovieva_diploma_PL_training_images/png/Solovieva_PL_crop_00598_ID_120200308040_step_22.png,Solovieva_diploma_PL_training_images/npy/Solovieva_PL_crop_00598_ID_120200308040_step_22.npy,crop_00598_ID_120200308040_step_22_8d54248a90.png,/content/drive/MyDrive/sentinel3/SLSTR/ml_manual_crops_010526/png/crop_00598_ID_120200308040_step_22_8d54248a90.png,True,S3B_SL_1_RBT____20200315T222059_20200315T222359_20200317T043717_0179_036_329_1080_LN2_O_NT_004,,,,,,crop_00598_ID_120200308040_step_22_8d54248a90.png,598,120200308040,22,120200308040,22,2020-03-15 22:00:00,70.75,-11.0,981.80121,,2020-03-15 22:23:00.473895,70.669581,-11.437302999999986,оставлено прежнее значение,False,False,lookup_by_new_ID_step,False,True
Solovieva_PL_crop_00588_ID_120200308260_step_10,588,120200308260,10,2020-03-15,10:00:00,2020-03-15 10:00:00,69.25,11.5,987.64313,16.68,2020-03-15 09:45:51.266687,69.754565,8.544904000000002,69.25,11.382120373194454,9.0,10.0,2020-03-15 09:00:00,2020-03-15 10:00:00,0.7642407463888888,123.88752837747428,127.99519246537646,0.2357592536111111,142.74826866636317,same_id,interpolated_track_position_nearest_track_point_for_targets,ok,True,True,120200308260,10,2020-03-15 17:00:00,69.25,11.5,987.64313,16.68,False,False,512,512,Solovieva_diploma_PL_training_images/png/Solovieva_PL_crop_00588_ID_120200308260_step_10.png,Solovieva_diploma_PL_training_images/npy/Solovieva_PL_crop_00588_ID_120200308260_step_10.npy,crop_00588_ID_120200308260_step_10_168cf8ac14.png,/content/drive/MyDrive/sentinel3/SLSTR/ml_manual_crops_010526/png/crop_00588_ID_120200308260_step_10_168cf8ac14.png,True,S3A_SL_1_RBT____20200315T094435_20200315T094735_20200316T154128_0179_056_079_1800_LN2_O_NT_004,,,,,,crop_00588_ID_120200308260_step_10_168cf8ac14.png,588,120200308260,10,120200308260,10,2020-03-15 10:00:00,69.25,11.5,987.64313,,2020-03-15 09:45:51.266687,69.754565,8.544904000000002,pred_valid_20260508_1839.csv:rel_vort_850_smth,False,False,lookup_by_new_ID_step,False,True
Solovieva_PL_crop_00590_ID_120200308260_step_11,590,120200308260,11,2020-03-15,11:00:00,2020-03-15 11:00:00,69.0,12.0,987.65186,15.135000000000002,2020-03-15 10:47:08.532274,69.25856,6.127361000000008,69.05357414763888,11.892851704722233,10.0,11.0,2020-03-15 10:00:00,2020-03-15 11:00:00,0.7857034094444444,229.16583061045944,234.3182023498913,0.2142965905555555,246.3095578549039,same_id,interpolated_track_position_nearest_track_point_for_targets,ok,True,True,120200308260,11,2020-03-15 18:00:00,69.0,12.0,987.65186,15.135000000000002,False,False,512,512,Solovieva_diploma_PL_training_images/png/Solovieva_PL_crop_00590_ID_120200308260_step_11.png,Solovieva_diploma_PL_training_images/npy/Solovieva_PL_crop_00590_ID_120200308260_step_11.npy,crop_00590_ID_120200308260_step_11_290c60f503.png,/content/drive/MyDrive/sentinel3/SLSTR/ml_manual_crops_010526/png/crop_00590_ID_120200308260_step_11_290c60f503.png,True,S3B_SL_1_RBT____20200315T104604_20200315T104904_20200316T165615_0180_036_322_1800_LN2_O_NT_004,,,,,,crop_00590_ID_120200308260_step_11_290c60f503.png,590,120200308260,11,120200308260,11,2020-03-15 11:00:00,69.0,12.0,987.65186,,2020-03-15 10:47:08.532274,69.25856,6.127361000000008,pred_valid_20260508_1839.csv:rel_vort_850_smth,False,False,lookup_by_new_ID_step,False,True
Solovieva_PL_crop_00608_ID_120200308270_step_19,608,120200308270,19,2020-03-16,19:00:00,2020-03-16 19:00:00,74.5,32.75,980.88184,26.902,2020-03-16 19:15:00.017405,72.68763899999999,31.21231499999999,74.5,32.93750362604166,19.0,20.0,2020-03-16 19:00:00,2020-03-16 20:00:00,0.2500048347222222,208.66058504078865,207.2140148819536,0.2500048347222222,228.6609718185664,same_id,interpolated_track_position_nearest_track_point_for_targets,ok,True,True,120200308270,19,2020-03-16 02:00:00,74.5,32.75,980.88184,26.902,False,False,512,512,Solovieva_diploma_PL_training_images/png/Solovieva_PL_crop_00608_ID_120200308270_step_19.png,Solovieva_diploma_PL_training_images/npy/Solovieva_PL_crop_00608_ID_120200308270_step_19.npy,crop_00608_ID_120200308270_step_19_8a740e4c3f.png,/content/drive/MyDrive/sentinel3/SLSTR/ml_manual_crops_010526/png/crop_00608_ID_120200308270_step_19_8a740e4c3f.png,True,S3A_SL_1_RBT____20200316T191220_20200316T191520_20200318T004407_0179_056_099_1080_LN2_O_NT_004,,,,,,crop_00608_ID_120200308270_step_19_8a740e4c3f.png,608,120200308270,19,120200308270,19,2020-03-16 19:00:00,74.5,32.75,980.88184,,2020-03-16 19:15:00.017405,72.68763899999999,31.21231499999999,pred_valid_20260508_1839.csv:rel_vort_850_smth,False,False,lookup_by_new_ID_step,False,True
Solovieva_PL_crop_00609_ID_120200308400_step_19,609,120200308270,19,2020-03-16,19:00:00,2020-03-16 19:00:00,74.5,32.75,980.88184,26.902,2020-03-16 18:35:29.430293,71.718389,31.391503,74.60212289631944,32.34150841472223,18.0,19.0,2020-03-16 18:00:00,2020-03-16 19:00:00,0.5915084147222223,322.1031612119154,312.3790316502292,0.4084915852777778,354.7824880341376,global,interpolated_track_position_nearest_track_point_for_targets,warning_distance,True,True,120200308400,19,2020-03-16 08:00:00,74.25,53.75,979.98187,26.437,True,False,512,512,Solovieva_diploma_PL_training_images/png/Solovieva_PL_crop_00609_ID_120200308400_step_19.png,Solovieva_diploma_PL_training_images/npy/Solovieva_PL_crop_00609_ID_120200308400_step_19.npy,crop_00609_ID_120200308400_step_19_d399b47edc.png,/content/drive/MyDrive/sentinel3/SLSTR/ml_manual_crops_010526/png/crop_00609_ID_120200308400_step_19_d399b47edc.png,True,S3B_SL_1_RBT____20200316T183250_20200316T183550_20200318T003956_0179_036_341_1080_LN2_O_NT_004,,,,,,crop_00609_ID_120200308400_step_19_d399b47edc.png,609,120200308400,19,120200308270,19,2020-03-16 19:00:00,74.5,32.75,980.88184,,2020-03-16 18:35:29.430293,71.718389,31.391503,pred_valid_20260508_1839.csv:rel_vort_850_smth,True,False,lookup_by_new_ID_step,False,True
Solovieva_PL_crop_00600_ID_120200308970_step_7,600,120200308970,7,2020-03-16,07:00:00,2020-03-16 07:00:00,73.25,61.75,979.78186,19.743,2020-03-16 06:57:34.793937,75.109628,57.12297699999999,73.25,61.719748736875005,6.0,7.0,2020-03-16 06:00:00,2020-03-16 07:00:00,0.9596649825,249.2002222635789,249.7119186680828,0.0403350175,252.4270236635789,same_id,interpolated_track_position_nearest_track_point_for_targets,ok,True,True,120200308970,7,2020-03-16 14:00:00,73.25,61.75,979.78186,19.743,False,False,512,512,Solovieva_diploma_PL_training_images/png/Solovieva_PL_crop_00600_ID_120200308970_step_7.png,Solovieva_diploma_PL_training_images/npy/Solovieva_PL_crop_00600_ID_120200308970_step_7.npy,crop_00600_ID_120200308970_step_7_8094f45cf4.png,/content/drive/MyDrive/sentinel3/SLSTR/ml_manual_crops_010526/png/crop_00600_ID_120200308970_step_7_8094f45cf4.png,True,S3B_SL_1_RBT____20200316T065455_20200316T065755_20200317T130016_0179_036_334_1620_LN2_O_NT_004,,,,,,crop_00600_ID_120200308970_step_7_8094f45cf4.png,600,120200308970,7,120200308970,7,2020-03-16 07:00:00,73.25,61.75,979.78186,,2020-03-16 06:57:34.793937,75.109628,57.12297699999999,оставлено прежнее значение,False,False,lookup_by_new_ID_step,False,True
Solovieva_PL_crop_00601_ID_120200308970_step_8,601,120200308970,8,2020-03-16,08:00:00,2020-03-16 08:00:00,73.25,62.75,980.33313,19.682,2020-03-16 07:37:05.175371,74.28488999999999,56.48829799999999,73.25,62.36810426972221,7.0,8.0,2020-03-16 07:00:00,2020-03-16 08:00:00,0.6181042697222222,215.8337139709666,225.94667714137827,0.3818957302777778,246.38537239318885,same_id,interpolated_track_position_nearest_track_point_for_targets,ok,True,True,120200308970,8,2020-03-16 15:00:00,73.25,62.75,980.33313,19.682,False,False,512,512,Solovieva_diploma_PL_training_images/png/Solovieva_PL_crop_00601_ID_120200308970_step_8.png,Solovieva_diploma_PL_training_images/npy/Solovieva_PL_crop_00601_ID_120200308970_step_8.npy,crop_00601_ID_120200308970_step_8_270fe6faa1.png,/content/drive/MyDrive/sentinel3/SLSTR/ml_manual_crops_010526/png/crop_00601_ID_120200308970_step_8_270fe6faa1.png,True,S3A_SL_1_RBT____20200316T073425_20200316T073725_20200317T135334_0180_056_092_1620_LN2_O_NT_004,,,,,,crop_00601_ID_120200308970_step_8_270fe6faa1.png,601,120200308970,8,120200308970,8,2020-03-16 08:00:00,73.25,62.75,980.33313,,2020-03-16 07:37:05.175371,74.28488999999999,56.48829799999999,оставлено прежнее значение,False,False,lookup_by_new_ID_step,False,True
Solovieva_PL_crop_00611_ID_120200309970_step_0,611,120200309970,0,2020-03-17,00:00:00,2020-03-17 00:00:00,64.75,-39.75,1013.40936,24.22,2020-03-17 00:14:49.918966,62.022515,-36.21665200000001,64.75,-39.502800287222215,0.0,1.0,2020-03-17 00:00:00,2020-03-17 01:00:00,0.2471997127777777,344.533863270684,350.53424315307313,0.2471997127777777,364.3098402929062,same_id,interpolated_track_position_nearest_track_point_for_targets,warning_distance,True,True,120200309970,0,2020-03-17 22:00:00,64.75,-39.75,1013.40936,24.22,False,False,512,512,Solovieva_diploma_PL_training_images/png/Solovieva_PL_crop_00611_ID_120200309970_step_0.png,Solovieva_diploma_PL_training_images/npy/Solovieva_PL_crop_00611_ID_120200309970_step_0.npy,crop_00611_ID_120200309970_step_0_9eb4c4e255.png,/content/drive/MyDrive/sentinel3/SLSTR/ml_manual_crops_010526/png/crop_00611_ID_120200309970_step_0_9eb4c4e255.png,True,S3A_SL_1_RBT____20200317T001218_20200317T001518_20200318T054330_0179_056_102_0900_LN2_O_NT_004,,,,,,crop_00611_ID_120200309970_step_0_9eb4c4e255.png,611,120200309970,0,120200309970,0,2020-03-17 00:00:00,64.75,-39.75,1013.40936,,2020-03-17 00:14:49.918966,62.022515,-36.21665200000001,оставлено прежнее значение,False,False,lookup_by_new_ID_step,False,True
Solovieva_PL_crop_00629_ID_120200310450_step_10,629,120200310450,10,2020-03-19,10:00:00,2020-03-19 10:00:00,65.75,7.0,1003.57623,18.971,2020-03-19 09:43:20.627741,65.478137,8.436901000000006,65.81940085131944,6.930599148680557,9.0,10.0,2020-03-19 09:00:00,2020-03-19 10:00:00,0.7223965947222222,78.79791917656964,72.56283149613186,0.2776034052777777,101.00619159879186,same_id,interpolated_track_position_nearest_track_point_for_targets,ok,True,True,120200310450,10,2020-03-19 02:00:00,65.75,7.0,1003.57623,18.971,False,False,512,512,Solovieva_diploma_PL_training_images/png/Solovieva_PL_crop_00629_ID_120200310450_step_10.png,Solovieva_diploma_PL_training_images/npy/Solovieva_PL_crop_00629_ID_120200310450_step_10.npy,crop_00629_ID_120200310450_step_10_0432953bfc.png,/content/drive/MyDrive/sentinel3/SLSTR/ml_manual_crops_010526/png/crop_00629_ID_120200310450_step_10_0432953bfc.png,True,S3A_SL_1_RBT____20200319T094052_20200319T094352_20200320T141814_0179_056_136_1800_LN2_O_NT_004,,,,,,crop_00629_ID_120200310450_step_10_0432953bfc.png,629,120200310450,10,120200310450,10,2020-03-19 10:00:00,65.75,7.0,1003.57623,,2020-03-19 09:43:20.627741,65.478137,8.436901000000006,оставлено прежнее значение,False,False,lookup_by_new_ID_step,False,True
Solovieva_PL_crop_00630_ID_120200310450_step_11,630,120200310450,11,2020-03-19,11:00:00,2020-03-19 11:00:00,65.5,7.25,1004.78497,21.064000000000004,2020-03-19 10:45:00.051260,63.590658,4.200371999999987,65.56249644027778,7.1875035597222166,10.0,11.0,2020-03-19 10:00:00,2020-03-19 11:00:00,0.7500142388888889,261.4865528103678,257.4584219546649,0.2499857611111111,281.4854136992567,same_id,interpolated_track_position_nearest_track_point_for_targets,ok,True,True,120200310450,11,2020-03-19 03:00:00,65.5,7.25,1004.78497,21.064000000000004,False,False,512,512,Solovieva_diploma_PL_training_images/png/Solovieva_PL_crop_00630_ID_120200310450_step_11.png,Solovieva_diploma_PL_training_images/npy/Solovieva_PL_crop_00630_ID_120200310450_step_11.npy,crop_00630_ID_120200310450_step_11_608ceb8e13.png,/content/drive/MyDrive/sentinel3/SLSTR/ml_manual_crops_010526/png/crop_00630_ID_120200310450_step_11_608ceb8e13.png,True,S3B_SL_1_RBT____20200319T104220_20200319T104520_20200320T155456_0179_036_379_1800_LN2_O_NT_004,,,,,,crop_00630_ID_120200310450_step_11_608ceb8e13.png,630,120200310450,11,120200310450,11,2020-03-19 11:00:00,65.5,7.25,1004.78497,,2020-03-19 10:45:00.051260,63.590658,4.200371999999987,оставлено прежнее значение,False,False,lookup_by_new_ID_step,False,True
Solovieva_PL_crop_00631_ID_120200310450_step_12,631,120200310450,11,2020-03-19,11:00:00,2020-03-19 11:00:00,65.5,7.25,1004.78497,21.064000000000004,2020-03-19 11:24:12.558750,63.443466,1.6022020000000057,65.5,7.552616406249996,11.0,12.0,2020-03-19 11:00:00,2020-03-19 12:00:00,0.4034885416666666,365.2633962152629,354.0918994349413,0.4034885416666666,397.54247954859625,same_id,interpolated_track_position_nearest_track_point_for_targets,warning_distance,True,True,120200310450,12,2020-03-19 04:00:00,65.5,8.0,1005.34497,22.493,False,True,512,512,Solovieva_diploma_PL_training_images/png/Solovieva_PL_crop_00631_ID_120200310450_step_12.png,Solovieva_diploma_PL_training_images/npy/Solovieva_PL_crop_00631_ID_120200310450_step_12.npy,crop_00631_ID_120200310450_step_12_e1d440a711.png,/content/drive/MyDrive/sentinel3/SLSTR/ml_manual_crops_010526/png/crop_00631_ID_120200310450_step_12_e1d440a711.png,True,S3A_SL_1_RBT____20200319T112151_20200319T112451_20200320T165140_0179_056_137_1800_LN2_O_NT_004,,,,,,crop_00631_ID_120200310450_step_12_e1d440a711.png,631,120200310450,12,120200310450,11,2020-03-19 11:00:00,65.5,7.25,1004.78497,,2020-03-19 11:24:12.558750,63.443466,1.6022020000000057,оставлено прежнее значение,False,False,lookup_by_new_ID_step,True,True
Solovieva_PL_crop_00625_ID_120200311010_step_7,625,120200311010,7,2020-03-19,07:00:00,2020-03-19 07:00:00,71.25,48.0,993.97498,18.69,2020-03-19 07:21:18.479297,70.8389,45.47264999999999,71.1612167154861,48.26634985354167,7.0,8.0,2020-03-19 07:00:00,2020-03-19 08:00:00,0.3551331380555556,107.28678393843532,102.08285732818004,0.3551331380555556,135.69743498287977,same_id,interpolated_track_position_nearest_track_point_for_targets,ok,True,True,120200311010,7,2020-03-19 21:00:00,71.25,48.0,993.97498,18.69,False,False,512,512,Solovieva_diploma_PL_training_images/png/Solovieva_PL_crop_00625_ID_120200311010_step_7.png,Solovieva_diploma_PL_training_images/npy/Solovieva_PL_crop_00625_ID_120200311010_step_7.npy,crop_00625_ID_120200311010_step_7_d5e7850e8a.png,/content/drive/MyDrive/sentinel3/SLSTR/ml_manual_crops_010526/png/crop_00625_ID_120200311010_step_7_d5e7850e8a.png,True,S3B_SL_1_RBT____20200319T072022_20200319T072322_20200320T123538_0179_036_377_1800_LN2_O_NT_004,,,,,,crop_00625_ID_120200311010_step_7_d5e7850e8a.png,625,120200311010,7,120200311010,7,2020-03-19 07:00:00,71.25,48.0,993.97498,,2020-03-19 07:21:18.479297,70.8389,45.47264999999999,оставлено прежнее значение,False,False,lookup_by_new_ID_step,False,True
Solovieva_PL_crop_00626_ID_120200311010_step_8,626,120200311010,8,2020-03-19,08:00:00,2020-03-19 08:00:00,71.0,48.75,993.00623,20.307,2020-03-19 08:00:49.401393,70.45501399999999,41.293733,71.0,48.75343065229168,8.0,9.0,2020-03-19 08:00:00,2020-03-19 09:00:00,0.0137226091666666,280.2119506886822,280.08926661105613,0.0137226091666666,281.3097594220156,same_id,interpolated_track_position_nearest_track_point_for_targets,ok,True,True,120200311010,8,2020-03-19 22:00:00,71.0,48.75,993.00623,20.307,False,False,512,512,Solovieva_diploma_PL_training_images/png/Solovieva_PL_crop_00626_ID_120200311010_step_8.png,Solovieva_diploma_PL_training_images/npy/Solovieva_PL_crop_00626_ID_120200311010_step_8.npy,crop_00626_ID_120200311010_step_8_b41eaecd05.png,/content/drive/MyDrive/sentinel3/SLSTR/ml_manual_crops_010526/png/crop_00626_ID_120200311010_step_8_b41eaecd05.png,True,S3A_SL_1_RBT____20200319T075953_20200319T080253_20200320T124403_0179_056_135_1800_LN2_O_NT_004,,,,,,crop_00626_ID_120200311010_step_8_b41eaecd05.png,626,120200311010,8,120200311010,8,2020-03-19 08:00:00,71.0,48.75,993.00623,,2020-03-19 08:00:49.401393,70.45501399999999,41.293733,оставлено прежнее значение,False,False,lookup_by_new_ID_step,False,True
Solovieva_PL_crop_00628_ID_120200311010_step_9,628,120200311010,9,2020-03-19,09:00:00,2020-03-19 09:00:00,71.0,49.0,992.88684,21.052,2020-03-19 09:01:00.869829,72.49874799999999,46.76990699999999,71.0,49.0,9.0,10.0,2020-03-19 09:00:00,2020-03-20 10:00:00,0.0006763314333333,183.8307423887011,183.8307423887011,0.0169082858333333,185.18340525536777,same_id,interpolated_track_position_nearest_track_point_for_targets,ok,True,True,120200311010,9,2020-03-19 23:00:00,71.0,49.0,992.88684,21.052,False,False,512,512,Solovieva_diploma_PL_training_images/png/Solovieva_PL_crop_00628_ID_120200311010_step_9.png,Solovieva_diploma_PL_training_images/npy/Solovieva_PL_crop_00628_ID_120200311010_step_9.npy,crop_00628_ID_120200311010_step_9_4bb40f3ccf.png,/content/drive/MyDrive/sentinel3/SLSTR/ml_manual_crops_010526/png/crop_00628_ID_120200311010_step_9_4bb40f3ccf.png,True,S3B_SL_1_RBT____20200319T085821_20200319T090121_20200320T141555_0179_036_378_1620_LN2_O_NT_004,,,,,,crop_00628_ID_120200311010_step_9_4bb40f3ccf.png,628,120200311010,9,120200311010,9,2020-03-19 09:00:00,71.0,49.0,992.88684,,2020-03-19 09:01:00.869829,72.49874799999999,46.76990699999999,оставлено прежнее значение,False,False,lookup_by_new_ID_step,False,True
Solovieva_PL_crop_00645_ID_120200311010_step_17,645,120200311010,17,2020-03-20,17:00:00,2020-03-20 17:00:00,69.75,49.75,994.02625,23.05,2020-03-20 16:50:22.358119,68.558638,48.54306500000001,69.7901140195139,49.75,16.0,17.0,2020-03-20 16:00:00,2020-03-20 17:00:00,0.8395439219444445,145.0016031470178,140.8122666236846,0.1604560780555555,157.83808939146223,same_id,interpolated_track_position_nearest_track_point_for_targets,ok,True,True,120200311010,17,2020-03-20 07:00:00,69.75,49.75,994.02625,23.05,False,False,512,512,Solovieva_diploma_PL_training_images/png/Solovieva_PL_crop_00645_ID_120200311010_step_17.png,Solovieva_diploma_PL_training_images/npy/Solovieva_PL_crop_00645_ID_120200311010_step_17.npy,crop_00645_ID_120200311010_step_17_cde3b2aa75.png,/content/drive/MyDrive/sentinel3/SLSTR/ml_manual_crops_010526/png/crop_00645_ID_120200311010_step_17_cde3b2aa75.png,True,S3B_SL_1_RBT____20200320T164806_20200320T165106_20200321T215511_0179_037_012_1080_LN2_O_NT_004,,,,,,crop_00645_ID_120200311010_step_17_cde3b2aa75.png,645,120200311010,17,120200311010,17,2020-03-20 17:00:00,69.75,49.75,994.02625,,2020-03-20 16:50:22.358119,68.558638,48.54306500000001,оставлено прежнее значение,False,False,lookup_by_new_ID_step,False,True
Solovieva_PL_crop_00640_ID_120200311280_step_13,640,120200311280,13,2020-03-20,13:00:00,2020-03-20 13:00:00,62.0,-41.5,995.31683,33.873999999999995,2020-03-20 12:40:36.713448,60.385191,-37.76353599999999,62.0,-41.5,12.0,13.0,2020-03-20 12:00:00,2020-03-20 13:00:00,0.6768648466666667,268.8551110766202,268.8551110766202,0.3231351533333333,294.7059233432868,same_id,interpolated_track_position_nearest_track_point_for_targets,ok,True,True,120200311280,13,2020-03-20 13:00:00,62.0,-41.5,995.31683,33.873999999999995,False,False,512,512,Solovieva_diploma_PL_training_images/png/Solovieva_PL_crop_00640_ID_120200311280_step_13.png,Solovieva_diploma_PL_training_images/npy/Solovieva_PL_crop_00640_ID_120200311280_step_13.npy,crop_00640_ID_120200311280_step_13_468dec1322.png,/content/drive/MyDrive/sentinel3/SLSTR/ml_manual_crops_010526/png/crop_00640_ID_120200311280_step_13_468dec1322.png,True,S3A_SL_1_RBT____20200320T123940_20200320T124240_20200321T171439_0179_056_152_1980_LN2_O_NT_004,,,,,,crop_00640_ID_120200311280_step_13_468dec1322.png,640,120200311280,13,120200311280,13,2020-03-20 13:00:00,62.0,-41.5,995.31683,,2020-03-20 12:40:36.713448,60.385191,-37.76353599999999,оставлено прежнее значение,False,False,lookup_by_new_ID_step,False,True
Solovieva_PL_crop_00649_ID_120200311280_step_23,649,120200311280,23,2020-03-20,23:00:00,2020-03-20 23:00:00,63.5,-38.75,993.42871,27.096,2020-03-20 23:31:42.814732,61.071741,-37.70076,63.5,-38.74471440352221,23.0,24.0,2020-03-20 23:00:00,2020-03-22 00:00:00,0.0211423859111111,275.34454550901125,275.3981686232328,0.5285596477777778,317.6293173312335,same_id,interpolated_track_position_nearest_track_point_for_targets,ok,True,True,120200311280,23,2020-03-20 23:00:00,63.5,-38.75,993.42871,27.096,False,False,512,512,Solovieva_diploma_PL_training_images/png/Solovieva_PL_crop_00649_ID_120200311280_step_23.png,Solovieva_diploma_PL_training_images/npy/Solovieva_PL_crop_00649_ID_120200311280_step_23.npy,crop_00649_ID_120200311280_step_23_b79125b99a.png,/content/drive/MyDrive/sentinel3/SLSTR/ml_manual_crops_010526/png/crop_00649_ID_120200311280_step_23_b79125b99a.png,True,S3B_SL_1_RBT____20200320T232903_20200320T233203_20200322T032753_0180_037_016_0900_LN2_O_NT_004,,,,,,crop_00649_ID_120200311280_step_23_b79125b99a.png,649,120200311280,23,120200311280,23,2020-03-20 23:00:00,63.5,-38.75,993.42871,,2020-03-20 23:31:42.814732,61.071741,-37.70076,оставлено прежнее значение,False,False,lookup_by_new_ID_step,False,True
Solovieva_PL_crop_00660_ID_120200312120_step_15,660,120200312120,15,2020-03-22,15:00:00,2020-03-22 15:00:00,80.0,-2.5,976.10748,38.729,2020-03-22 15:02:19.346393,81.274703,1.9767180000000053,80.0,-2.480646334305561,15.0,16.0,2020-03-22 15:00:00,2020-03-22 16:00:00,0.0387073313888888,162.96861143761757,163.1411454006556,0.0387073313888888,166.06519794872867,same_id,interpolated_track_position_nearest_track_point_for_targets,ok,True,True,120200312120,15,2020-03-22 19:00:00,80.0,-2.5,976.10748,38.729,False,False,512,512,Solovieva_diploma_PL_training_images/png/Solovieva_PL_crop_00660_ID_120200312120_step_15.png,Solovieva_diploma_PL_training_images/npy/Solovieva_PL_crop_00660_ID_120200312120_step_15.npy,crop_00660_ID_120200312120_step_15_d0eccaf6f2.png,/content/drive/MyDrive/sentinel3/SLSTR/ml_manual_crops_010526/png/crop_00660_ID_120200312120_step_15_d0eccaf6f2.png,True,S3A_SL_1_RBT____20200322T150017_20200322T150317_20200323T214355_0179_056_182_1440_LN2_O_NT_004,,,,,,crop_00660_ID_120200312120_step_15_d0eccaf6f2.png,660,120200312120,15,120200312120,15,2020-03-22 15:00:00,80.0,-2.5,976.10748,,2020-03-22 15:02:19.346393,81.274703,1.9767180000000053,оставлено прежнее значение,False,False,lookup_by_new_ID_step,False,True
Solovieva_PL_crop_00661_ID_120200312120_step_16,661,120200312120,16,2020-03-22,16:00:00,2020-03-22 16:00:00,80.0,-2.0,976.70563,35.675999999999995,2020-03-22 16:03:08.299664,81.46363699999999,1.9432319999999947,79.98692363444444,-1.9607709033333265,16.0,17.0,2020-03-22 16:00:00,2020-03-22 17:00:00,0.0523054622222222,178.39567495070412,177.3171454832937,0.0523054622222222,182.5801119284819,same_id,interpolated_track_position_nearest_track_point_for_targets,ok,True,True,120200312120,16,2020-03-22 20:00:00,80.0,-2.0,976.70563,35.675999999999995,False,False,512,512,Solovieva_diploma_PL_training_images/png/Solovieva_PL_crop_00661_ID_120200312120_step_16.png,Solovieva_diploma_PL_training_images/npy/Solovieva_PL_crop_00661_ID_120200312120_step_16.npy,crop_00661_ID_120200312120_step_16_e752a72e10.png,/content/drive/MyDrive/sentinel3/SLSTR/ml_manual_crops_010526/png/crop_00661_ID_120200312120_step_16_e752a72e10.png,True,S3B_SL_1_RBT____20200322T160144_20200322T160444_20200323T203353_0179_037_040_1440_LN2_O_NT_004,,,,,,crop_00661_ID_120200312120_step_16_e752a72e10.png,661,120200312120,16,120200312120,16,2020-03-22 16:00:00,80.0,-2.0,976.70563,,2020-03-22 16:03:08.299664,81.46363699999999,1.9432319999999947,оставлено прежнее значение,False,False,lookup_by_new_ID_step,False,True
Solovieva_PL_crop_00663_ID_120200312120_step_17,663,120200312120,17,2020-03-22,17:00:00,2020-03-22 17:00:00,79.75,-1.25,977.09186,32.09,2020-03-22 16:42:19.079284,81.831244,1.029939000000013,79.82367504972223,-1.471025149166678,16.0,17.0,2020-03-22 16:00:00,2020-03-22 17:00:00,0.7052998011111111,227.53868127851652,234.90878012868407,0.2947001988888889,251.1146971896277,same_id,interpolated_track_position_nearest_track_point_for_targets,ok,True,True,120200312120,17,2020-03-22 21:00:00,79.75,-1.25,977.09186,32.09,False,False,512,512,Solovieva_diploma_PL_training_images/png/Solovieva_PL_crop_00663_ID_120200312120_step_17.png,Solovieva_diploma_PL_training_images/npy/Solovieva_PL_crop_00663_ID_120200312120_step_17.npy,crop_00663_ID_120200312120_step_17_1018bbc08c.png,/content/drive/MyDrive/sentinel3/SLSTR/ml_manual_crops_010526/png/crop_00663_ID_120200312120_step_17_1018bbc08c.png,True,S3A_SL_1_RBT____20200322T164116_20200322T164416_20200323T222746_0179_056_183_1440_LN2_O_NT_004,,,,,,crop_00663_ID_120200312120_step_17_1018bbc08c.png,663,120200312120,17,120200312120,17,2020-03-22 17:00:00,79.75,-1.25,977.09186,,2020-03-22 16:42:19.079284,81.831244,1.029939000000013,оставлено прежнее значение,False,False,lookup_by_new_ID_step,False,True
Solovieva_PL_crop_00656_ID_120200312150_step_12,656,120200312150,12,2020-03-22,12:00:00,2020-03-22 12:00:00,77.0,19.25,975.38495,44.969,2020-03-22 11:43:34.277112,73.813943,8.278307000000012,76.86309404333333,18.83928213000001,11.0,12.0,2020-03-22 11:00:00,2020-03-22 12:00:00,0.7261880866666667,449.5940139521099,467.5711534748682,0.2738119133333333,471.49896701877657,same_id,interpolated_track_position_nearest_track_point_for_targets,warning_distance,True,True,120200312150,12,2020-03-22 18:00:00,77.0,19.25,975.38495,44.969,False,False,512,512,Solovieva_diploma_PL_training_images/png/Solovieva_PL_crop_00656_ID_120200312150_step_12.png,Solovieva_diploma_PL_training_images/npy/Solovieva_PL_crop_00656_ID_120200312150_step_12.npy,crop_00656_ID_120200312150_step_12_dc2747bfc0.png,/content/drive/MyDrive/sentinel3/SLSTR/ml_manual_crops_010526/png/crop_00656_ID_120200312150_step_12_dc2747bfc0.png,True,S3A_SL_1_RBT____20200322T114118_20200322T114418_20200323T172921_0179_056_180_1620_LN2_O_NT_004,,,,,,crop_00656_ID_120200312150_step_12_dc2747bfc0.png,656,120200312150,12,120200312150,12,2020-03-22 12:00:00,77.0,19.25,975.38495,,2020-03-22 11:43:34.277112,73.813943,8.278307000000012,оставлено прежнее значение,False,False,lookup_by_new_ID_step,False,True
Solovieva_PL_crop_00673_ID_120200312840_step_13,673,120200312840,13,2020-03-24,13:00:00,2020-03-24 13:00:00,64.25,-37.5,990.28497,23.656,2020-03-24 12:35:36.040516,64.88219,-35.41526099999999,64.25,-37.60166385305556,12.0,13.0,2020-03-24 12:00:00,2020-03-24 13:00:00,0.5933445877777778,125.85960597963056,121.86352857533136,0.4066554122222222,158.39203895740835,same_id,interpolated_track_position_nearest_track_point_for_targets,ok,True,True,120200312840,13,2020-03-24 13:00:00,64.25,-37.5,990.28497,23.656,False,False,512,512,Solovieva_diploma_PL_training_images/png/Solovieva_PL_crop_00673_ID_120200312840_step_13.png,Solovieva_diploma_PL_training_images/npy/Solovieva_PL_crop_00673_ID_120200312840_step_13.npy,crop_00673_ID_120200312840_step_13_9aa99ef5d2.png,/content/drive/MyDrive/sentinel3/SLSTR/ml_manual_crops_010526/png/crop_00673_ID_120200312840_step_13_9aa99ef5d2.png,True,S3A_SL_1_RBT____20200324T123256_20200324T123556_20200325T185137_0179_056_209_1800_LN2_O_NT_004,,,,,,crop_00673_ID_120200312840_step_13_9aa99ef5d2.png,673,120200312840,13,120200312840,13,2020-03-24 13:00:00,64.25,-37.5,990.28497,,2020-03-24 12:35:36.040516,64.88219,-35.41526099999999,оставлено прежнее значение,False,False,lookup_by_new_ID_step,False,True
Solovieva_PL_crop_00674_ID_120200312840_step_14,674,120200312840,14,2020-03-24,14:00:00,2020-03-24 14:00:00,64.25,-37.25,990.27557,23.867,2020-03-24 14:15:48.372701,64.981096,-39.673228,64.18414078465278,-37.118281569305566,14.0,15.0,2020-03-24 14:00:00,2020-03-24 15:00:00,0.2634368613888889,150.71912292754035,141.23480392043186,0.2634368613888889,171.79407183865146,same_id,interpolated_track_position_nearest_track_point_for_targets,ok,True,True,120200312840,14,2020-03-24 14:00:00,64.25,-37.25,990.27557,23.867,False,False,512,512,Solovieva_diploma_PL_training_images/png/Solovieva_PL_crop_00674_ID_120200312840_step_14.png,Solovieva_diploma_PL_training_images/npy/Solovieva_PL_crop_00674_ID_120200312840_step_14.npy,crop_00674_ID_120200312840_step_14_f46582087f.png,/content/drive/MyDrive/sentinel3/SLSTR/ml_manual_crops_010526/png/crop_00674_ID_120200312840_step_14_f46582087f.png,True,S3A_SL_1_RBT____20200324T141355_20200324T141655_20200325T194703_0179_056_210_1800_LN2_O_NT_004,,,,,,crop_00674_ID_120200312840_step_14_f46582087f.png,674,120200312840,14,120200312840,14,2020-03-24 14:00:00,64.25,-37.25,990.27557,,2020-03-24 14:15:48.372701,64.981096,-39.673228,оставлено прежнее значение,False,False,lookup_by_new_ID_step,False,True
Solovieva_PL_crop_00675_ID_120200312840_step_22,675,120200312840,22,2020-03-24,22:00:00,2020-03-24 22:00:00,64.25,-34.25,993.47687,19.635,2020-03-24 22:27:55.757762,65.915302,-24.583263999999986,64.36637206680555,-34.13362793319445,22.0,23.0,2020-03-24 22:00:00,2020-03-24 23:00:00,0.4654882672222222,477.9179202513378,488.6300793354145,0.4654882672222222,515.1569816291155,same_id,interpolated_track_position_nearest_track_point_for_targets,warning_distance,True,True,120200312840,22,2020-03-24 22:00:00,64.25,-34.25,993.47687,19.635,False,False,512,512,Solovieva_diploma_PL_training_images/png/Solovieva_PL_crop_00675_ID_120200312840_step_22.png,Solovieva_diploma_PL_training_images/npy/Solovieva_PL_crop_00675_ID_120200312840_step_22.npy,crop_00675_ID_120200312840_step_22_91802c1164.png,/content/drive/MyDrive/sentinel3/SLSTR/ml_manual_crops_010526/png/crop_00675_ID_120200312840_step_22_91802c1164.png,True,S3A_SL_1_RBT____20200324T222652_20200324T222952_20200326T042043_0179_056_215_1080_LN2_O_NT_004,,,,,,crop_00675_ID_120200312840_step_22_91802c1164.png,675,120200312840,22,120200312840,22,2020-03-24 22:00:00,64.25,-34.25,993.47687,,2020-03-24 22:27:55.757762,65.915302,-24.583263999999986,оставлено прежнее значение,False,False,lookup_by_new_ID_step,False,True
Solovieva_PL_crop_00677_ID_120200312840_step_24,677,120200312840,24,2020-03-26,00:00:00,2020-03-26 00:00:00,64.5,-33.75,993.58124,18.842,2020-03-25 23:42:37.004608,66.943838,-29.528729,64.5,-33.75289720942223,23.0,24.0,2020-03-24 23:00:00,2020-03-26 00:00:00,0.9884111623111111,333.2250121689135,333.14850132640817,0.2897209422222222,356.4026875466913,same_id,interpolated_track_position_nearest_track_point_for_targets,warning_distance,True,True,120200312840,24,2020-03-25 00:00:00,64.5,-33.75,993.58124,18.842,False,False,512,512,Solovieva_diploma_PL_training_images/png/Solovieva_PL_crop_00677_ID_120200312840_step_24.png,Solovieva_diploma_PL_training_images/npy/Solovieva_PL_crop_00677_ID_120200312840_step_24.npy,crop_00677_ID_120200312840_step_24_8cc4c5d6f7.png,/content/drive/MyDrive/sentinel3/SLSTR/ml_manual_crops_010526/png/crop_00677_ID_120200312840_step_24_8cc4c5d6f7.png,True,S3A_SL_1_RBT____20200325T234140_20200325T234440_20200327T051741_0179_056_230_1080_LN2_O_NT_004,,,,,,crop_00677_ID_120200312840_step_24_8cc4c5d6f7.png,677,120200312840,24,120200312840,24,2020-03-26 00:00:00,64.5,-33.75,993.58124,,2020-03-25 23:42:37.004608,66.943838,-29.528729,оставлено прежнее значение,False,False,lookup_by_new_ID_step,False,True
Solovieva_PL_crop_00687_ID_120200312840_step_47,687,120200312840,47,2020-03-26,23:00:00,2020-03-26 23:00:00,66.75,-30.0,997.19873,20.97,2020-03-26 23:16:39.820031,67.679003,-24.104254,66.75,-29.997222722136115,47.0,48.0,2020-03-26 23:00:00,2020-03-28 00:00:00,0.0111091114555555,273.8584689992017,273.9690916802599,0.2777277863888889,296.07669191031283,same_id,interpolated_track_position_nearest_track_point_for_targets,ok,True,True,120200312840,47,2020-03-25 23:00:00,66.75,-30.0,997.19873,20.97,False,False,512,512,Solovieva_diploma_PL_training_images/png/Solovieva_PL_crop_00687_ID_120200312840_step_47.png,Solovieva_diploma_PL_training_images/npy/Solovieva_PL_crop_00687_ID_120200312840_step_47.npy,crop_00687_ID_120200312840_step_47_1ca06edb9d.png,/content/drive/MyDrive/sentinel3/SLSTR/ml_manual_crops_010526/png/crop_00687_ID_120200312840_step_47_1ca06edb9d.png,True,S3A_SL_1_RBT____20200326T231530_20200326T231830_20200328T043843_0180_056_244_1080_LN2_O_NT_004,,,,,,crop_00687_ID_120200312840_step_47_1ca06edb9d.png,687,120200312840,47,120200312840,47,2020-03-26 23:00:00,66.75,-30.0,997.19873,,2020-03-26 23:16:39.820031,67.679003,-24.104254,оставлено прежнее значение,False,False,lookup_by_new_ID_step,False,True
Solovieva_PL_crop_00693_ID_120200315020_step_11,693,120200315020,11,2020-03-27,11:00:00,2020-03-27 11:00:00,67.25,7.0,1006.16125,27.567,2020-03-27 11:15:38.194153,67.978721,3.225213999999994,67.3151523717361,7.390914230416655,11.0,12.0,2020-03-27 11:00:00,2020-03-27 12:00:00,0.2606094869444444,190.94346389938715,179.17652607518642,0.2606094869444444,211.7922228549427,same_id,interpolated_track_position_nearest_track_point_for_targets,ok,True,True,120200315020,11,2020-03-27 16:00:00,67.25,7.0,1006.16125,27.567,False,False,512,512,Solovieva_diploma_PL_training_images/png/Solovieva_PL_crop_00693_ID_120200315020_step_11.png,Solovieva_diploma_PL_training_images/npy/Solovieva_PL_crop_00693_ID_120200315020_step_11.npy,crop_00693_ID_120200315020_step_11_1278f60a0f.png,/content/drive/MyDrive/sentinel3/SLSTR/ml_manual_crops_010526/png/crop_00693_ID_120200315020_step_11_1278f60a0f.png,True,S3A_SL_1_RBT____20200327T111424_20200327T111724_20200328T160959_0179_056_251_1800_LN2_O_NT_004,,,,,,crop_00693_ID_120200315020_step_11_1278f60a0f.png,693,120200315020,11,120200315020,11,2020-03-27 11:00:00,67.25,7.0,1006.16125,,2020-03-27 11:15:38.194153,67.978721,3.225213999999994,оставлено прежнее значение,False,False,lookup_by_new_ID_step,False,True
Solovieva_PL_crop_00691_ID_120200315090_step_10,691,120200315090,10,2020-03-27,10:00:00,2020-03-27 10:00:00,76.25,10.5,995.61121,21.25,2020-03-27 09:33:04.568773,74.999967,19.989228999999995,76.36218272409722,10.051269103611103,9.0,10.0,2020-03-27 09:00:00,2020-03-27 10:00:00,0.5512691036111111,311.9226161734724,296.09065817277013,0.4487308963888889,347.82108788458345,same_id,interpolated_track_position_nearest_track_point_for_targets,warning_distance,True,True,120200315090,10,2020-03-27 18:00:00,76.25,10.5,995.61121,21.25,False,False,512,512,Solovieva_diploma_PL_training_images/png/Solovieva_PL_crop_00691_ID_120200315090_step_10.png,Solovieva_diploma_PL_training_images/npy/Solovieva_PL_crop_00691_ID_120200315090_step_10.npy,crop_00691_ID_120200315090_step_10_c7daab12ef.png,/content/drive/MyDrive/sentinel3/SLSTR/ml_manual_crops_010526/png/crop_00691_ID_120200315090_step_10_c7daab12ef.png,True,S3A_SL_1_RBT____20200327T093025_20200327T093325_20200328T142115_0179_056_250_1620_LN2_O_NT_004,,,,,,crop_00691_ID_120200315090_step_10_c7daab12ef.png,691,120200315090,10,120200315090,10,2020-03-27 10:00:00,76.25,10.5,995.61121,,2020-03-27 09:33:04.568773,74.999967,19.989228999999995,оставлено прежнее значение,False,False,lookup_by_new_ID_step,False,True
Solovieva_PL_crop_00697_ID_120200315090_step_14,697,120200315090,14,2020-03-27,14:00:00,2020-03-27 14:00:00,75.5,13.75,995.36188,23.155,2020-03-27 13:53:29.697765,78.604574,10.440898000000004,75.527104321875,13.61447839062501,13.0,14.0,2020-03-27 13:00:00,2020-03-27 14:00:00,0.8915827125,351.07088825224014,354.7833413504497,0.1084172875,359.74427125224014,same_id,interpolated_track_position_nearest_track_point_for_targets,warning_distance,True,True,120200315090,14,2020-03-27 22:00:00,75.5,13.75,995.36188,23.155,False,False,512,512,Solovieva_diploma_PL_training_images/png/Solovieva_PL_crop_00697_ID_120200315090_step_14.png,Solovieva_diploma_PL_training_images/npy/Solovieva_PL_crop_00697_ID_120200315090_step_14.npy,crop_00697_ID_120200315090_step_14_ec06b6879e.png,/content/drive/MyDrive/sentinel3/SLSTR/ml_manual_crops_010526/png/crop_00697_ID_120200315090_step_14_ec06b6879e.png,True,S3B_SL_1_RBT____20200327T135050_20200327T135350_20200328T191200_0179_037_110_1440_LN2_O_NT_004,,,,,,crop_00697_ID_120200315090_step_14_ec06b6879e.png,697,120200315090,14,120200315090,14,2020-03-27 14:00:00,75.5,13.75,995.36188,,2020-03-27 13:53:29.697765,78.604574,10.440898000000004,оставлено прежнее значение,False,False,lookup_by_new_ID_step,False,True
Solovieva_PL_crop_00716_ID_120200315090_step_17,716,120200315090,17,2020-03-28,17:00:00,2020-03-28 17:00:00,75.0,16.75,994.71686,17.977,2020-03-28 16:45:12.196127,75.128427,33.554846,75.06165304673611,16.626693906527777,16.0,17.0,2020-03-28 16:00:00,2020-03-28 17:00:00,0.7533878130555556,482.5770482038136,480.2067746446938,0.2466121869444444,502.3060231593691,same_id,interpolated_track_position_nearest_track_point_for_targets,warning_distance,True,True,120200315090,17,2020-03-28 01:00:00,75.0,16.75,994.71686,17.977,False,False,512,512,Solovieva_diploma_PL_training_images/png/Solovieva_PL_crop_00716_ID_120200315090_step_17.png,Solovieva_diploma_PL_training_images/npy/Solovieva_PL_crop_00716_ID_120200315090_step_17.npy,crop_00716_ID_120200315090_step_17_3c94d55ff2.png,/content/drive/MyDrive/sentinel3/SLSTR/ml_manual_crops_010526/png/crop_00716_ID_120200315090_step_17_3c94d55ff2.png,True,S3B_SL_1_RBT____20200328T164337_20200328T164637_20200329T214935_0179_037_126_1260_LN2_O_NT_004,,,,,,crop_00716_ID_120200315090_step_17_3c94d55ff2.png,716,120200315090,17,120200315090,17,2020-03-28 17:00:00,75.0,16.75,994.71686,,2020-03-28 16:45:12.196127,75.128427,33.554846,оставлено прежнее значение,False,False,lookup_by_new_ID_step,False,True
Solovieva_PL_crop_00708_ID_120200315450_step_9,708,120200315450,9,2020-03-28,09:00:00,2020-03-28 09:00:00,73.5,39.75,993.28625,16.148,2020-03-28 09:06:53.882810,75.109565,24.954906,73.5,39.75,9.0,9.0,2020-03-28 09:00:00,2020-03-28 09:00:00,0.0,478.09178975929615,478.09178975929615,0.1149674472222222,487.28918553707393,same_id,nearest_track_point,warning_distance,True,True,120200315450,9,2020-03-28 06:00:00,73.5,39.75,993.28625,16.148,False,False,512,512,Solovieva_diploma_PL_training_images/png/Solovieva_PL_crop_00708_ID_120200315450_step_9.png,Solovieva_diploma_PL_training_images/npy/Solovieva_PL_crop_00708_ID_120200315450_step_9.npy,crop_00708_ID_120200315450_step_9_4d6aacf433.png,/content/drive/MyDrive/sentinel3/SLSTR/ml_manual_crops_010526/png/crop_00708_ID_120200315450_step_9_4d6aacf433.png,True,S3A_SL_1_RBT____20200328T090414_20200328T090714_20200329T134933_0179_056_264_1620_LN2_O_NT_004,,,,,,crop_00708_ID_120200315450_step_9_4d6aacf433.png,708,120200315450,9,120200315450,9,2020-03-28 09:00:00,73.5,39.75,993.28625,,2020-03-28 09:06:53.882810,75.109565,24.954906,pred_valid_20260508_1839.csv:rel_vort_850_smth,False,False,lookup_by_new_ID_step,False,True
Solovieva_PL_crop_00709_ID_120200315550_step_10,709,120200315550,10,2020-03-28,10:00:00,2020-03-28 10:00:00,74.5,23.25,995.52246,20.999,2020-03-28 10:07:53.534572,74.919632,27.21160499999999,74.5,23.41442172638889,10.0,11.0,2020-03-28 10:00:00,2020-03-28 11:00:00,0.1315373811111111,120.69955618092352,125.15712591599848,0.1315373811111111,131.2225466698124,same_id,interpolated_track_position_nearest_track_point_for_targets,ok,True,True,120200315550,10,2020-03-28 10:00:00,74.5,23.25,995.52246,20.999,False,False,512,512,Solovieva_diploma_PL_training_images/png/Solovieva_PL_crop_00709_ID_120200315550_step_10.png,Solovieva_diploma_PL_training_images/npy/Solovieva_PL_crop_00709_ID_120200315550_step_10.npy,crop_00709_ID_120200315550_step_10_eb490ec87b.png,/content/drive/MyDrive/sentinel3/SLSTR/ml_manual_crops_010526/png/crop_00709_ID_120200315550_step_10_eb490ec87b.png,True,S3B_SL_1_RBT____20200328T100541_20200328T100841_20200329T150515_0179_037_122_1620_LN2_O_NT_004,,,,,,crop_00709_ID_120200315550_step_10_eb490ec87b.png,709,120200315550,10,120200315550,10,2020-03-28 10:00:00,74.5,23.25,995.52246,,2020-03-28 10:07:53.534572,74.919632,27.21160499999999,оставлено прежнее значение,False,False,lookup_by_new_ID_step,False,True
Solovieva_PL_crop_00710_ID_120200315550_step_11,710,120200315550,11,2020-03-28,11:00:00,2020-03-28 11:00:00,74.5,24.5,994.81683,19.226,2020-03-28 10:47:08.914464,74.243578,27.511075000000005,74.5,24.23226196666667,10.0,11.0,2020-03-28 10:00:00,2020-03-28 11:00:00,0.7858095733333333,102.25759344136728,94.58488195585892,0.2141904266666666,119.39282757470062,same_id,interpolated_track_position_nearest_track_point_for_targets,ok,True,True,120200315550,11,2020-03-28 11:00:00,74.5,24.5,994.81683,19.226,False,False,512,512,Solovieva_diploma_PL_training_images/png/Solovieva_PL_crop_00710_ID_120200315550_step_11.png,Solovieva_diploma_PL_training_images/npy/Solovieva_PL_crop_00710_ID_120200315550_step_11.npy,crop_00710_ID_120200315550_step_11_a108d05a49.png,/content/drive/MyDrive/sentinel3/SLSTR/ml_manual_crops_010526/png/crop_00710_ID_120200315550_step_11_a108d05a49.png,True,S3A_SL_1_RBT____20200328T104513_20200328T104813_20200329T160841_0179_056_265_1620_LN2_O_NT_004,,,,,,crop_00710_ID_120200315550_step_11_a108d05a49.png,710,120200315550,11,120200315550,11,2020-03-28 11:00:00,74.5,24.5,994.81683,,2020-03-28 10:47:08.914464,74.243578,27.511075000000005,оставлено прежнее значение,False,False,lookup_by_new_ID_step,False,True
Solovieva_PL_crop_00711_ID_120200315550_step_12,711,120200315550,12,2020-03-28,12:00:00,2020-03-28 12:00:00,75.0,29.25,991.7431,18.324,2020-03-28 11:47:36.524260,76.295129,23.65643900000001,74.89673948055555,28.269025065277788,11.0,12.0,2020-03-28 11:00:00,2020-03-28 12:00:00,0.7934789611111112,201.02504461778983,210.8208721637357,0.2065210388888888,217.54672772890092,same_id,interpolated_track_position_nearest_track_point_for_targets,ok,True,True,120200315550,12,2020-03-28 12:00:00,75.0,29.25,991.7431,18.324,False,False,512,512,Solovieva_diploma_PL_training_images/png/Solovieva_PL_crop_00711_ID_120200315550_step_12.png,Solovieva_diploma_PL_training_images/npy/Solovieva_PL_crop_00711_ID_120200315550_step_12.npy,crop_00711_ID_120200315550_step_12_a5b84095ba.png,/content/drive/MyDrive/sentinel3/SLSTR/ml_manual_crops_010526/png/crop_00711_ID_120200315550_step_12_a5b84095ba.png,True,S3B_SL_1_RBT____20200328T114640_20200328T114940_20200329T165004_0179_037_123_1620_LN2_O_NT_004,,,,,,crop_00711_ID_120200315550_step_12_a5b84095ba.png,711,120200315550,12,120200315550,12,2020-03-28 12:00:00,75.0,29.25,991.7431,,2020-03-28 11:47:36.524260,76.295129,23.65643900000001,оставлено прежнее значение,False,False,lookup_by_new_ID_step,False,True
Solovieva_PL_crop_00717_ID_120200315550_step_18,717,120200315550,18,2020-03-28,18:00:00,2020-03-28 18:00:00,74.0,30.75,991.57184,24.461,2020-03-28 18:24:16.486970,71.76549899999999,34.630807000000004,74.0,31.05343478541667,18.0,19.0,2020-03-28 18:00:00,2020-03-28 19:00:00,0.4045797138888889,274.5574590036747,278.91612763035016,0.4045797138888888,306.9238361147858,same_id,interpolated_track_position_nearest_track_point_for_targets,ok,True,True,120200315550,18,2020-03-28 18:00:00,74.0,30.75,991.57184,24.461,False,False,512,512,Solovieva_diploma_PL_training_images/png/Solovieva_PL_crop_00717_ID_120200315550_step_18.png,Solovieva_diploma_PL_training_images/npy/Solovieva_PL_crop_00717_ID_120200315550_step_18.npy,crop_00717_ID_120200315550_step_18_2b22a0d801.png,/content/drive/MyDrive/sentinel3/SLSTR/ml_manual_crops_010526/png/crop_00717_ID_120200315550_step_18_2b22a0d801.png,True,S3B_SL_1_RBT____20200328T182137_20200328T182437_20200329T232645_0180_037_127_1080_LN2_O_NT_004,,,,,,crop_00717_ID_120200315550_step_18_2b22a0d801.png,717,120200315550,18,120200315550,18,2020-03-28 18:00:00,74.0,30.75,991.57184,,2020-03-28 18:24:16.486970,71.76549899999999,34.630807000000004,оставлено прежнее значение,False,False,lookup_by_new_ID_step,False,True
Solovieva_PL_crop_00718_ID_120200315550_step_19,718,120200315550,19,2020-03-28,19:00:00,2020-03-28 19:00:00,74.0,31.5,991.21436,24.519,2020-03-28 19:03:49.584292,72.674018,33.87164000000001,73.9840566463889,31.531886707222213,19.0,20.0,2020-03-28 19:00:00,2020-03-28 20:00:00,0.0637734144444444,163.64930641302408,165.67378058319514,0.0637734144444444,168.75117956857963,same_id,interpolated_track_position_nearest_track_point_for_targets,ok,True,True,120200315550,19,2020-03-28 19:00:00,74.0,31.5,991.21436,24.519,False,False,512,512,Solovieva_diploma_PL_training_images/png/Solovieva_PL_crop_00718_ID_120200315550_step_19.png,Solovieva_diploma_PL_training_images/npy/Solovieva_PL_crop_00718_ID_120200315550_step_19.npy,crop_00718_ID_120200315550_step_19_b4ddeb5cbf.png,/content/drive/MyDrive/sentinel3/SLSTR/ml_manual_crops_010526/png/crop_00718_ID_120200315550_step_19_b4ddeb5cbf.png,True,S3A_SL_1_RBT____20200328T190110_20200328T190410_20200330T003727_0179_056_270_1080_LN2_O_NT_004,,,,,,crop_00718_ID_120200315550_step_19_b4ddeb5cbf.png,718,120200315550,19,120200315550,19,2020-03-28 19:00:00,74.0,31.5,991.21436,,2020-03-28 19:03:49.584292,72.674018,33.87164000000001,оставлено прежнее значение,False,False,lookup_by_new_ID_step,False,True
Solovieva_PL_crop_00721_ID_120200316070_step_7,721,120200316070,7,2020-03-29,07:00:00,2020-03-29 07:00:00,68.25,49.0,987.56372,15.278,2020-03-29 07:01:39.559506,68.252085,54.467635,68.25,49.0,7.0,7.0,2020-03-29 07:00:00,2020-03-29 07:00:00,0.0,225.2051172380088,225.2051172380088,0.0276554183333333,227.41755070467545,same_id,nearest_track_point,ok,True,True,120200316070,7,2020-03-29 08:00:00,68.25,49.0,987.56372,15.278,False,False,512,512,Solovieva_diploma_PL_training_images/png/Solovieva_PL_crop_00721_ID_120200316070_step_7.png,Solovieva_diploma_PL_training_images/npy/Solovieva_PL_crop_00721_ID_120200316070_step_7.npy,crop_00721_ID_120200316070_step_7_7068ed46c2.png,/content/drive/MyDrive/sentinel3/SLSTR/ml_manual_crops_010526/png/crop_00721_ID_120200316070_step_7_7068ed46c2.png,True,S3A_SL_1_RBT____20200329T070004_20200329T070304_20200330T111326_0179_056_277_1800_LN2_O_NT_004,,,,,,crop_00721_ID_120200316070_step_7_7068ed46c2.png,721,120200316070,7,120200316070,7,2020-03-29 07:00:00,68.25,49.0,987.56372,,2020-03-29 07:01:39.559506,68.252085,54.467635,оставлено прежнее значение,False,False,lookup_by_new_ID_step,False,True
Solovieva_PL_crop_00722_ID_120200316240_step_8,722,120200316240,8,2020-03-29,08:00:00,2020-03-29 08:00:00,70.25,47.75,986.26123,18.719,2020-03-29 08:02:27.058413,68.511985,54.80549300000001,70.25,47.75,8.0,9.0,2020-03-29 08:00:00,2020-03-29 09:00:00,0.0408495591666666,336.84247970247395,336.84247970247395,0.0408495591666666,340.11044443580727,same_id,interpolated_track_position_nearest_track_point_for_targets,warning_distance,True,True,120200316240,8,2020-03-29 16:00:00,70.25,47.75,986.26123,18.719,False,False,512,512,Solovieva_diploma_PL_training_images/png/Solovieva_PL_crop_00722_ID_120200316240_step_8.png,Solovieva_diploma_PL_training_images/npy/Solovieva_PL_crop_00722_ID_120200316240_step_8.npy,crop_00722_ID_120200316240_step_8_babc259900.png,/content/drive/MyDrive/sentinel3/SLSTR/ml_manual_crops_010526/png/crop_00722_ID_120200316240_step_8_babc259900.png,True,S3B_SL_1_RBT____20200329T080131_20200329T080431_20200330T124110_0179_037_136_1800_LN2_O_NT_004,,,,,,crop_00722_ID_120200316240_step_8_babc259900.png,722,120200316240,8,120200316240,8,2020-03-29 08:00:00,70.25,47.75,986.26123,,2020-03-29 08:02:27.058413,68.511985,54.80549300000001,pred_valid_20260508_1839.csv:rel_vort_850_smth,False,False,lookup_by_new_ID_step,False,True
Solovieva_PL_crop_00747_ID_120200316240_step_17,747,120200316240,18,2020-03-30,18:00:00,2020-03-30 18:00:00,68.75,50.75,990.97937,28.79,2020-03-30 17:31:15.014259,68.423441,42.908648,69.22916270583333,49.43230255895833,17.0,18.0,2020-03-30 17:00:00,2020-03-30 18:00:00,0.5208372941666667,276.74592910152234,320.17259894117,0.4791627058333333,315.078945568189,same_id,interpolated_track_position_nearest_track_point_for_targets,ok,True,True,120200316240,17,2020-03-30 01:00:00,69.75,48.0,989.84247,17.474,False,True,512,512,Solovieva_diploma_PL_training_images/png/Solovieva_PL_crop_00747_ID_120200316240_step_17.png,Solovieva_diploma_PL_training_images/npy/Solovieva_PL_crop_00747_ID_120200316240_step_17.npy,crop_00747_ID_120200316240_step_17_ac053c9a04.png,/content/drive/MyDrive/sentinel3/SLSTR/ml_manual_crops_010526/png/crop_00747_ID_120200316240_step_17_ac053c9a04.png,True,S3B_SL_1_RBT____20200330T172915_20200330T173215_20200331T221341_0179_037_155_1080_LN2_O_NT_004,,,,,,crop_00747_ID_120200316240_step_17_ac053c9a04.png,747,120200316240,17,120200316240,18,2020-03-30 18:00:00,68.75,50.75,990.97937,,2020-03-30 17:31:15.014259,68.423441,42.908648,pred_valid_20260508_1839.csv:rel_vort_850_smth,True,False,lookup_by_new_ID_step,False,True
Solovieva_PL_crop_00748_ID_120200316240_step_18,748,120200316240,18,2020-03-30,18:00:00,2020-03-30 18:00:00,68.75,50.75,990.97937,28.79,2020-03-30 18:10:19.807433,68.119866,43.240994,68.75,50.706957817152784,18.0,19.0,2020-03-30 18:00:00,2020-03-30 19:00:00,0.1721687313888888,312.8670765577197,314.5784565886772,0.1721687313888888,326.6405750688308,same_id,interpolated_track_position_nearest_track_point_for_targets,warning_distance,True,True,120200316240,18,2020-03-30 02:00:00,68.75,50.75,990.97937,28.79,False,False,512,512,Solovieva_diploma_PL_training_images/png/Solovieva_PL_crop_00748_ID_120200316240_step_18.png,Solovieva_diploma_PL_training_images/npy/Solovieva_PL_crop_00748_ID_120200316240_step_18.npy,crop_00748_ID_120200316240_step_18_1f28cc386e.png,/content/drive/MyDrive/sentinel3/SLSTR/ml_manual_crops_010526/png/crop_00748_ID_120200316240_step_18_1f28cc386e.png,True,S3A_SL_1_RBT____20200330T180848_20200330T181148_20200401T000316_0179_056_298_1080_LN2_O_NT_004,,,,,,crop_00748_ID_120200316240_step_18_1f28cc386e.png,748,120200316240,18,120200316240,18,2020-03-30 18:00:00,68.75,50.75,990.97937,,2020-03-30 18:10:19.807433,68.119866,43.240994,pred_valid_20260508_1839.csv:rel_vort_850_smth,False,False,lookup_by_new_ID_step,False,True
Solovieva_PL_crop_00739_ID_120200317000_step_7,739,120200317000,8,2020-03-30,08:00:00,2020-03-30 08:00:00,68.25,42.75,1003.36621,18.624,2020-03-30 07:36:30.671233,68.813188,53.74928,68.34787005326389,41.57555936083333,7.0,8.0,2020-03-30 07:00:00,2020-03-30 08:00:00,0.6085197869444444,496.2170666311082,451.36031499376975,0.3914802130555555,527.5354836755527,same_id,interpolated_track_position_nearest_track_point_for_targets,warning_distance,True,True,120200317000,7,2020-03-30 15:00:00,68.5,39.75,1004.55682,21.862,False,True,512,512,Solovieva_diploma_PL_training_images/png/Solovieva_PL_crop_00739_ID_120200317000_step_7.png,Solovieva_diploma_PL_training_images/npy/Solovieva_PL_crop_00739_ID_120200317000_step_7.npy,crop_00739_ID_120200317000_step_7_a34d8023ac.png,/content/drive/MyDrive/sentinel3/SLSTR/ml_manual_crops_010526/png/crop_00739_ID_120200317000_step_7_a34d8023ac.png,True,S3B_SL_1_RBT____20200330T073520_20200330T073820_20200331T121735_0179_037_149_1800_LN2_O_NT_004,,,,,,crop_00739_ID_120200317000_step_7_a34d8023ac.png,739,120200317000,7,120200317000,8,2020-03-30 08:00:00,68.25,42.75,1003.36621,,2020-03-30 07:36:30.671233,68.813188,53.74928,оставлено прежнее значение,False,False,lookup_by_new_ID_step,True,True
Solovieva_PL_crop_00742_ID_120200317000_step_8,742,120200317000,8,2020-03-30,08:00:00,2020-03-30 08:00:00,68.25,42.75,1003.36621,18.624,2020-03-30 08:15:49.300561,68.12054499999999,53.52380099999999,68.18407634993055,42.81592365006944,8.0,9.0,2020-03-30 08:00:00,2020-03-30 09:00:00,0.2636946002777778,442.5937865826369,444.8473317925445,0.2636946002777778,463.6893546048591,same_id,interpolated_track_position_nearest_track_point_for_targets,warning_distance,True,True,120200317000,8,2020-03-30 16:00:00,68.25,42.75,1003.36621,18.624,False,False,512,512,Solovieva_diploma_PL_training_images/png/Solovieva_PL_crop_00742_ID_120200317000_step_8.png,Solovieva_diploma_PL_training_images/npy/Solovieva_PL_crop_00742_ID_120200317000_step_8.npy,crop_00742_ID_120200317000_step_8_e29d670271.png,/content/drive/MyDrive/sentinel3/SLSTR/ml_manual_crops_010526/png/crop_00742_ID_120200317000_step_8_e29d670271.png,True,S3A_SL_1_RBT____20200330T081453_20200330T081753_20200331T140444_0179_056_292_1800_LN2_O_NT_004,,,,,,crop_00742_ID_120200317000_step_8_e29d670271.png,742,120200317000,8,120200317000,8,2020-03-30 08:00:00,68.25,42.75,1003.36621,,2020-03-30 08:15:49.300561,68.12054499999999,53.52380099999999,оставлено прежнее значение,False,False,lookup_by_new_ID_step,False,True
Solovieva_PL_crop_00752_ID_120200400340_step_12,752,120200400340,12,2020-04-01,12:00:00,2020-04-01 12:00:00,65.0,-24.75,1005.24249,20.162,2020-04-01 11:47:58.833841,66.855952,-20.76874900000001,65.05008098326388,-24.80008098326388,11.0,12.0,2020-04-01 11:00:00,2020-04-01 12:00:00,0.7996760669444445,271.3509094454442,274.1129862086897,0.2003239330555555,287.37682408988866,same_id,interpolated_track_position_nearest_track_point_for_targets,ok,True,True,120200400340,12,2020-04-01 17:00:00,65.0,-24.75,1005.24249,20.162,False,False,512,512,Solovieva_diploma_PL_training_images/png/Solovieva_PL_crop_00752_ID_120200400340_step_12.png,Solovieva_diploma_PL_training_images/npy/Solovieva_PL_crop_00752_ID_120200400340_step_12.npy,crop_00752_ID_120200400340_step_12_656b0c4197.png,/content/drive/MyDrive/sentinel3/SLSTR/ml_manual_crops_010526/png/crop_00752_ID_120200400340_step_12_656b0c4197.png,True,S3B_SL_1_RBT____20200401T114555_20200401T114855_20200402T174627_0179_037_180_1800_LN2_O_NT_004,,,,,,crop_00752_ID_120200400340_step_12_656b0c4197.png,752,120200400340,12,120200400340,12,2020-04-01 12:00:00,65.0,-24.75,1005.24249,,2020-04-01 11:47:58.833841,66.855952,-20.76874900000001,pred_valid_20260508_1839.csv:rel_vort_850_smth,False,False,lookup_by_new_ID_step,False,True
Solovieva_PL_crop_00762_ID_120200400640_step_17,762,120200400640,17,2020-04-02,17:00:00,2020-04-02 17:00:00,74.0,22.25,982.1756,28.303,2020-04-02 16:54:12.615517,73.447993,37.09088600000001,73.97587607756944,22.20175215513888,16.0,17.0,2020-04-02 16:00:00,2020-04-02 17:00:00,0.9035043102777778,466.7823777082137,465.3120539359972,0.0964956897222222,474.5020328859914,same_id,interpolated_track_position_nearest_track_point_for_targets,warning_distance,True,True,120200400640,17,2020-04-02 12:00:00,74.0,22.25,982.1756,28.303,False,False,512,512,Solovieva_diploma_PL_training_images/png/Solovieva_PL_crop_00762_ID_120200400640_step_17.png,Solovieva_diploma_PL_training_images/npy/Solovieva_PL_crop_00762_ID_120200400640_step_17.npy,crop_00762_ID_120200400640_step_17_13fc15c54a.png,/content/drive/MyDrive/sentinel3/SLSTR/ml_manual_crops_010526/png/crop_00762_ID_120200400640_step_17_13fc15c54a.png,True,S3A_SL_1_RBT____20200402T165316_20200402T165616_20200403T213606_0179_056_340_1260_LN2_O_NT_004,,,,,,crop_00762_ID_120200400640_step_17_13fc15c54a.png,762,120200400640,17,120200400640,17,2020-04-02 17:00:00,74.0,22.25,982.1756,,2020-04-02 16:54:12.615517,73.447993,37.09088600000001,оставлено прежнее значение,False,False,lookup_by_new_ID_step,False,True
Solovieva_PL_crop_00763_ID_120200400640_step_18,763,120200400640,18,2020-04-02,18:00:00,2020-04-02 18:00:00,74.25,23.0,981.80933,28.512,2020-04-02 17:55:37.896270,73.458035,21.69219200000001,74.23179835208333,22.94539505625,17.0,18.0,2020-04-02 17:00:00,2020-04-02 18:00:00,0.9271934083333332,94.3665255419496,96.89863203419706,0.0728065916666666,100.19105287528296,same_id,interpolated_track_position_nearest_track_point_for_targets,ok,True,True,120200400640,18,2020-04-02 13:00:00,74.25,23.0,981.80933,28.512,False,False,512,512,Solovieva_diploma_PL_training_images/png/Solovieva_PL_crop_00763_ID_120200400640_step_18.png,Solovieva_diploma_PL_training_images/npy/Solovieva_PL_crop_00763_ID_120200400640_step_18.npy,crop_00763_ID_120200400640_step_18_dc0458ed06.png,/content/drive/MyDrive/sentinel3/SLSTR/ml_manual_crops_010526/png/crop_00763_ID_120200400640_step_18_dc0458ed06.png,True,S3B_SL_1_RBT____20200402T175441_20200402T175741_20200403T231459_0179_037_198_1260_LN2_O_NT_004,,,,,,crop_00763_ID_120200400640_step_18_dc0458ed06.png,763,120200400640,18,120200400640,18,2020-04-02 18:00:00,74.25,23.0,981.80933,,2020-04-02 17:55:37.896270,73.458035,21.69219200000001,оставлено прежнее значение,False,False,lookup_by_new_ID_step,False,True
Solovieva_PL_crop_00770_ID_120200402450_step_11,770,120200402450,11,2020-04-04,11:00:00,2020-04-04 11:00:00,73.0,6.25,1003.87811,30.678,2020-04-04 11:06:36.710049,73.21711499999999,11.600400000000008,72.99889802764167,6.255509861791666,11.0,12.0,2020-04-04 11:00:00,2020-04-05 12:00:00,0.0044078894333333,174.32813810236183,174.4818684202313,0.1101972358333333,183.1439169690285,same_id,interpolated_track_position_nearest_track_point_for_targets,ok,True,True,120200402450,11,2020-04-04 23:00:00,73.0,6.25,1003.87811,30.678,False,False,512,512,Solovieva_diploma_PL_training_images/png/Solovieva_PL_crop_00770_ID_120200402450_step_11.png,Solovieva_diploma_PL_training_images/npy/Solovieva_PL_crop_00770_ID_120200402450_step_11.npy,crop_00770_ID_120200402450_step_11_45dc0e32b1.png,/content/drive/MyDrive/sentinel3/SLSTR/ml_manual_crops_010526/png/crop_00770_ID_120200402450_step_11_45dc0e32b1.png,True,S3A_SL_1_RBT____20200404T110357_20200404T110657_20200405T170647_0179_056_365_1620_LN2_O_NT_004,,,,,,crop_00770_ID_120200402450_step_11_45dc0e32b1.png,770,120200402450,11,120200402450,11,2020-04-04 11:00:00,73.0,6.25,1003.87811,,2020-04-04 11:06:36.710049,73.21711499999999,11.600400000000008,оставлено прежнее значение,False,False,lookup_by_new_ID_step,False,True
Solovieva_PL_crop_00775_ID_120200402450_step_12,775,120200402450,12,2020-04-05,12:00:00,2020-04-05 12:00:00,72.75,7.5,1003.79871,32.045,2020-04-05 12:21:01.438438,72.92164799999999,2.8435479999999984,72.66240010847223,7.675199783055547,12.0,13.0,2020-04-05 12:00:00,2020-04-05 13:00:00,0.3503995661111111,161.4885373242289,153.9481027000599,0.350399566111111,189.5205026131178,same_id,interpolated_track_position_nearest_track_point_for_targets,ok,True,True,120200402450,12,2020-04-05 00:00:00,72.75,7.5,1003.79871,32.045,False,False,512,512,Solovieva_diploma_PL_training_images/png/Solovieva_PL_crop_00775_ID_120200402450_step_12.png,Solovieva_diploma_PL_training_images/npy/Solovieva_PL_crop_00775_ID_120200402450_step_12.npy,crop_00775_ID_120200402450_step_12_163d86dedf.png,/content/drive/MyDrive/sentinel3/SLSTR/ml_manual_crops_010526/png/crop_00775_ID_120200402450_step_12_163d86dedf.png,True,S3A_SL_1_RBT____20200405T121845_20200405T122145_20200406T181217_0179_056_380_1620_LN2_O_NT_004,,,,,,crop_00775_ID_120200402450_step_12_163d86dedf.png,775,120200402450,12,120200402450,12,2020-04-05 12:00:00,72.75,7.5,1003.79871,,2020-04-05 12:21:01.438438,72.92164799999999,2.8435479999999984,оставлено прежнее значение,False,False,lookup_by_new_ID_step,False,True
Solovieva_PL_crop_00776_ID_120200402450_step_18,776,120200402450,18,2020-04-05,18:00:00,2020-04-05 18:00:00,72.0,8.5,1007.4375,30.930000000000003,2020-04-05 18:18:04.363717,73.458998,16.074847000000005,71.92469696409722,8.5,18.0,19.0,2020-04-05 18:00:00,2020-04-05 19:00:00,0.3012121436111111,302.8174145516357,297.7558760424994,0.3012121436111111,326.91438604052456,same_id,interpolated_track_position_nearest_track_point_for_targets,warning_distance,True,True,120200402450,18,2020-04-05 06:00:00,72.0,8.5,1007.4375,30.930000000000003,False,False,512,512,Solovieva_diploma_PL_training_images/png/Solovieva_PL_crop_00776_ID_120200402450_step_18.png,Solovieva_diploma_PL_training_images/npy/Solovieva_PL_crop_00776_ID_120200402450_step_18.npy,crop_00776_ID_120200402450_step_18_c2b80e49db.png,/content/drive/MyDrive/sentinel3/SLSTR/ml_manual_crops_010526/png/crop_00776_ID_120200402450_step_18_c2b80e49db.png,True,S3B_SL_1_RBT____20200405T181708_20200405T182008_20200406T225020_0179_037_241_1260_LN2_O_NT_004,,,,,,crop_00776_ID_120200402450_step_18_c2b80e49db.png,776,120200402450,18,120200402450,18,2020-04-05 18:00:00,72.0,8.5,1007.4375,,2020-04-05 18:18:04.363717,73.458998,16.074847000000005,оставлено прежнее значение,False,False,lookup_by_new_ID_step,False,True
Solovieva_PL_crop_00777_ID_120200402450_step_19,777,120200402450,19,2020-04-05,19:00:00,2020-04-05 19:00:00,71.75,8.5,1008.44812,30.691000000000003,2020-04-05 18:57:39.072044,73.452624,6.215448000000009,71.75978666361111,8.5,18.0,19.0,2020-04-05 18:00:00,2020-04-05 19:00:00,0.9608533455555556,202.9414143773858,203.95852031319905,0.0391466544444444,206.07314673294127,same_id,interpolated_track_position_nearest_track_point_for_targets,ok,True,True,120200402450,19,2020-04-05 07:00:00,71.75,8.5,1008.44812,30.691000000000003,False,False,512,512,Solovieva_diploma_PL_training_images/png/Solovieva_PL_crop_00777_ID_120200402450_step_19.png,Solovieva_diploma_PL_training_images/npy/Solovieva_PL_crop_00777_ID_120200402450_step_19.npy,crop_00777_ID_120200402450_step_19_3416a7e1c9.png,/content/drive/MyDrive/sentinel3/SLSTR/ml_manual_crops_010526/png/crop_00777_ID_120200402450_step_19_3416a7e1c9.png,True,S3A_SL_1_RBT____20200405T185642_20200405T185942_20200407T005244_0179_056_384_1260_LN2_O_NT_004,,,,,,crop_00777_ID_120200402450_step_19_3416a7e1c9.png,777,120200402450,19,120200402450,19,2020-04-05 19:00:00,71.75,8.5,1008.44812,,2020-04-05 18:57:39.072044,73.452624,6.215448000000009,оставлено прежнее значение,False,False,lookup_by_new_ID_step,False,True
Solovieva_PL_crop_00778_ID_120200402450_step_20,778,120200402450,20,2020-04-05,20:00:00,2020-04-05 20:00:00,71.75,9.0,1009.33563,29.554,2020-04-05 19:57:47.051602,71.363315,8.138072999999991,71.75,8.981534944722227,19.0,20.0,2020-04-05 19:00:00,2020-04-05 20:00:00,0.9630698894444444,52.24054603650807,52.61215440107911,0.0369301105555555,55.19495488095252,same_id,interpolated_track_position_nearest_track_point_for_targets,ok,True,True,120200402450,20,2020-04-05 08:00:00,71.75,9.0,1009.33563,29.554,False,False,512,512,Solovieva_diploma_PL_training_images/png/Solovieva_PL_crop_00778_ID_120200402450_step_20.png,Solovieva_diploma_PL_training_images/npy/Solovieva_PL_crop_00778_ID_120200402450_step_20.npy,crop_00778_ID_120200402450_step_20_e2685693a0.png,/content/drive/MyDrive/sentinel3/SLSTR/ml_manual_crops_010526/png/crop_00778_ID_120200402450_step_20_e2685693a0.png,True,S3B_SL_1_RBT____20200405T195507_20200405T195807_20200407T004157_0179_037_242_1080_LN2_O_NT_004,,,,,,crop_00778_ID_120200402450_step_20_e2685693a0.png,778,120200402450,20,120200402450,20,2020-04-05 20:00:00,71.75,9.0,1009.33563,,2020-04-05 19:57:47.051602,71.363315,8.138072999999991,оставлено прежнее значение,False,False,lookup_by_new_ID_step,False,True
Solovieva_PL_crop_00779_ID_120200402450_step_21,779,120200402450,21,2020-04-05,21:00:00,2020-04-05 21:00:00,71.5,9.0,1010.39874,28.376,2020-04-05 20:37:09.104530,71.612529,6.8481669999999895,71.59520107430555,9.0,20.0,21.0,2020-04-05 20:00:00,2020-04-05 21:00:00,0.6191957027777778,75.53152435968154,76.72242529000742,0.3808042972222222,105.99586813745933,same_id,interpolated_track_position_nearest_track_point_for_targets,ok,True,True,120200402450,21,2020-04-05 09:00:00,71.5,9.0,1010.39874,28.376,False,False,512,512,Solovieva_diploma_PL_training_images/png/Solovieva_PL_crop_00779_ID_120200402450_step_21.png,Solovieva_diploma_PL_training_images/npy/Solovieva_PL_crop_00779_ID_120200402450_step_21.npy,crop_00779_ID_120200402450_step_21_67575782f4.png,/content/drive/MyDrive/sentinel3/SLSTR/ml_manual_crops_010526/png/crop_00779_ID_120200402450_step_21_67575782f4.png,True,S3A_SL_1_RBT____20200405T203442_20200405T203742_20200407T023909_0179_056_385_1080_LN2_O_NT_004,,,,,,crop_00779_ID_120200402450_step_21_67575782f4.png,779,120200402450,21,120200402450,21,2020-04-05 21:00:00,71.5,9.0,1010.39874,,2020-04-05 20:37:09.104530,71.612529,6.8481669999999895,оставлено прежнее значение,False,False,lookup_by_new_ID_step,False,True
Solovieva_PL_crop_00771_ID_120200403100_step_0,771,120200403100,0,2020-04-05,00:00:00,2020-04-05 00:00:00,58.75,-57.25,1001.33685,20.257,2020-04-05 00:22:30.371306,60.47738,-53.571955,58.65622421486111,-57.34377578513889,0.0,1.0,2020-04-05 00:00:00,2020-04-05 01:00:00,0.3751031405555555,293.41271518455073,282.2185001333779,0.3751031405555555,323.4209664289952,same_id,interpolated_track_position_nearest_track_point_for_targets,ok,True,True,120200403100,0,2020-04-05 19:00:00,58.75,-57.25,1001.33685,20.257,False,False,512,512,Solovieva_diploma_PL_training_images/png/Solovieva_PL_crop_00771_ID_120200403100_step_0.png,Solovieva_diploma_PL_training_images/npy/Solovieva_PL_crop_00771_ID_120200403100_step_0.npy,crop_00771_ID_120200403100_step_0_0d000685f9.png,/content/drive/MyDrive/sentinel3/SLSTR/ml_manual_crops_010526/png/crop_00771_ID_120200403100_step_0_0d000685f9.png,True,S3A_SL_1_RBT____20200405T001951_20200405T002251_20200406T054222_0180_056_373_0900_LN2_O_NT_004,,,,,,crop_00771_ID_120200403100_step_0_0d000685f9.png,771,120200403100,0,120200403100,0,2020-04-05 00:00:00,58.75,-57.25,1001.33685,,2020-04-05 00:22:30.371306,60.47738,-53.571955,оставлено прежнее значение,False,False,lookup_by_new_ID_step,False,True
Solovieva_PL_crop_00772_ID_120200403100_step_1,772,120200403100,1,2020-04-05,01:00:00,2020-04-05 01:00:00,58.5,-57.5,1001.41809,20.252,2020-04-05 01:23:44.022132,61.785109,-53.96518,58.40110957416667,-57.5,1.0,2.0,2020-04-05 01:00:00,2020-04-05 02:00:00,0.3955617033333333,424.1148566591611,414.2586838365052,0.3955617033333333,455.75979292582775,same_id,interpolated_track_position_nearest_track_point_for_targets,warning_distance,True,True,120200403100,1,2020-04-05 20:00:00,58.5,-57.5,1001.41809,20.252,False,False,512,512,Solovieva_diploma_PL_training_images/png/Solovieva_PL_crop_00772_ID_120200403100_step_1.png,Solovieva_diploma_PL_training_images/npy/Solovieva_PL_crop_00772_ID_120200403100_step_1.npy,crop_00772_ID_120200403100_step_1_07fd282812.png,/content/drive/MyDrive/sentinel3/SLSTR/ml_manual_crops_010526/png/crop_00772_ID_120200403100_step_1_07fd282812.png,True,S3B_SL_1_RBT____20200405T012116_20200405T012416_20200406T051352_0179_037_231_0900_LN2_O_NT_004,,,,,,crop_00772_ID_120200403100_step_1_07fd282812.png,772,120200403100,1,120200403100,1,2020-04-05 01:00:00,58.5,-57.5,1001.41809,,2020-04-05 01:23:44.022132,61.785109,-53.96518,оставлено прежнее значение,False,False,lookup_by_new_ID_step,False,True
Solovieva_PL_crop_00790_ID_120200403480_step_19,790,120200403480,19,2020-04-07,19:00:00,2020-04-07 19:00:00,70.5,14.0,992.42371,39.186,2020-04-07 19:05:24.831162,69.761827,12.75730999999999,70.5,14.135346317499994,19.0,20.0,2020-04-07 19:00:00,2020-04-07 20:00:00,0.0902308783333333,97.20337310230929,94.56266755797688,0.0902308783333333,104.42184336897596,same_id,interpolated_track_position_nearest_track_point_for_targets,ok,True,True,120200403480,19,2020-04-07 20:00:00,70.5,14.0,992.42371,39.186,False,False,512,512,Solovieva_diploma_PL_training_images/png/Solovieva_PL_crop_00790_ID_120200403480_step_19.png,Solovieva_diploma_PL_training_images/npy/Solovieva_PL_crop_00790_ID_120200403480_step_19.npy,crop_00790_ID_120200403480_step_19_9af6ae7f84.png,/content/drive/MyDrive/sentinel3/SLSTR/ml_manual_crops_010526/png/crop_00790_ID_120200403480_step_19_9af6ae7f84.png,True,S3B_SL_1_RBT____20200407T190245_20200407T190545_20200409T010800_0179_037_270_1080_LN2_O_NT_004,,,,,,crop_00790_ID_120200403480_step_19_9af6ae7f84.png,790,120200403480,19,120200403480,19,2020-04-07 19:00:00,70.5,14.0,992.42371,,2020-04-07 19:05:24.831162,69.761827,12.75730999999999,оставлено прежнее значение,False,False,lookup_by_new_ID_step,False,True
Solovieva_PL_crop_00791_ID_120200403480_step_20,791,120200403480,20,2020-04-07,20:00:00,2020-04-07 20:00:00,70.5,15.5,992.72375,38.73,2020-04-07 19:44:38.094323,70.18975999999999,13.226855999999998,70.5,15.115872634583326,19.0,20.0,2020-04-07 19:00:00,2020-04-07 20:00:00,0.7439150897222222,78.61935098317777,91.7437606557067,0.2560849102777777,99.1061438054,same_id,interpolated_track_position_nearest_track_point_for_targets,ok,True,True,120200403480,20,2020-04-07 21:00:00,70.5,15.5,992.72375,38.73,False,False,512,512,Solovieva_diploma_PL_training_images/png/Solovieva_PL_crop_00791_ID_120200403480_step_20.png,Solovieva_diploma_PL_training_images/npy/Solovieva_PL_crop_00791_ID_120200403480_step_20.npy,crop_00791_ID_120200403480_step_20_21440e1d28.png,/content/drive/MyDrive/sentinel3/SLSTR/ml_manual_crops_010526/png/crop_00791_ID_120200403480_step_20_21440e1d28.png,True,S3A_SL_1_RBT____20200407T194220_20200407T194520_20200409T011104_0179_057_028_1080_LN2_O_NT_004,,,,,,crop_00791_ID_120200403480_step_20_21440e1d28.png,791,120200403480,20,120200403480,20,2020-04-07 20:00:00,70.5,15.5,992.72375,,2020-04-07 19:44:38.094323,70.18975999999999,13.226855999999998,оставлено прежнее значение,False,False,lookup_by_new_ID_step,False,True
Solovieva_PL_crop_00792_ID_120200403480_step_21,792,120200403480,21,2020-04-07,21:00:00,2020-04-07 21:00:00,70.75,17.0,991.26874,37.158,2020-04-07 20:45:37.817692,70.229122,13.179281000000003,70.6901262286111,16.640757371666666,20.0,21.0,2020-04-07 20:00:00,2020-04-07 21:00:00,0.7605049144444445,138.54370446290528,153.2221175821277,0.2394950855555555,157.70331130734974,same_id,interpolated_track_position_nearest_track_point_for_targets,ok,True,True,120200403480,21,2020-04-07 22:00:00,70.75,17.0,991.26874,37.158,False,False,512,512,Solovieva_diploma_PL_training_images/png/Solovieva_PL_crop_00792_ID_120200403480_step_21.png,Solovieva_diploma_PL_training_images/npy/Solovieva_PL_crop_00792_ID_120200403480_step_21.npy,crop_00792_ID_120200403480_step_21_070c384702.png,/content/drive/MyDrive/sentinel3/SLSTR/ml_manual_crops_010526/png/crop_00792_ID_120200403480_step_21_070c384702.png,True,S3B_SL_1_RBT____20200407T204344_20200407T204644_20200409T024940_0180_037_271_1080_LN2_O_NT_004,,,,,,crop_00792_ID_120200403480_step_21_070c384702.png,792,120200403480,21,120200403480,21,2020-04-07 21:00:00,70.75,17.0,991.26874,,2020-04-07 20:45:37.817692,70.229122,13.179281000000003,оставлено прежнее значение,False,False,lookup_by_new_ID_step,False,True
Solovieva_PL_crop_00807_ID_120200403830_step_32,807,120200403830,32,2020-04-10,08:00:00,2020-04-10 08:00:00,78.75,45.25,975.14563,37.936,2020-04-10 08:29:09.373551,75.89491199999999,41.916124,78.75,45.12851572562499,32.0,33.0,2020-04-10 08:00:00,2020-04-10 09:00:00,0.4859370975,326.8872480139435,327.60146397800776,0.4859370974999999,365.7622158139435,same_id,interpolated_track_position_nearest_track_point_for_targets,warning_distance,True,True,120200403830,32,2020-04-09 03:00:00,78.75,45.25,975.14563,37.936,False,False,512,512,Solovieva_diploma_PL_training_images/png/Solovieva_PL_crop_00807_ID_120200403830_step_32.png,Solovieva_diploma_PL_training_images/npy/Solovieva_PL_crop_00807_ID_120200403830_step_32.npy,crop_00807_ID_120200403830_step_32_0d08983d44.png,/content/drive/MyDrive/sentinel3/SLSTR/ml_manual_crops_010526/png/crop_00807_ID_120200403830_step_32_0d08983d44.png,True,S3A_SL_1_RBT____20200410T082653_20200410T082953_20200411T130616_0179_057_064_1620_LN2_O_NT_004,,,,,,crop_00807_ID_120200403830_step_32_0d08983d44.png,807,120200403830,32,120200403830,32,2020-04-10 08:00:00,78.75,45.25,975.14563,,2020-04-10 08:29:09.373551,75.89491199999999,41.916124,оставлено прежнее значение,False,False,lookup_by_new_ID_step,False,True
Solovieva_PL_crop_00808_ID_120200403830_step_33,808,120200403830,34,2020-04-10,10:00:00,2020-04-10 10:00:00,78.5,44.5,974.73749,39.138,2020-04-10 09:30:06.346936,75.775611,41.307853,78.62455924055556,44.74911848111111,33.0,34.0,2020-04-10 09:00:00,2020-04-10 10:00:00,0.5017630377777778,327.7991218121507,312.9607999591265,0.4982369622222222,367.6580787899285,same_id,interpolated_track_position_nearest_track_point_for_targets,warning_distance,True,True,120200403830,33,2020-04-09 04:00:00,78.75,45.0,974.99432,38.875,False,True,512,512,Solovieva_diploma_PL_training_images/png/Solovieva_PL_crop_00808_ID_120200403830_step_33.png,Solovieva_diploma_PL_training_images/npy/Solovieva_PL_crop_00808_ID_120200403830_step_33.npy,crop_00808_ID_120200403830_step_33_a039b41c3c.png,/content/drive/MyDrive/sentinel3/SLSTR/ml_manual_crops_010526/png/crop_00808_ID_120200403830_step_33_a039b41c3c.png,True,S3B_SL_1_RBT____20200410T092817_20200410T093117_20200411T144407_0179_037_307_1620_LN2_O_NT_004,,,,,,crop_00808_ID_120200403830_step_33_a039b41c3c.png,808,120200403830,33,120200403830,34,2020-04-10 10:00:00,78.5,44.5,974.73749,,2020-04-10 09:30:06.346936,75.775611,41.307853,оставлено прежнее значение,False,False,lookup_by_new_ID_step,True,True
Solovieva_PL_crop_00809_ID_120200403830_step_34,809,120200403830,34,2020-04-10,10:00:00,2020-04-10 10:00:00,78.5,44.5,974.73749,39.138,2020-04-10 10:09:15.703584,75.65510499999999,41.721900000000005,78.5,44.46140947333333,34.0,35.0,2020-04-10 10:00:00,2020-04-10 11:00:00,0.1543621066666666,323.50306460725056,323.7040019576763,0.1543621066666666,335.8520331405839,same_id,interpolated_track_position_nearest_track_point_for_targets,warning_distance,True,True,120200403830,34,2020-04-09 05:00:00,78.5,44.5,974.73749,39.138,False,False,512,512,Solovieva_diploma_PL_training_images/png/Solovieva_PL_crop_00809_ID_120200403830_step_34.png,Solovieva_diploma_PL_training_images/npy/Solovieva_PL_crop_00809_ID_120200403830_step_34.npy,crop_00809_ID_120200403830_step_34_4e8c2d051a.png,/content/drive/MyDrive/sentinel3/SLSTR/ml_manual_crops_010526/png/crop_00809_ID_120200403830_step_34_4e8c2d051a.png,True,S3A_SL_1_RBT____20200410T100752_20200410T101052_20200411T145032_0179_057_065_1620_LN2_O_NT_004,,,,,,crop_00809_ID_120200403830_step_34_4e8c2d051a.png,809,120200403830,34,120200403830,34,2020-04-10 10:00:00,78.5,44.5,974.73749,,2020-04-10 10:09:15.703584,75.65510499999999,41.721900000000005,оставлено прежнее значение,False,False,lookup_by_new_ID_step,False,True
Solovieva_PL_crop_00812_ID_120200403830_step_41,812,120200403830,41,2020-04-10,17:00:00,2020-04-10 17:00:00,77.75,43.75,976.28058,37.152,2020-04-10 16:46:48.531701,75.013227,45.01963999999998,77.80496307631944,43.69503692368056,40.0,41.0,2020-04-10 16:00:00,2020-04-10 17:00:00,0.7801476947222222,312.3304828514515,306.107406673647,0.2198523052777777,329.91866727367375,same_id,interpolated_track_position_nearest_track_point_for_targets,warning_distance,True,True,120200403830,41,2020-04-09 12:00:00,77.75,43.75,976.28058,37.152,False,False,512,512,Solovieva_diploma_PL_training_images/png/Solovieva_PL_crop_00812_ID_120200403830_step_41.png,Solovieva_diploma_PL_training_images/npy/Solovieva_PL_crop_00812_ID_120200403830_step_41.npy,crop_00812_ID_120200403830_step_41_95e4309795.png,/content/drive/MyDrive/sentinel3/SLSTR/ml_manual_crops_010526/png/crop_00812_ID_120200403830_step_41_95e4309795.png,True,S3A_SL_1_RBT____20200410T164549_20200410T164849_20200411T212809_0179_057_069_1260_LN2_O_NT_004,,,,,,crop_00812_ID_120200403830_step_41_95e4309795.png,812,120200403830,41,120200403830,41,2020-04-10 17:00:00,77.75,43.75,976.28058,,2020-04-10 16:46:48.531701,75.013227,45.01963999999998,оставлено прежнее значение,False,False,lookup_by_new_ID_step,False,True
Solovieva_PL_crop_00813_ID_120200403830_step_42,813,120200403830,42,2020-04-10,18:00:00,2020-04-10 18:00:00,77.75,43.75,976.60187,36.657,2020-04-10 17:48:09.484130,76.93908499999999,46.97703999999999,77.75,43.75,41.0,42.0,2020-04-10 17:00:00,2020-04-10 18:00:00,0.8026344805555555,119.59574472907376,119.59574472907376,0.1973655194444444,135.38498628462932,same_id,interpolated_track_position_nearest_track_point_for_targets,ok,True,True,120200403830,42,2020-04-09 13:00:00,77.75,43.75,976.60187,36.657,False,False,512,512,Solovieva_diploma_PL_training_images/png/Solovieva_PL_crop_00813_ID_120200403830_step_42.png,Solovieva_diploma_PL_training_images/npy/Solovieva_PL_crop_00813_ID_120200403830_step_42.npy,crop_00813_ID_120200403830_step_42_7cd00389fe.png,/content/drive/MyDrive/sentinel3/SLSTR/ml_manual_crops_010526/png/crop_00813_ID_120200403830_step_42_7cd00389fe.png,True,S3B_SL_1_RBT____20200410T174713_20200410T175013_20200411T224900_0179_037_312_1260_LN2_O_NT_004,,,,,,crop_00813_ID_120200403830_step_42_7cd00389fe.png,813,120200403830,42,120200403830,42,2020-04-10 18:00:00,77.75,43.75,976.60187,,2020-04-10 17:48:09.484130,76.93908499999999,46.97703999999999,оставлено прежнее значение,False,False,lookup_by_new_ID_step,False,True
Solovieva_PL_crop_00821_ID_120200409050_step_15,821,120200409050,15,2020-04-19,15:00:00,2020-04-19 15:00:00,72.5,-64.75,990.13312,32.49,2020-04-19 14:41:07.223996,70.847158,-64.042119,72.34266999944444,-64.59266999944444,14.0,15.0,2020-04-19 14:00:00,2020-04-19 15:00:00,0.6853399988888889,167.41110414752126,185.44334392902223,0.3146600011111111,192.5839042364101,same_id,interpolated_track_position_nearest_track_point_for_targets,ok,True,True,120200409050,15,2020-04-19 16:00:00,72.5,-64.75,990.13312,32.49,False,False,512,512,Solovieva_diploma_PL_training_images/png/Solovieva_PL_crop_00821_ID_120200409050_step_15.png,Solovieva_diploma_PL_training_images/npy/Solovieva_PL_crop_00821_ID_120200409050_step_15.npy,crop_00821_ID_120200409050_step_15_240a541464.png,/content/drive/MyDrive/sentinel3/SLSTR/ml_manual_crops_010526/png/crop_00821_ID_120200409050_step_15_240a541464.png,True,S3A_SL_1_RBT____20200419T144011_20200419T144311_20200420T203311_0179_057_196_1800_LN2_O_NT_004,,,,,,crop_00821_ID_120200409050_step_15_240a541464.png,821,120200409050,15,120200409050,15,2020-04-19 15:00:00,72.5,-64.75,990.13312,,2020-04-19 14:41:07.223996,70.847158,-64.042119,оставлено прежнее значение,False,False,lookup_by_new_ID_step,False,True
Solovieva_PL_crop_00822_ID_120200409050_step_16,822,120200409050,16,2020-04-19,16:00:00,2020-04-19 16:00:00,72.75,-65.5,990.26495,31.891,2020-04-19 16:20:49.853794,72.907259,-65.163372,72.92359080472222,-65.67359080472222,16.0,17.0,2020-04-19 16:00:00,2020-04-19 17:00:00,0.3471816094444444,16.765998149029535,20.68558285981249,0.3471816094444445,44.54052690458509,same_id,interpolated_track_position_nearest_track_point_for_targets,ok,True,True,120200409050,16,2020-04-19 17:00:00,72.75,-65.5,990.26495,31.891,False,False,512,512,Solovieva_diploma_PL_training_images/png/Solovieva_PL_crop_00822_ID_120200409050_step_16.png,Solovieva_diploma_PL_training_images/npy/Solovieva_PL_crop_00822_ID_120200409050_step_16.npy,crop_00822_ID_120200409050_step_16_ce5fdc07ef.png,/content/drive/MyDrive/sentinel3/SLSTR/ml_manual_crops_010526/png/crop_00822_ID_120200409050_step_16_ce5fdc07ef.png,True,S3A_SL_1_RBT____20200419T161810_20200419T162110_20200420T225714_0179_057_197_1620_LN2_O_NT_004,,,,,,crop_00822_ID_120200409050_step_16_ce5fdc07ef.png,822,120200409050,16,120200409050,16,2020-04-19 16:00:00,72.75,-65.5,990.26495,,2020-04-19 16:20:49.853794,72.907259,-65.163372,оставлено прежнее значение,False,False,lookup_by_new_ID_step,False,True
Solovieva_PL_crop_00823_ID_120200409050_step_17,823,120200409050,17,2020-04-19,17:00:00,2020-04-19 17:00:00,73.25,-66.0,991.70435,31.93,2020-04-19 17:21:29.494932,73.906398,-69.462093,73.33954825916666,-66.35819303666666,17.0,18.0,2020-04-19 17:00:00,2020-04-19 18:00:00,0.3581930366666667,115.92240234746582,131.01109329817857,0.3581930366666667,144.57784528079915,same_id,interpolated_track_position_nearest_track_point_for_targets,ok,True,True,120200409050,17,2020-04-19 18:00:00,73.25,-66.0,991.70435,31.93,False,False,512,512,Solovieva_diploma_PL_training_images/png/Solovieva_PL_crop_00823_ID_120200409050_step_17.png,Solovieva_diploma_PL_training_images/npy/Solovieva_PL_crop_00823_ID_120200409050_step_17.npy,crop_00823_ID_120200409050_step_17_491c395c49.png,/content/drive/MyDrive/sentinel3/SLSTR/ml_manual_crops_010526/png/crop_00823_ID_120200409050_step_17_491c395c49.png,True,S3B_SL_1_RBT____20200419T171935_20200419T172235_20200420T215733_0179_038_055_1620_LN2_O_NT_004,,,,,,crop_00823_ID_120200409050_step_17_491c395c49.png,823,120200409050,17,120200409050,17,2020-04-19 17:00:00,73.25,-66.0,991.70435,,2020-04-19 17:21:29.494932,73.906398,-69.462093,оставлено прежнее значение,False,False,lookup_by_new_ID_step,False,True
Solovieva_PL_crop_00835_ID_120200503360_step_11,835,120200503360,11,2020-05-08,11:00:00,2020-05-08 11:00:00,75.75,7.75,997.39185,20.262,2020-05-08 10:45:28.917072,75.170416,12.852306,75.75,7.568524389999993,10.0,11.0,2020-05-08 10:00:00,2020-05-08 11:00:00,0.75803252,160.89421321603984,156.27086163026257,0.24196748,180.25161161603984,same_id,interpolated_track_position_nearest_track_point_for_targets,ok,True,True,120200503360,11,2020-05-08 01:00:00,75.75,7.75,997.39185,20.262,False,False,512,512,Solovieva_diploma_PL_training_images/png/Solovieva_PL_crop_00835_ID_120200503360_step_11.png,Solovieva_diploma_PL_training_images/npy/Solovieva_PL_crop_00835_ID_120200503360_step_11.npy,crop_00835_ID_120200503360_step_11_644dd6234c.png,/content/drive/MyDrive/sentinel3/SLSTR/ml_manual_crops_010526/png/crop_00835_ID_120200503360_step_11_644dd6234c.png,True,S3B_SL_1_RBT____20200508T104309_20200508T104609_20200509T153745_0179_038_322_1620_LN2_O_NT_004,,,,,,crop_00835_ID_120200503360_step_11_644dd6234c.png,835,120200503360,11,120200503360,11,2020-05-08 11:00:00,75.75,7.75,997.39185,,2020-05-08 10:45:28.917072,75.170416,12.852306,оставлено прежнее значение,False,False,lookup_by_new_ID_step,False,True
Solovieva_PL_crop_00836_ID_120200503360_step_12,836,120200503360,12,2020-05-08,12:00:00,2020-05-08 12:00:00,75.5,8.0,997.125,20.057,2020-05-08 12:25:26.300450,75.497664,10.263510999999994,75.5,8.211986173611109,12.0,13.0,2020-05-08 12:00:00,2020-05-08 13:00:00,0.4239723472222222,57.11870694911057,63.02003962184011,0.4239723472222222,91.03649472688836,same_id,interpolated_track_position_nearest_track_point_for_targets,ok,True,True,120200503360,12,2020-05-08 02:00:00,75.5,8.0,997.125,20.057,False,False,512,512,Solovieva_diploma_PL_training_images/png/Solovieva_PL_crop_00836_ID_120200503360_step_12.png,Solovieva_diploma_PL_training_images/npy/Solovieva_PL_crop_00836_ID_120200503360_step_12.npy,crop_00836_ID_120200503360_step_12_88b55f6c45.png,/content/drive/MyDrive/sentinel3/SLSTR/ml_manual_crops_010526/png/crop_00836_ID_120200503360_step_12_88b55f6c45.png,True,S3B_SL_1_RBT____20200508T122409_20200508T122709_20200509T170752_0179_038_323_1620_LN2_O_NT_004,,,,,,crop_00836_ID_120200503360_step_12_88b55f6c45.png,836,120200503360,12,120200503360,12,2020-05-08 12:00:00,75.5,8.0,997.125,,2020-05-08 12:25:26.300450,75.497664,10.263510999999994,оставлено прежнее значение,False,False,lookup_by_new_ID_step,False,True
Solovieva_PL_crop_00840_ID_120200503360_step_18,840,120200503360,18,2020-05-08,18:00:00,2020-05-08 18:00:00,74.75,10.75,996.23438,18.425,2020-05-08 18:02:12.580920,75.04388,14.725785000000002,74.75,10.768414016666668,18.0,19.0,2020-05-08 18:00:00,2020-05-08 19:00:00,0.0368280333333333,119.19533711136852,119.70817573894946,0.0368280333333333,122.1415797780352,same_id,interpolated_track_position_nearest_track_point_for_targets,ok,True,True,120200503360,18,2020-05-08 08:00:00,74.75,10.75,996.23438,18.425,False,False,512,512,Solovieva_diploma_PL_training_images/png/Solovieva_PL_crop_00840_ID_120200503360_step_18.png,Solovieva_diploma_PL_training_images/npy/Solovieva_PL_crop_00840_ID_120200503360_step_18.npy,crop_00840_ID_120200503360_step_18_9eb01c365d.png,/content/drive/MyDrive/sentinel3/SLSTR/ml_manual_crops_010526/png/crop_00840_ID_120200503360_step_18_9eb01c365d.png,True,S3A_SL_1_RBT____20200508T180040_20200508T180340_20200510T000003_0180_058_084_1260_LN2_O_NT_004,,,,,,crop_00840_ID_120200503360_step_18_9eb01c365d.png,840,120200503360,18,120200503360,18,2020-05-08 18:00:00,74.75,10.75,996.23438,,2020-05-08 18:02:12.580920,75.04388,14.725785000000002,оставлено прежнее значение,False,False,lookup_by_new_ID_step,False,True
Solovieva_PL_crop_00841_ID_120200503360_step_19,841,120200503360,19,2020-05-08,19:00:00,2020-05-08 19:00:00,74.75,11.25,996.16559,17.554,2020-05-08 19:03:02.038621,74.755248,10.936725999999991,74.76264157090277,11.123584290972218,19.0,20.0,2020-05-08 19:00:00,2020-05-08 20:00:00,0.0505662836111111,5.523575375236566,9.179572637688176,0.0505662836111111,9.568878064125457,same_id,interpolated_track_position_nearest_track_point_for_targets,ok,True,True,120200503360,19,2020-05-08 09:00:00,74.75,11.25,996.16559,17.554,False,False,512,512,Solovieva_diploma_PL_training_images/png/Solovieva_PL_crop_00841_ID_120200503360_step_19.png,Solovieva_diploma_PL_training_images/npy/Solovieva_PL_crop_00841_ID_120200503360_step_19.npy,crop_00841_ID_120200503360_step_19_01c870dc86.png,/content/drive/MyDrive/sentinel3/SLSTR/ml_manual_crops_010526/png/crop_00841_ID_120200503360_step_19_01c870dc86.png,True,S3B_SL_1_RBT____20200508T190206_20200508T190506_20200509T233848_0179_038_327_1260_LN2_O_NT_004,,,,,,crop_00841_ID_120200503360_step_19_01c870dc86.png,841,120200503360,19,120200503360,19,2020-05-08 19:00:00,74.75,11.25,996.16559,,2020-05-08 19:03:02.038621,74.755248,10.936725999999991,оставлено прежнее значение,False,False,lookup_by_new_ID_step,False,True
Solovieva_PL_crop_00846_ID_120200503930_step_9,846,120200503930,9,2020-05-09,09:00:00,2020-05-09 09:00:00,72.0,15.0,998.95062,24.19800000000001,2020-05-09 09:19:29.271303,70.875665,15.584532999999992,72.0,15.081199396041654,9.0,10.0,2020-05-09 09:00:00,2020-05-09 10:00:00,0.3247975841666666,126.28235474756468,126.71942225638854,0.3247975841666666,152.266161480898,same_id,interpolated_track_position_nearest_track_point_for_targets,ok,True,True,120200503930,9,2020-05-09 13:00:00,72.0,15.0,998.95062,24.19800000000001,False,False,512,512,Solovieva_diploma_PL_training_images/png/Solovieva_PL_crop_00846_ID_120200503930_step_9.png,Solovieva_diploma_PL_training_images/npy/Solovieva_PL_crop_00846_ID_120200503930_step_9.npy,crop_00846_ID_120200503930_step_9_f11f850396.png,/content/drive/MyDrive/sentinel3/SLSTR/ml_manual_crops_010526/png/crop_00846_ID_120200503930_step_9_f11f850396.png,True,S3A_SL_1_RBT____20200509T091833_20200509T092133_20200510T145557_0179_058_093_1800_LN2_O_NT_004,,,,,,crop_00846_ID_120200503930_step_9_f11f850396.png,846,120200503930,9,120200503930,9,2020-05-09 09:00:00,72.0,15.0,998.95062,,2020-05-09 09:19:29.271303,70.875665,15.584532999999992,оставлено прежнее значение,False,False,lookup_by_new_ID_step,False,True
Solovieva_PL_crop_00848_ID_120200503930_step_11,848,120200503930,11,2020-05-09,11:00:00,2020-05-09 11:00:00,72.0,15.75,998.79559,22.22,2020-05-09 10:59:11.598628,72.714175,16.342790000000008,72.0,15.743277587222224,10.0,11.0,2020-05-09 10:00:00,2020-05-09 11:00:00,0.9865551744444444,81.9415574459255,81.88601305583333,0.0134448255555555,83.01714349036995,same_id,interpolated_track_position_nearest_track_point_for_targets,ok,True,True,120200503930,11,2020-05-09 15:00:00,72.0,15.75,998.79559,22.22,False,False,512,512,Solovieva_diploma_PL_training_images/png/Solovieva_PL_crop_00848_ID_120200503930_step_11.png,Solovieva_diploma_PL_training_images/npy/Solovieva_PL_crop_00848_ID_120200503930_step_11.npy,crop_00848_ID_120200503930_step_11_1ead672bc7.png,/content/drive/MyDrive/sentinel3/SLSTR/ml_manual_crops_010526/png/crop_00848_ID_120200503930_step_11_1ead672bc7.png,True,S3A_SL_1_RBT____20200509T105632_20200509T105932_20200510T164708_0179_058_094_1620_LN2_O_NT_004,,,,,,crop_00848_ID_120200503930_step_11_1ead672bc7.png,848,120200503930,11,120200503930,11,2020-05-09 11:00:00,72.0,15.75,998.79559,,2020-05-09 10:59:11.598628,72.714175,16.342790000000008,оставлено прежнее значение,False,False,lookup_by_new_ID_step,False,True
Solovieva_PL_crop_00852_ID_120200503930_step_19,852,120200503930,19,2020-05-09,19:00:00,2020-05-09 19:00:00,72.25,18.0,998.40936,24.577,2020-05-09 19:15:07.842575,71.355839,18.97226000000001,72.25252178493055,17.997478215069435,19.0,20.0,2020-05-09 19:00:00,2020-05-10 20:00:00,0.0100871397222222,105.2915190847591,104.99859816973049,0.2521784930555555,125.46579852920354,same_id,interpolated_track_position_nearest_track_point_for_targets,ok,True,True,120200503930,19,2020-05-09 23:00:00,72.25,18.0,998.40936,24.577,False,False,512,512,Solovieva_diploma_PL_training_images/png/Solovieva_PL_crop_00852_ID_120200503930_step_19.png,Solovieva_diploma_PL_training_images/npy/Solovieva_PL_crop_00852_ID_120200503930_step_19.npy,crop_00852_ID_120200503930_step_19_e845553eb0.png,/content/drive/MyDrive/sentinel3/SLSTR/ml_manual_crops_010526/png/crop_00852_ID_120200503930_step_19_e845553eb0.png,True,S3A_SL_1_RBT____20200509T191228_20200509T191528_20200511T011021_0179_058_099_1080_LN2_O_NT_004,,,,,,crop_00852_ID_120200503930_step_19_e845553eb0.png,852,120200503930,19,120200503930,19,2020-05-09 19:00:00,72.25,18.0,998.40936,,2020-05-09 19:15:07.842575,71.355839,18.97226000000001,оставлено прежнее значение,False,False,lookup_by_new_ID_step,False,True
Solovieva_PL_crop_00857_ID_120200503930_step_20,857,120200503930,20,2020-05-10,20:00:00,2020-05-10 20:00:00,72.5,17.75,998.58374,23.091,2020-05-10 19:50:02.288269,71.004678,17.782703999999995,72.49833968963611,17.75166031036389,19.0,20.0,2020-05-09 19:00:00,2020-05-10 20:00:00,0.9933587585444444,166.09111368844626,166.27611276417767,0.1660310363888889,179.37359659955737,same_id,interpolated_track_position_nearest_track_point_for_targets,ok,True,True,120200503930,20,2020-05-10 00:00:00,72.5,17.75,998.58374,23.091,False,False,512,512,Solovieva_diploma_PL_training_images/png/Solovieva_PL_crop_00857_ID_120200503930_step_20.png,Solovieva_diploma_PL_training_images/npy/Solovieva_PL_crop_00857_ID_120200503930_step_20.npy,crop_00857_ID_120200503930_step_20_09d88a38a9.png,/content/drive/MyDrive/sentinel3/SLSTR/ml_manual_crops_010526/png/crop_00857_ID_120200503930_step_20_09d88a38a9.png,True,S3B_SL_1_RBT____20200510T194743_20200510T195043_20200512T020416_0179_038_356_1080_LN2_O_NT_004,,,,,,crop_00857_ID_120200503930_step_20_09d88a38a9.png,857,120200503930,20,120200503930,20,2020-05-10 20:00:00,72.5,17.75,998.58374,,2020-05-10 19:50:02.288269,71.004678,17.782703999999995,оставлено прежнее значение,False,False,lookup_by_new_ID_step,False,True
Solovieva_PL_crop_00858_ID_120200503930_step_21,858,120200503930,20,2020-05-10,20:00:00,2020-05-10 20:00:00,72.5,17.75,998.58374,23.091,2020-05-10 20:29:21.698071,70.91939599999999,17.417948999999993,72.5,17.62765985618057,20.0,21.0,2020-05-10 20:00:00,2020-05-10 21:00:00,0.4893605752777777,175.90716370815463,176.13601798329722,0.4893605752777777,215.05600973037684,same_id,interpolated_track_position_nearest_track_point_for_targets,ok,True,True,120200503930,21,2020-05-10 01:00:00,72.5,17.5,998.46375,22.908,False,True,512,512,Solovieva_diploma_PL_training_images/png/Solovieva_PL_crop_00858_ID_120200503930_step_21.png,Solovieva_diploma_PL_training_images/npy/Solovieva_PL_crop_00858_ID_120200503930_step_21.npy,crop_00858_ID_120200503930_step_21_4bcedb36d7.png,/content/drive/MyDrive/sentinel3/SLSTR/ml_manual_crops_010526/png/crop_00858_ID_120200503930_step_21_4bcedb36d7.png,True,S3A_SL_1_RBT____20200510T202716_20200510T203016_20200512T031205_0179_058_114_1080_LN2_O_NT_004,,,,,,crop_00858_ID_120200503930_step_21_4bcedb36d7.png,858,120200503930,21,120200503930,20,2020-05-10 20:00:00,72.5,17.75,998.58374,,2020-05-10 20:29:21.698071,70.91939599999999,17.417948999999993,оставлено прежнее значение,False,False,lookup_by_new_ID_step,True,True
Solovieva_PL_crop_00853_ID_120200504400_step_9,853,120200504400,9,2020-05-10,09:00:00,2020-05-10 09:00:00,72.5,20.0,999.74432,22.472,2020-05-10 08:53:18.202151,70.890913,22.15455,72.5,20.027902628402785,8.0,9.0,2020-05-10 08:00:00,2020-05-10 09:00:00,0.8883894863888889,193.69592202686275,194.07085481669355,0.1116105136111111,202.62476311575165,same_id,interpolated_track_position_nearest_track_point_for_targets,ok,True,True,120200504400,9,2020-05-10 15:00:00,72.5,20.0,999.74432,22.472,False,False,512,512,Solovieva_diploma_PL_training_images/png/Solovieva_PL_crop_00853_ID_120200504400_step_9.png,Solovieva_diploma_PL_training_images/npy/Solovieva_PL_crop_00853_ID_120200504400_step_9.npy,crop_00853_ID_120200504400_step_9_8a4eb5da84.png,/content/drive/MyDrive/sentinel3/SLSTR/ml_manual_crops_010526/png/crop_00853_ID_120200504400_step_9_8a4eb5da84.png,True,S3A_SL_1_RBT____20200510T085222_20200510T085522_20200511T142914_0179_058_107_1800_LN2_O_NT_004,,,,,,crop_00853_ID_120200504400_step_9_8a4eb5da84.png,853,120200504400,9,120200504400,9,2020-05-10 09:00:00,72.5,20.0,999.74432,,2020-05-10 08:53:18.202151,70.890913,22.15455,оставлено прежнее значение,False,False,lookup_by_new_ID_step,False,True
Solovieva_PL_crop_00854_ID_120200504400_step_10,854,120200504400,10,2020-05-10,10:00:00,2020-05-10 10:00:00,72.5,20.0,999.69,22.614,2020-05-10 09:54:44.379515,70.85213399999999,7.396151000000003,72.5,20.0,9.0,10.0,2020-05-10 09:00:00,2020-05-10 10:00:00,0.9123276430555556,476.0567563415789,476.0567563415789,0.0876723569444444,483.0705448971344,same_id,interpolated_track_position_nearest_track_point_for_targets,warning_distance,True,True,120200504400,10,2020-05-10 16:00:00,72.5,20.0,999.69,22.614,False,False,512,512,Solovieva_diploma_PL_training_images/png/Solovieva_PL_crop_00854_ID_120200504400_step_10.png,Solovieva_diploma_PL_training_images/npy/Solovieva_PL_crop_00854_ID_120200504400_step_10.npy,crop_00854_ID_120200504400_step_10_7e659689e2.png,/content/drive/MyDrive/sentinel3/SLSTR/ml_manual_crops_010526/png/crop_00854_ID_120200504400_step_10_7e659689e2.png,True,S3B_SL_1_RBT____20200510T095348_20200510T095648_20200511T154741_0179_038_350_1800_LN2_O_NT_004,,,,,,crop_00854_ID_120200504400_step_10_7e659689e2.png,854,120200504400,10,120200504400,10,2020-05-10 10:00:00,72.5,20.0,999.69,,2020-05-10 09:54:44.379515,70.85213399999999,7.396151000000003,оставлено прежнее значение,False,False,lookup_by_new_ID_step,False,True
Solovieva_PL_crop_00855_ID_120200504400_step_11,855,120200504400,11,2020-05-10,11:00:00,2020-05-10 11:00:00,72.75,19.75,999.85559,22.895,2020-05-10 10:33:00.529309,73.187302,20.333065000000005,72.63753675756945,19.86246324243055,10.0,11.0,2020-05-10 10:00:00,2020-05-10 11:00:00,0.5501470302777778,63.03466048977048,52.20158831558975,0.4498529697222222,99.02289806754824,same_id,interpolated_track_position_nearest_track_point_for_targets,ok,True,True,120200504400,11,2020-05-10 17:00:00,72.75,19.75,999.85559,22.895,False,False,512,512,Solovieva_diploma_PL_training_images/png/Solovieva_PL_crop_00855_ID_120200504400_step_11.png,Solovieva_diploma_PL_training_images/npy/Solovieva_PL_crop_00855_ID_120200504400_step_11.npy,crop_00855_ID_120200504400_step_11_b0a4c72802.png,/content/drive/MyDrive/sentinel3/SLSTR/ml_manual_crops_010526/png/crop_00855_ID_120200504400_step_11_b0a4c72802.png,True,S3A_SL_1_RBT____20200510T103021_20200510T103321_20200511T160626_0180_058_108_1620_LN2_O_NT_004,,,,,,crop_00855_ID_120200504400_step_11_b0a4c72802.png,855,120200504400,11,120200504400,11,2020-05-10 11:00:00,72.75,19.75,999.85559,,2020-05-10 10:33:00.529309,73.187302,20.333065000000005,оставлено прежнее значение,False,False,lookup_by_new_ID_step,False,True
Solovieva_PL_crop_00867_ID_120200907400_step_13,867,120200907400,13,2020-09-21,13:00:00,2020-09-21 13:00:00,65.0,-30.75,989.90686,22.344,2020-09-21 12:43:05.329062,64.526945,-31.530203,65.0,-30.82046325958333,12.0,13.0,2020-09-21 12:00:00,2020-09-21 13:00:00,0.7181469616666667,62.44170900536568,64.30324157565238,0.2818530383333333,84.98995207203234,same_id,interpolated_track_position_nearest_track_point_for_targets,ok,True,True,120200907400,13,2020-09-21 10:00:00,65.0,-30.75,989.90686,22.344,False,False,512,512,Solovieva_diploma_PL_training_images/png/Solovieva_PL_crop_00867_ID_120200907400_step_13.png,Solovieva_diploma_PL_training_images/npy/Solovieva_PL_crop_00867_ID_120200907400_step_13.npy,crop_00867_ID_120200907400_step_13_659c295924.png,/content/drive/MyDrive/sentinel3/SLSTR/ml_manual_crops_010526/png/crop_00867_ID_120200907400_step_13_659c295924.png,True,S3A_SL_1_RBT____20200921T124027_20200921T124327_20200922T183433_0179_063_095_1800_LN2_O_NT_004,,,,,,crop_00867_ID_120200907400_step_13_659c295924.png,867,120200907400,13,120200907400,13,2020-09-21 13:00:00,65.0,-30.75,989.90686,,2020-09-21 12:43:05.329062,64.526945,-31.530203,pred_valid_20260508_1839.csv:rel_vort_850_smth,False,False,lookup_by_new_ID_step,False,True
Solovieva_PL_crop_00869_ID_120200907400_step_22,869,120200907400,22,2020-09-21,22:00:00,2020-09-21 22:00:00,65.5,-25.0,990.40808,26.589,2020-09-21 21:55:56.800455,64.617204,-22.48887200000001,65.5,-25.0,21.0,22.0,2020-09-21 21:00:00,2020-09-21 22:00:00,0.9324445708333332,153.27822233209645,153.27822233209645,0.0675554291666666,158.6826566654298,same_id,interpolated_track_position_nearest_track_point_for_targets,ok,True,True,120200907400,22,2020-09-21 19:00:00,65.5,-25.0,990.40808,26.589,False,False,512,512,Solovieva_diploma_PL_training_images/png/Solovieva_PL_crop_00869_ID_120200907400_step_22.png,Solovieva_diploma_PL_training_images/npy/Solovieva_PL_crop_00869_ID_120200907400_step_22.npy,crop_00869_ID_120200907400_step_22_884d942705.png,/content/drive/MyDrive/sentinel3/SLSTR/ml_manual_crops_010526/png/crop_00869_ID_120200907400_step_22_884d942705.png,True,S3B_SL_1_RBT____20200921T215456_20200921T215756_20200923T023225_0180_043_343_1080_LN2_O_NT_004,,,,,,crop_00869_ID_120200907400_step_22_884d942705.png,869,120200907400,22,120200907400,22,2020-09-21 22:00:00,65.5,-25.0,990.40808,,2020-09-21 21:55:56.800455,64.617204,-22.48887200000001,pred_valid_20260508_1839.csv:rel_vort_850_smth,False,False,lookup_by_new_ID_step,False,True
Solovieva_PL_crop_00870_ID_120200907400_step_23,870,120200907400,23,2020-09-21,23:00:00,2020-09-21 23:00:00,65.5,-25.0,991.02557,25.065,2020-09-21 22:35:19.353213,65.404669,-26.561094999999995,65.5,-25.0,22.0,23.0,2020-09-21 22:00:00,2020-09-21 23:00:00,0.5887092258333333,72.88921023893248,72.88921023893248,0.4112907741666666,105.7924721722658,same_id,interpolated_track_position_nearest_track_point_for_targets,ok,True,True,120200907400,23,2020-09-21 20:00:00,65.5,-25.0,991.02557,25.065,False,False,512,512,Solovieva_diploma_PL_training_images/png/Solovieva_PL_crop_00870_ID_120200907400_step_23.png,Solovieva_diploma_PL_training_images/npy/Solovieva_PL_crop_00870_ID_120200907400_step_23.npy,crop_00870_ID_120200907400_step_23_98564accf4.png,/content/drive/MyDrive/sentinel3/SLSTR/ml_manual_crops_010526/png/crop_00870_ID_120200907400_step_23_98564accf4.png,True,S3A_SL_1_RBT____20200921T223423_20200921T223723_20200923T044409_0180_063_101_1080_LN2_O_NT_004,,,,,,crop_00870_ID_120200907400_step_23_98564accf4.png,870,120200907400,23,120200907400,23,2020-09-21 23:00:00,65.5,-25.0,991.02557,,2020-09-21 22:35:19.353213,65.404669,-26.561094999999995,pred_valid_20260508_1839.csv:rel_vort_850_smth,False,False,lookup_by_new_ID_step,False,True
Solovieva_PL_crop_00884_ID_120201003350_step_4,884,120201003350,4,2020-10-08,04:00:00,2020-10-08 04:00:00,62.5,-86.0,987.07123,19.949,2020-10-08 03:22:01.556659,62.175553,-85.200335,62.50632900928056,-86.00632900928055,3.0,4.0,2020-10-07 03:00:00,2020-10-08 04:00:00,0.9746839628777778,55.5300894537986,54.82338756814598,0.6329009280555556,106.16216369824303,same_id,interpolated_track_position_nearest_track_point_for_targets,ok,True,True,120201003350,4,2020-10-08 00:00:00,62.5,-86.0,987.07123,19.949,False,False,512,512,Solovieva_diploma_PL_training_images/png/Solovieva_PL_crop_00884_ID_120201003350_step_4.png,Solovieva_diploma_PL_training_images/npy/Solovieva_PL_crop_00884_ID_120201003350_step_4.npy,crop_00884_ID_120201003350_step_4_0ffca2fa75.png,/content/drive/MyDrive/sentinel3/SLSTR/ml_manual_crops_010526/png/crop_00884_ID_120201003350_step_4_0ffca2fa75.png,True,S3A_SL_1_RBT____20201008T031924_20201008T032224_20201009T090600_0179_063_332_0900_LN2_O_NT_004,,,,,,crop_00884_ID_120201003350_step_4_0ffca2fa75.png,884,120201003350,4,120201003350,4,2020-10-08 04:00:00,62.5,-86.0,987.07123,,2020-10-08 03:22:01.556659,62.175553,-85.200335,pred_valid_20260508_1839.csv:rel_vort_850_smth,False,False,lookup_by_new_ID_step,False,True
Solovieva_PL_crop_00888_ID_120201003350_step_26,888,120201003350,26,2020-10-09,02:00:00,2020-10-09 02:00:00,60.5,-82.75,996.29248,16.899,2020-10-09 02:16:18.786389,60.333033,-81.574854,60.43202872298611,-82.68202872298612,26.0,27.0,2020-10-09 02:00:00,2020-10-09 03:00:00,0.2718851080555555,61.82989068972789,67.12816094155293,0.2718851080555555,83.58069933417234,same_id,interpolated_track_position_nearest_track_point_for_targets,ok,True,True,120201003350,26,2020-10-08 22:00:00,60.5,-82.75,996.29248,16.899,False,False,512,512,Solovieva_diploma_PL_training_images/png/Solovieva_PL_crop_00888_ID_120201003350_step_26.png,Solovieva_diploma_PL_training_images/npy/Solovieva_PL_crop_00888_ID_120201003350_step_26.npy,crop_00888_ID_120201003350_step_26_55ba6dbfd1.png,/content/drive/MyDrive/sentinel3/SLSTR/ml_manual_crops_010526/png/crop_00888_ID_120201003350_step_26_55ba6dbfd1.png,True,S3B_SL_1_RBT____20201009T021343_20201009T021643_20201010T074944_0179_044_203_0900_LN2_O_NT_004,,,,,,crop_00888_ID_120201003350_step_26_55ba6dbfd1.png,888,120201003350,26,120201003350,26,2020-10-09 02:00:00,60.5,-82.75,996.29248,,2020-10-09 02:16:18.786389,60.333033,-81.574854,pred_valid_20260508_1839.csv:rel_vort_850_smth,False,False,lookup_by_new_ID_step,False,True
Solovieva_PL_crop_00889_ID_120201003350_step_27,889,120201003350,27,2020-10-09,03:00:00,2020-10-09 03:00:00,60.25,-82.5,997.08313,16.463,2020-10-09 02:55:21.822941,60.205449,-80.98168299999999,60.26931785131944,-82.51931785131944,26.0,27.0,2020-10-09 02:00:00,2020-10-09 03:00:00,0.9227285947222222,85.16904173984172,83.9771617118269,0.0772714052777777,91.35075416206394,same_id,interpolated_track_position_nearest_track_point_for_targets,ok,True,True,120201003350,27,2020-10-08 23:00:00,60.25,-82.5,997.08313,16.463,False,False,512,512,Solovieva_diploma_PL_training_images/png/Solovieva_PL_crop_00889_ID_120201003350_step_27.png,Solovieva_diploma_PL_training_images/npy/Solovieva_PL_crop_00889_ID_120201003350_step_27.npy,crop_00889_ID_120201003350_step_27_97ca271f39.png,/content/drive/MyDrive/sentinel3/SLSTR/ml_manual_crops_010526/png/crop_00889_ID_120201003350_step_27_97ca271f39.png,True,S3A_SL_1_RBT____20201009T025313_20201009T025613_20201010T082915_0179_063_346_0900_LN2_O_NT_004,,,,,,crop_00889_ID_120201003350_step_27_97ca271f39.png,889,120201003350,27,120201003350,27,2020-10-09 03:00:00,60.25,-82.5,997.08313,,2020-10-09 02:55:21.822941,60.205449,-80.98168299999999,pred_valid_20260508_1839.csv:rel_vort_850_smth,False,False,lookup_by_new_ID_step,False,True
Solovieva_PL_crop_00903_ID_120201007090_step_10,903,120201007090,10,2020-10-17,10:00:00,2020-10-17 10:00:00,66.75,11.75,1002.47308,27.184,2020-10-17 09:46:52.150194,66.374777,10.246320999999996,66.75,11.80471179208334,9.0,10.0,2020-10-17 09:00:00,2020-10-17 10:00:00,0.7811528316666667,80.56557920729853,78.50577911902536,0.2188471683333333,98.0733526739652,same_id,interpolated_track_position_nearest_track_point_for_targets,ok,True,True,120201007090,10,2020-10-17 17:00:00,66.75,11.75,1002.47308,27.184,False,False,512,512,Solovieva_diploma_PL_training_images/png/Solovieva_PL_crop_00903_ID_120201007090_step_10.png,Solovieva_diploma_PL_training_images/npy/Solovieva_PL_crop_00903_ID_120201007090_step_10.npy,crop_00903_ID_120201007090_step_10_287f316174.png,/content/drive/MyDrive/sentinel3/SLSTR/ml_manual_crops_010526/png/crop_00903_ID_120201007090_step_10_287f316174.png,True,S3A_SL_1_RBT____20201017T094441_20201017T094741_20201018T144508_0179_064_079_1800_LN2_O_NT_004,,,,,,crop_00903_ID_120201007090_step_10_287f316174.png,903,120201007090,10,120201007090,10,2020-10-17 10:00:00,66.75,11.75,1002.47308,,2020-10-17 09:46:52.150194,66.374777,10.246320999999996,оставлено прежнее значение,False,False,lookup_by_new_ID_step,False,True
Solovieva_PL_crop_00904_ID_120201007090_step_11,904,120201007090,11,2020-10-17,11:00:00,2020-10-17 11:00:00,66.0,11.25,1003.25995,25.413000000000004,2020-10-17 10:48:00.188625,66.108142,8.244447000000008,66.149960703125,11.349973802083326,10.0,11.0,2020-10-17 10:00:00,2020-10-17 11:00:00,0.8000523958333333,139.805918391001,136.16280645241963,0.1999476041666666,155.80172672433434,same_id,interpolated_track_position_nearest_track_point_for_targets,ok,True,True,120201007090,11,2020-10-17 18:00:00,66.0,11.25,1003.25995,25.413000000000004,False,False,512,512,Solovieva_diploma_PL_training_images/png/Solovieva_PL_crop_00904_ID_120201007090_step_11.png,Solovieva_diploma_PL_training_images/npy/Solovieva_PL_crop_00904_ID_120201007090_step_11.npy,crop_00904_ID_120201007090_step_11_663005c978.png,/content/drive/MyDrive/sentinel3/SLSTR/ml_manual_crops_010526/png/crop_00904_ID_120201007090_step_11_663005c978.png,True,S3B_SL_1_RBT____20201017T104612_20201017T104912_20201018T151629_0180_044_322_1800_LN2_O_NT_004,,,,,,crop_00904_ID_120201007090_step_11_663005c978.png,904,120201007090,11,120201007090,11,2020-10-17 11:00:00,66.0,11.25,1003.25995,,2020-10-17 10:48:00.188625,66.108142,8.244447000000008,оставлено прежнее значение,False,False,lookup_by_new_ID_step,False,True
Solovieva_PL_crop_00918_ID_120201009110_step_22,918,120201009110,22,2020-10-22,22:00:00,2020-10-22 22:00:00,55.5,-21.75,989.00562,16.598,2020-10-22 22:29:51.599233,59.681882,-19.935149,55.62441661340278,-21.252333546388883,22.0,23.0,2020-10-22 22:00:00,2020-10-22 23:00:00,0.4976664536111111,457.9006913874892,477.3702576682603,0.497666453611111,497.71400767637806,same_id,interpolated_track_position_nearest_track_point_for_targets,warning_distance,True,True,120201009110,22,2020-10-22 15:00:00,55.5,-21.75,989.00562,16.598,False,False,512,512,Solovieva_diploma_PL_training_images/png/Solovieva_PL_crop_00918_ID_120201009110_step_22.png,Solovieva_diploma_PL_training_images/npy/Solovieva_PL_crop_00918_ID_120201009110_step_22.npy,crop_00918_ID_120201009110_step_22_6f978d3601.png,/content/drive/MyDrive/sentinel3/SLSTR/ml_manual_crops_010526/png/crop_00918_ID_120201009110_step_22_6f978d3601.png,True,S3A_SL_1_RBT____20201022T222740_20201022T223040_20201024T040434_0179_064_158_0900_LN2_O_NT_004,,,,,,crop_00918_ID_120201009110_step_22_6f978d3601.png,918,120201009110,22,120201009110,22,2020-10-22 22:00:00,55.5,-21.75,989.00562,,2020-10-22 22:29:51.599233,59.681882,-19.935149,оставлено прежнее значение,False,False,lookup_by_new_ID_step,False,True
Solovieva_PL_crop_00948_ID_120201012650_step_13,948,120201012650,14,2020-10-30,14:00:00,2020-10-30 14:00:00,51.75,-47.0,987.79938,18.458,2020-10-30 13:36:28.649520,54.267005,-51.354499,51.84801045,-47.392041800000015,13.0,14.0,2020-10-30 13:00:00,2020-10-30 14:00:00,0.6079582,377.3469536021429,403.8553311685218,0.3920418,408.7102976021429,same_id,interpolated_track_position_nearest_track_point_for_targets,warning_distance,True,True,120201012650,13,2020-10-30 20:00:00,52.0,-48.0,987.90497,19.627,False,True,512,512,Solovieva_diploma_PL_training_images/png/Solovieva_PL_crop_00948_ID_120201012650_step_13.png,Solovieva_diploma_PL_training_images/npy/Solovieva_PL_crop_00948_ID_120201012650_step_13.npy,crop_00948_ID_120201012650_step_13_4c95e1d297.png,/content/drive/MyDrive/sentinel3/SLSTR/ml_manual_crops_010526/png/crop_00948_ID_120201012650_step_13_4c95e1d297.png,True,S3B_SL_1_RBT____20201030T133349_20201030T133649_20201031T181851_0179_045_124_1980_LN2_O_NT_004,,,,,,crop_00948_ID_120201012650_step_13_4c95e1d297.png,948,120201012650,13,120201012650,14,2020-10-30 14:00:00,51.75,-47.0,987.79938,,2020-10-30 13:36:28.649520,54.267005,-51.354499,оставлено прежнее значение,False,False,lookup_by_new_ID_step,True,True
Solovieva_PL_crop_00949_ID_120201012650_step_14,949,120201012650,14,2020-10-30,14:00:00,2020-10-30 14:00:00,51.75,-47.0,987.79938,18.458,2020-10-30 14:15:46.379543,53.317381,-51.262651000000005,51.68427919840278,-46.80283759520833,14.0,15.0,2020-10-30 14:00:00,2020-10-30 15:00:00,0.2628832063888889,352.1980569462009,336.82246278650894,0.2628832063888889,373.228713457312,same_id,interpolated_track_position_nearest_track_point_for_targets,warning_distance,True,True,120201012650,14,2020-10-30 21:00:00,51.75,-47.0,987.79938,18.458,False,False,512,512,Solovieva_diploma_PL_training_images/png/Solovieva_PL_crop_00949_ID_120201012650_step_14.png,Solovieva_diploma_PL_training_images/npy/Solovieva_PL_crop_00949_ID_120201012650_step_14.npy,crop_00949_ID_120201012650_step_14_31b5b74728.png,/content/drive/MyDrive/sentinel3/SLSTR/ml_manual_crops_010526/png/crop_00949_ID_120201012650_step_14_31b5b74728.png,True,S3A_SL_1_RBT____20201030T141314_20201030T141614_20201031T192911_0180_064_267_1980_LN2_O_NT_004,,,,,,crop_00949_ID_120201012650_step_14_31b5b74728.png,949,120201012650,14,120201012650,14,2020-10-30 14:00:00,51.75,-47.0,987.79938,,2020-10-30 14:15:46.379543,53.317381,-51.262651000000005,оставлено прежнее значение,False,False,lookup_by_new_ID_step,False,True
Solovieva_PL_crop_00964_ID_120201100890_step_12,964,120201100890,12,2020-11-02,12:00:00,2020-11-02 12:00:00,54.5,-18.25,999.71747,18.727,2020-11-02 12:17:21.657785,54.616788,-19.64510100000001,54.427662653819446,-18.03298796145833,12.0,13.0,2020-11-02 12:00:00,2020-11-02 13:00:00,0.2893493847222222,106.14106694391224,90.8855912540724,0.2893493847222222,129.28901772169002,same_id,interpolated_track_position_nearest_track_point_for_targets,ok,True,True,120201100890,12,2020-11-02 14:00:00,54.5,-18.25,999.71747,18.727,False,False,512,512,Solovieva_diploma_PL_training_images/png/Solovieva_PL_crop_00964_ID_120201100890_step_12.png,Solovieva_diploma_PL_training_images/npy/Solovieva_PL_crop_00964_ID_120201100890_step_12.npy,crop_00964_ID_120201100890_step_12_450b110744.png,/content/drive/MyDrive/sentinel3/SLSTR/ml_manual_crops_010526/png/crop_00964_ID_120201100890_step_12_450b110744.png,True,S3B_SL_1_RBT____20201102T121517_20201102T121817_20201103T181159_0179_045_166_1980_LN2_O_NT_004,,,,,,crop_00964_ID_120201100890_step_12_450b110744.png,964,120201100890,12,120201100890,12,2020-11-02 12:00:00,54.5,-18.25,999.71747,,2020-11-02 12:17:21.657785,54.616788,-19.64510100000001,оставлено прежнее значение,False,False,lookup_by_new_ID_step,False,True
Solovieva_PL_crop_00996_ID_120201103590_step_10,996,120201103590,10,2020-11-07,10:00:00,2020-11-07 10:00:00,71.75,31.5,985.27496,25.561,2020-11-07 10:00:54.140353,72.211319,35.974215000000015,71.74624025326389,31.52255848041668,10.0,11.0,2020-11-07 10:00:00,2020-11-07 11:00:00,0.0150389869444444,161.58979514406468,162.17738492492953,0.0150389869444444,162.79291409962025,same_id,interpolated_track_position_nearest_track_point_for_targets,ok,True,True,120201103590,10,2020-11-07 01:00:00,71.75,31.5,985.27496,25.561,False,False,512,512,Solovieva_diploma_PL_training_images/png/Solovieva_PL_crop_00996_ID_120201103590_step_10.png,Solovieva_diploma_PL_training_images/npy/Solovieva_PL_crop_00996_ID_120201103590_step_10.npy,crop_00996_ID_120201103590_step_10_86128f785d.png,/content/drive/MyDrive/sentinel3/SLSTR/ml_manual_crops_010526/png/crop_00996_ID_120201103590_step_10_86128f785d.png,True,S3B_SL_1_RBT____20201107T095823_20201107T100123_20201108T144527_0179_045_236_1620_LN2_O_NT_004,,,,,,crop_00996_ID_120201103590_step_10_86128f785d.png,996,120201103590,10,120201103590,10,2020-11-07 10:00:00,71.75,31.5,985.27496,,2020-11-07 10:00:54.140353,72.211319,35.974215000000015,оставлено прежнее значение,False,False,lookup_by_new_ID_step,False,True
Solovieva_PL_crop_00998_ID_120201103590_step_11,998,120201103590,11,2020-11-07,11:00:00,2020-11-07 11:00:00,71.5,33.0,986.26813,24.902,2020-11-07 10:40:26.153374,72.172681,23.630626000000007,71.58151712680555,32.51089723916667,10.0,11.0,2020-11-07 10:00:00,2020-11-07 11:00:00,0.6739314927777778,313.7949648880776,332.9025616015419,0.3260685072222222,339.88044546585536,same_id,interpolated_track_position_nearest_track_point_for_targets,warning_distance,True,True,120201103590,11,2020-11-07 02:00:00,71.5,33.0,986.26813,24.902,False,False,512,512,Solovieva_diploma_PL_training_images/png/Solovieva_PL_crop_00998_ID_120201103590_step_11.png,Solovieva_diploma_PL_training_images/npy/Solovieva_PL_crop_00998_ID_120201103590_step_11.npy,crop_00998_ID_120201103590_step_11_aee7d29326.png,/content/drive/MyDrive/sentinel3/SLSTR/ml_manual_crops_010526/png/crop_00998_ID_120201103590_step_11_aee7d29326.png,True,S3A_SL_1_RBT____20201107T103746_20201107T104046_20201108T152803_0179_064_379_1620_LN2_O_NT_004,,,,,,crop_00998_ID_120201103590_step_11_aee7d29326.png,998,120201103590,11,120201103590,11,2020-11-07 11:00:00,71.5,33.0,986.26813,,2020-11-07 10:40:26.153374,72.172681,23.630626000000007,оставлено прежнее значение,False,False,lookup_by_new_ID_step,False,True
Solovieva_PL_crop_01003_ID_120201103590_step_18,1003,120201103590,18,2020-11-07,18:00:00,2020-11-07 18:00:00,72.0,37.75,984.48688,26.556,2020-11-07 18:16:58.816383,72.176915,40.001541,72.0,37.96225341312498,18.0,19.0,2020-11-07 18:00:00,2020-11-07 19:00:00,0.2830045508333333,72.45662352460238,79.46581927050435,0.2830045508333333,95.09698759126904,same_id,interpolated_track_position_nearest_track_point_for_targets,ok,True,True,120201103590,18,2020-11-07 09:00:00,72.0,37.75,984.48688,26.556,False,False,512,512,Solovieva_diploma_PL_training_images/png/Solovieva_PL_crop_01003_ID_120201103590_step_18.png,Solovieva_diploma_PL_training_images/npy/Solovieva_PL_crop_01003_ID_120201103590_step_18.npy,crop_01003_ID_120201103590_step_18_e87ce51c58.png,/content/drive/MyDrive/sentinel3/SLSTR/ml_manual_crops_010526/png/crop_01003_ID_120201103590_step_18_e87ce51c58.png,True,S3B_SL_1_RBT____20201107T181419_20201107T181719_20201108T230159_0179_045_241_1080_LN2_O_NT_004,,,,,,crop_01003_ID_120201103590_step_18_e87ce51c58.png,1003,120201103590,18,120201103590,18,2020-11-07 18:00:00,72.0,37.75,984.48688,,2020-11-07 18:16:58.816383,72.176915,40.001541,оставлено прежнее значение,False,False,lookup_by_new_ID_step,False,True
Solovieva_PL_crop_01004_ID_120201103590_step_19,1004,120201103590,19,2020-11-07,19:00:00,2020-11-07 19:00:00,72.0,38.5,983.02875,29.898000000000003,2020-11-07 18:56:12.862423,72.31753599999999,39.142135,72.0,38.45267967145833,18.0,19.0,2020-11-07 18:00:00,2020-11-07 19:00:00,0.9369062286111112,42.40678915305271,41.53565197257329,0.0630937713888888,47.454290864163816,same_id,interpolated_track_position_nearest_track_point_for_targets,ok,True,True,120201103590,19,2020-11-07 10:00:00,72.0,38.5,983.02875,29.898000000000003,False,False,512,512,Solovieva_diploma_PL_training_images/png/Solovieva_PL_crop_01004_ID_120201103590_step_19.png,Solovieva_diploma_PL_training_images/npy/Solovieva_PL_crop_01004_ID_120201103590_step_19.npy,crop_01004_ID_120201103590_step_19_88072cacb0.png,/content/drive/MyDrive/sentinel3/SLSTR/ml_manual_crops_010526/png/crop_01004_ID_120201103590_step_19_88072cacb0.png,True,S3A_SL_1_RBT____20201107T185343_20201107T185643_20201108T235330_0179_064_384_1080_LN2_O_NT_004,,,,,,crop_01004_ID_120201103590_step_19_88072cacb0.png,1004,120201103590,19,120201103590,19,2020-11-07 19:00:00,72.0,38.5,983.02875,,2020-11-07 18:56:12.862423,72.31753599999999,39.142135,оставлено прежнее значение,False,False,lookup_by_new_ID_step,False,True
Solovieva_PL_crop_01008_ID_120201103590_step_32,1008,120201103590,32,2020-11-08,08:00:00,2020-11-08 08:00:00,72.25,36.25,982.68121,27.426,2020-11-08 07:55:09.425448,70.858992,37.03971200000001,72.27017878833334,36.27017878833334,31.0,32.0,2020-11-08 07:00:00,2020-11-08 08:00:00,0.9192848466666668,159.22960333706695,157.1452266768618,0.0807151533333333,165.6868156037336,same_id,interpolated_track_position_nearest_track_point_for_targets,ok,True,True,120201103590,32,2020-11-07 23:00:00,72.25,36.25,982.68121,27.426,False,False,512,512,Solovieva_diploma_PL_training_images/png/Solovieva_PL_crop_01008_ID_120201103590_step_32.png,Solovieva_diploma_PL_training_images/npy/Solovieva_PL_crop_01008_ID_120201103590_step_32.npy,crop_01008_ID_120201103590_step_32_6fdc810ff3.png,/content/drive/MyDrive/sentinel3/SLSTR/ml_manual_crops_010526/png/crop_01008_ID_120201103590_step_32_6fdc810ff3.png,True,S3B_SL_1_RBT____20201108T075413_20201108T075713_20201109T122212_0179_045_250_1800_LN2_O_NT_004,,,,,,crop_01008_ID_120201103590_step_32_6fdc810ff3.png,1008,120201103590,32,120201103590,32,2020-11-08 08:00:00,72.25,36.25,982.68121,,2020-11-08 07:55:09.425448,70.858992,37.03971200000001,оставлено прежнее значение,False,False,lookup_by_new_ID_step,False,True
Solovieva_PL_crop_01018_ID_120201105170_step_0,1018,120201105170,0,2020-11-11,00:00:00,2020-11-11 00:00:00,62.5,-38.5,975.01746,26.525,2020-11-11 00:18:45.779265,62.453522,-37.282644000000005,62.578179115625,-38.5,0.0,1.0,2020-11-11 00:00:00,2020-11-11 01:00:00,0.3127164625,63.98909904010795,62.76493609129695,0.3127164624999999,89.00641604010795,same_id,interpolated_track_position_nearest_track_point_for_targets,ok,True,True,120201105170,0,2020-11-11 03:00:00,62.5,-38.5,975.01746,26.525,False,False,512,512,Solovieva_diploma_PL_training_images/png/Solovieva_PL_crop_01018_ID_120201105170_step_0.png,Solovieva_diploma_PL_training_images/npy/Solovieva_PL_crop_01018_ID_120201105170_step_0.npy,crop_01018_ID_120201105170_step_0_b3525f2c56.png,/content/drive/MyDrive/sentinel3/SLSTR/ml_manual_crops_010526/png/crop_01018_ID_120201105170_step_0_b3525f2c56.png,True,S3A_SL_1_RBT____20201111T001606_20201111T001906_20201112T062404_0179_065_045_0900_LN2_O_NT_004,,,,,,crop_01018_ID_120201105170_step_0_b3525f2c56.png,1018,120201105170,0,120201105170,0,2020-11-11 00:00:00,62.5,-38.5,975.01746,,2020-11-11 00:18:45.779265,62.453522,-37.282644000000005,оставлено прежнее значение,False,False,lookup_by_new_ID_step,False,True
Solovieva_PL_crop_01023_ID_120201105170_step_14,1023,120201105170,14,2020-11-11,14:00:00,2020-11-11 14:00:00,60.5,-41.0,979.83185,28.172,2020-11-11 14:01:35.839206,62.664326,-38.51105899999999,60.49334449958333,-41.0,14.0,15.0,2020-11-11 14:00:00,2020-11-11 15:00:00,0.0266220016666666,274.95520400260443,274.2991560669621,0.0266220016666666,277.0849641359377,same_id,interpolated_track_position_nearest_track_point_for_targets,ok,True,True,120201105170,14,2020-11-11 17:00:00,60.5,-41.0,979.83185,28.172,False,False,512,512,Solovieva_diploma_PL_training_images/png/Solovieva_PL_crop_01023_ID_120201105170_step_14.png,Solovieva_diploma_PL_training_images/npy/Solovieva_PL_crop_01023_ID_120201105170_step_14.npy,crop_01023_ID_120201105170_step_14_eed0d3b599.png,/content/drive/MyDrive/sentinel3/SLSTR/ml_manual_crops_010526/png/crop_01023_ID_120201105170_step_14_eed0d3b599.png,True,S3A_SL_1_RBT____20201111T135900_20201111T140200_20201112T194706_0179_065_053_1800_LN2_O_NT_004,,,,,,crop_01023_ID_120201105170_step_14_eed0d3b599.png,1023,120201105170,14,120201105170,14,2020-11-11 14:00:00,60.5,-41.0,979.83185,,2020-11-11 14:01:35.839206,62.664326,-38.51105899999999,оставлено прежнее значение,False,False,lookup_by_new_ID_step,False,True
Solovieva_PL_crop_01029_ID_120201106070_step_15,1029,120201106070,15,2020-11-13,15:00:00,2020-11-13 15:00:00,73.0,-71.25,978.29498,34.410999999999994,2020-11-13 14:48:33.333210,70.893464,-66.653406,73.0,-71.3453703875,14.0,15.0,2020-11-13 14:00:00,2020-11-13 15:00:00,0.809259225,284.4441720610278,282.5970302127061,0.190740775,299.7034340610278,same_id,interpolated_track_position_nearest_track_point_for_targets,ok,True,True,120201106070,15,2020-11-13 08:00:00,73.0,-71.25,978.29498,34.410999999999994,False,False,512,512,Solovieva_diploma_PL_training_images/png/Solovieva_PL_crop_01029_ID_120201106070_step_15.png,Solovieva_diploma_PL_training_images/npy/Solovieva_PL_crop_01029_ID_120201106070_step_15.npy,crop_01029_ID_120201106070_step_15_0d6bbd1c00.png,/content/drive/MyDrive/sentinel3/SLSTR/ml_manual_crops_010526/png/crop_01029_ID_120201106070_step_15_0d6bbd1c00.png,True,S3A_SL_1_RBT____20201113T144737_20201113T145037_20201114T200150_0179_065_082_1800_LN2_O_NT_004,,,,,,crop_01029_ID_120201106070_step_15_0d6bbd1c00.png,1029,120201106070,15,120201106070,15,2020-11-13 15:00:00,73.0,-71.25,978.29498,,2020-11-13 14:48:33.333210,70.893464,-66.653406,оставлено прежнее значение,False,False,lookup_by_new_ID_step,False,True
Solovieva_PL_crop_01034_ID_120201106070_step_23,1034,120201106070,23,2020-11-13,23:00:00,2020-11-13 23:00:00,72.75,-65.75,984.54559,26.547,2020-11-13 23:04:43.145472,74.058154,-57.41952499999999,72.75,-65.69101136,23.0,24.0,2020-11-13 23:00:00,2020-11-14 00:00:00,0.07865152,299.92491786913746,301.5594661080664,0.0786515199999999,306.21703946913743,same_id,interpolated_track_position_nearest_track_point_for_targets,ok,True,True,120201106070,23,2020-11-13 16:00:00,72.75,-65.75,984.54559,26.547,False,False,512,512,Solovieva_diploma_PL_training_images/png/Solovieva_PL_crop_01034_ID_120201106070_step_23.png,Solovieva_diploma_PL_training_images/npy/Solovieva_PL_crop_01034_ID_120201106070_step_23.npy,crop_01034_ID_120201106070_step_23_d66e30b544.png,/content/drive/MyDrive/sentinel3/SLSTR/ml_manual_crops_010526/png/crop_01034_ID_120201106070_step_23_d66e30b544.png,True,S3A_SL_1_RBT____20201113T230333_20201113T230633_20201115T043130_0179_065_087_1260_LN2_O_NT_004,,,,,,crop_01034_ID_120201106070_step_23_d66e30b544.png,1034,120201106070,23,120201106070,23,2020-11-13 23:00:00,72.75,-65.75,984.54559,,2020-11-13 23:04:43.145472,74.058154,-57.41952499999999,оставлено прежнее значение,False,False,lookup_by_new_ID_step,False,True
Solovieva_PL_crop_01044_ID_120201109240_step_11,1044,120201109240,11,2020-11-18,11:00:00,2020-11-18 11:00:00,70.25,2.25,989.96063,28.052,2020-11-18 10:56:38.953674,70.342619,-1.5300650000000076,70.26396155041667,2.222076899166666,10.0,11.0,2020-11-18 10:00:00,2020-11-18 11:00:00,0.9441537983333332,140.8692782412857,142.065363487053,0.0558462016666666,145.33697437461905,same_id,interpolated_track_position_nearest_track_point_for_targets,ok,True,True,120201109240,11,2020-11-18 17:00:00,70.25,2.25,989.96063,28.052,False,False,512,512,Solovieva_diploma_PL_training_images/png/Solovieva_PL_crop_01044_ID_120201109240_step_11.png,Solovieva_diploma_PL_training_images/npy/Solovieva_PL_crop_01044_ID_120201109240_step_11.npy,crop_01044_ID_120201109240_step_11_8848fff995.png,/content/drive/MyDrive/sentinel3/SLSTR/ml_manual_crops_010526/png/crop_01044_ID_120201109240_step_11_8848fff995.png,True,S3A_SL_1_RBT____20201118T105542_20201118T105842_20201119T164143_0179_065_151_1800_LN2_O_NT_004,,,,,,crop_01044_ID_120201109240_step_11_8848fff995.png,1044,120201109240,11,120201109240,11,2020-11-18 11:00:00,70.25,2.25,989.96063,,2020-11-18 10:56:38.953674,70.342619,-1.5300650000000076,оставлено прежнее значение,False,False,lookup_by_new_ID_step,False,True
Solovieva_PL_crop_01046_ID_120201109240_step_13,1046,120201109240,13,2020-11-18,13:00:00,2020-11-18 13:00:00,69.5,3.0,988.67938,30.669,2020-11-18 12:36:14.095828,72.16091899999999,-2.9665510000000097,69.59902112305555,2.8019577538889,12.0,13.0,2020-11-18 12:00:00,2020-11-18 13:00:00,0.6039155077777778,353.6500707151779,367.0791799606312,0.3960844922222222,385.33683009295567,same_id,interpolated_track_position_nearest_track_point_for_targets,warning_distance,True,True,120201109240,13,2020-11-18 19:00:00,69.5,3.0,988.67938,30.669,False,False,512,512,Solovieva_diploma_PL_training_images/png/Solovieva_PL_crop_01046_ID_120201109240_step_13.png,Solovieva_diploma_PL_training_images/npy/Solovieva_PL_crop_01046_ID_120201109240_step_13.npy,crop_01046_ID_120201109240_step_13_740398186c.png,/content/drive/MyDrive/sentinel3/SLSTR/ml_manual_crops_010526/png/crop_01046_ID_120201109240_step_13_740398186c.png,True,S3A_SL_1_RBT____20201118T123341_20201118T123641_20201119T193943_0179_065_152_1620_LN2_O_NT_004,,,,,,crop_01046_ID_120201109240_step_13_740398186c.png,1046,120201109240,13,120201109240,13,2020-11-18 13:00:00,69.5,3.0,988.67938,,2020-11-18 12:36:14.095828,72.16091899999999,-2.9665510000000097,оставлено прежнее значение,False,False,lookup_by_new_ID_step,False,True
Solovieva_PL_crop_01057_ID_120201111520_step_13,1057,120201111520,13,2020-11-23,13:00:00,2020-11-23 13:00:00,72.0,-12.0,999.92621,20.709,2020-11-23 13:07:55.912440,72.295951,-11.208197000000013,72.033049475,-11.90085157499999,13.0,14.0,2020-11-23 13:00:00,2020-11-23 14:00:00,0.1321979,37.56379514847072,42.56056901562044,0.1321979,48.13962714847072,same_id,interpolated_track_position_nearest_track_point_for_targets,ok,True,True,120201111520,13,2020-11-23 11:00:00,72.0,-12.0,999.92621,20.709,False,False,512,512,Solovieva_diploma_PL_training_images/png/Solovieva_PL_crop_01057_ID_120201111520_step_13.png,Solovieva_diploma_PL_training_images/npy/Solovieva_PL_crop_01057_ID_120201111520_step_13.npy,crop_01057_ID_120201111520_step_13_df9d0b3003.png,/content/drive/MyDrive/sentinel3/SLSTR/ml_manual_crops_010526/png/crop_01057_ID_120201111520_step_13_df9d0b3003.png,True,S3B_SL_1_RBT____20201123T130524_20201123T130824_20201124T190509_0179_046_081_1620_LN2_O_NT_004,,,,,,crop_01057_ID_120201111520_step_13_df9d0b3003.png,1057,120201111520,13,120201111520,13,2020-11-23 13:00:00,72.0,-12.0,999.92621,,2020-11-23 13:07:55.912440,72.295951,-11.208197000000013,оставлено прежнее значение,False,False,lookup_by_new_ID_step,False,True
Solovieva_PL_crop_01075_ID_120201204060_step_10,1075,120201204060,10,2020-12-07,10:00:00,2020-12-07 10:00:00,80.0,6.0,991.13812,52.576,2020-12-07 10:22:42.247226,77.079681,16.988775000000004,80.0,5.716198494583324,10.0,11.0,2020-12-07 10:00:00,2020-12-07 11:00:00,0.3784020072222222,407.7822629706977,404.0673148788964,0.3784020072222222,438.0544235484754,same_id,interpolated_track_position_nearest_track_point_for_targets,warning_distance,True,True,120201204060,10,2020-12-07 03:00:00,80.0,6.0,991.13812,52.576,False,False,512,512,Solovieva_diploma_PL_training_images/png/Solovieva_PL_crop_01075_ID_120201204060_step_10.png,Solovieva_diploma_PL_training_images/npy/Solovieva_PL_crop_01075_ID_120201204060_step_10.npy,crop_01075_ID_120201204060_step_10_9f61168cf4.png,/content/drive/MyDrive/sentinel3/SLSTR/ml_manual_crops_010526/png/crop_01075_ID_120201204060_step_10_9f61168cf4.png,True,S3B_SL_1_RBT____20201207T102049_20201207T102349_20201208T162621_0179_046_279_1620_LN2_O_NT_004,,,,,,crop_01075_ID_120201204060_step_10_9f61168cf4.png,1075,120201204060,10,120201204060,10,2020-12-07 10:00:00,80.0,6.0,991.13812,,2020-12-07 10:22:42.247226,77.079681,16.988775000000004,pred_valid_20260508_1839.csv:rel_vort_850_smth,False,False,lookup_by_new_ID_step,False,True
Solovieva_PL_crop_01076_ID_120201204060_step_11,1076,120201204060,11,2020-12-07,11:00:00,2020-12-07 11:00:00,80.0,5.25,991.28058,47.229,2020-12-07 11:01:40.690409,77.370718,15.953219999999988,80.0,5.22203044194444,11.0,12.0,2020-12-07 11:00:00,2020-12-07 12:00:00,0.0279695580555555,373.366101151236,372.9910097886032,0.0279695580555555,375.6036657956804,same_id,interpolated_track_position_nearest_track_point_for_targets,warning_distance,True,True,120201204060,11,2020-12-07 04:00:00,80.0,5.25,991.28058,47.229,False,False,512,512,Solovieva_diploma_PL_training_images/png/Solovieva_PL_crop_01076_ID_120201204060_step_11.png,Solovieva_diploma_PL_training_images/npy/Solovieva_PL_crop_01076_ID_120201204060_step_11.npy,crop_01076_ID_120201204060_step_11_c17e0bd976.png,/content/drive/MyDrive/sentinel3/SLSTR/ml_manual_crops_010526/png/crop_01076_ID_120201204060_step_11_c17e0bd976.png,True,S3A_SL_1_RBT____20201207T110008_20201207T110308_20201208T163450_0180_066_037_1620_LN2_O_NT_004,,,,,,crop_01076_ID_120201204060_step_11_c17e0bd976.png,1076,120201204060,11,120201204060,11,2020-12-07 11:00:00,80.0,5.25,991.28058,,2020-12-07 11:01:40.690409,77.370718,15.953219999999988,pred_valid_20260508_1839.csv:rel_vort_850_smth,False,False,lookup_by_new_ID_step,False,True
Solovieva_PL_crop_01077_ID_120201204060_step_12,1077,120201204060,12,2020-12-07,12:00:00,2020-12-07 12:00:00,80.0,4.25,991.95312,44.641000000000005,2020-12-07 12:02:45.043176,77.25,16.42447100000001,80.0,4.23853866833332,12.0,13.0,2020-12-07 12:00:00,2020-12-07 13:00:00,0.0458453266666666,404.5268944027465,404.3644583232228,0.0458453266666666,408.19452053607984,same_id,interpolated_track_position_nearest_track_point_for_targets,warning_distance,True,True,120201204060,12,2020-12-07 05:00:00,80.0,4.25,991.95312,44.641000000000005,False,False,512,512,Solovieva_diploma_PL_training_images/png/Solovieva_PL_crop_01077_ID_120201204060_step_12.png,Solovieva_diploma_PL_training_images/npy/Solovieva_PL_crop_01077_ID_120201204060_step_12.npy,crop_01077_ID_120201204060_step_12_1ddb4c8e67.png,/content/drive/MyDrive/sentinel3/SLSTR/ml_manual_crops_010526/png/crop_01077_ID_120201204060_step_12_1ddb4c8e67.png,True,S3B_SL_1_RBT____20201207T120148_20201207T120448_20201208T180522_0179_046_280_1620_LN2_O_NT_004,,,,,,crop_01077_ID_120201204060_step_12_1ddb4c8e67.png,1077,120201204060,12,120201204060,12,2020-12-07 12:00:00,80.0,4.25,991.95312,,2020-12-07 12:02:45.043176,77.25,16.42447100000001,pred_valid_20260508_1839.csv:rel_vort_850_smth,False,False,lookup_by_new_ID_step,False,True
Solovieva_PL_crop_01079_ID_120201204060_step_14,1079,120201204060,14,2020-12-07,14:00:00,2020-12-07 14:00:00,79.75,3.75,994.84497,37.664,2020-12-07 14:20:41.080238,80.409044,23.350256,79.57762774472222,3.836186127638882,14.0,15.0,2020-12-07 14:00:00,2020-12-07 15:00:00,0.3447445105555555,386.18453891063854,380.620504498762,0.3447445105555555,413.76409975508295,same_id,interpolated_track_position_nearest_track_point_for_targets,warning_distance,True,True,120201204060,14,2020-12-07 07:00:00,79.75,3.75,994.84497,37.664,False,False,512,512,Solovieva_diploma_PL_training_images/png/Solovieva_PL_crop_01079_ID_120201204060_step_14.png,Solovieva_diploma_PL_training_images/npy/Solovieva_PL_crop_01079_ID_120201204060_step_14.npy,crop_01079_ID_120201204060_step_14_b5a522db27.png,/content/drive/MyDrive/sentinel3/SLSTR/ml_manual_crops_010526/png/crop_01079_ID_120201204060_step_14_b5a522db27.png,True,S3A_SL_1_RBT____20201207T141906_20201207T142206_20201208T190353_0179_066_039_1440_LN2_O_NT_004,,,,,,crop_01079_ID_120201204060_step_14_b5a522db27.png,1079,120201204060,14,120201204060,14,2020-12-07 14:00:00,79.75,3.75,994.84497,,2020-12-07 14:20:41.080238,80.409044,23.350256,pred_valid_20260508_1839.csv:rel_vort_850_smth,False,False,lookup_by_new_ID_step,False,True
Solovieva_PL_crop_01080_ID_120201204060_step_15,1080,120201204060,15,2020-12-07,15:00:00,2020-12-07 15:00:00,79.25,4.0,996.2312,38.904,2020-12-07 15:21:43.437343,81.130539,22.83965599999999,79.15948351784722,4.271549446458323,15.0,16.0,2020-12-07 15:00:00,2020-12-07 16:00:00,0.3620659286111111,413.073426069722,410.920641194888,0.3620659286111111,442.03870035861087,same_id,interpolated_track_position_nearest_track_point_for_targets,warning_distance,True,True,120201204060,15,2020-12-07 08:00:00,79.25,4.0,996.2312,38.904,False,False,512,512,Solovieva_diploma_PL_training_images/png/Solovieva_PL_crop_01080_ID_120201204060_step_15.png,Solovieva_diploma_PL_training_images/npy/Solovieva_PL_crop_01080_ID_120201204060_step_15.npy,crop_01080_ID_120201204060_step_15_9cfb733217.png,/content/drive/MyDrive/sentinel3/SLSTR/ml_manual_crops_010526/png/crop_01080_ID_120201204060_step_15_9cfb733217.png,True,S3B_SL_1_RBT____20201207T152047_20201207T152347_20201208T212405_0179_046_282_1440_LN2_O_NT_004,,,,,,crop_01080_ID_120201204060_step_15_9cfb733217.png,1080,120201204060,15,120201204060,15,2020-12-07 15:00:00,79.25,4.0,996.2312,,2020-12-07 15:21:43.437343,81.130539,22.83965599999999,pred_valid_20260508_1839.csv:rel_vort_850_smth,False,False,lookup_by_new_ID_step,False,True
Solovieva_PL_crop_01084_ID_120201204060_step_19,1084,120201204060,19,2020-12-07,19:00:00,2020-12-07 19:00:00,78.25,7.5,1001.31311,23.7,2020-12-07 19:20:17.512035,78.33239499999999,30.026861,78.25,8.176395575000015,19.0,20.0,2020-12-07 19:00:00,2020-12-07 20:00:00,0.3381977875,490.2908855921591,505.2777248208153,0.3381977875,517.3467085921591,same_id,interpolated_track_position_nearest_track_point_for_targets,warning_distance,True,True,120201204060,19,2020-12-07 12:00:00,78.25,7.5,1001.31311,23.7,False,False,512,512,Solovieva_diploma_PL_training_images/png/Solovieva_PL_crop_01084_ID_120201204060_step_19.png,Solovieva_diploma_PL_training_images/npy/Solovieva_PL_crop_01084_ID_120201204060_step_19.npy,crop_01084_ID_120201204060_step_19_429f559554.png,/content/drive/MyDrive/sentinel3/SLSTR/ml_manual_crops_010526/png/crop_01084_ID_120201204060_step_19_429f559554.png,True,S3A_SL_1_RBT____20201207T191904_20201207T192204_20201209T011840_0179_066_042_1260_LN2_O_NT_004,,,,,,crop_01084_ID_120201204060_step_19_429f559554.png,1084,120201204060,19,120201204060,19,2020-12-07 19:00:00,78.25,7.5,1001.31311,,2020-12-07 19:20:17.512035,78.33239499999999,30.026861,pred_valid_20260508_1839.csv:rel_vort_850_smth,False,False,lookup_by_new_ID_step,False,True
Solovieva_PL_crop_01093_ID_120201204560_step_12,1093,120201204560,12,2020-12-08,12:00:00,2020-12-08 12:00:00,79.75,38.75,993.1087,30.66,2020-12-08 12:13:56.311185,79.214024,47.11634599999999,79.691922834375,39.50500315312502,12.0,13.0,2020-12-08 12:00:00,2020-12-08 13:00:00,0.2323086625,163.63609433893754,179.7852836220854,0.2323086625,182.22078733893755,same_id,interpolated_track_position_nearest_track_point_for_targets,ok,True,True,120201204560,12,2020-12-08 00:00:00,79.75,38.75,993.1087,30.66,False,False,512,512,Solovieva_diploma_PL_training_images/png/Solovieva_PL_crop_01093_ID_120201204560_step_12.png,Solovieva_diploma_PL_training_images/npy/Solovieva_PL_crop_01093_ID_120201204560_step_12.npy,crop_01093_ID_120201204560_step_12_006c8ec82a.png,/content/drive/MyDrive/sentinel3/SLSTR/ml_manual_crops_010526/png/crop_01093_ID_120201204560_step_12_006c8ec82a.png,True,S3A_SL_1_RBT____20201208T121156_20201208T121456_20201209T170101_0179_066_052_1440_LN2_O_NT_004,,,,,,crop_01093_ID_120201204560_step_12_006c8ec82a.png,1093,120201204560,12,120201204560,12,2020-12-08 12:00:00,79.75,38.75,993.1087,,2020-12-08 12:13:56.311185,79.214024,47.11634599999999,pred_valid_20260508_1839.csv:rel_vort_850_smth,False,False,lookup_by_new_ID_step,False,True
Solovieva_PL_crop_01095_ID_120201204560_step_14,1095,120201204560,14,2020-12-08,14:00:00,2020-12-08 14:00:00,79.5,43.5,992.83185,27.873000000000005,2020-12-08 13:53:51.555148,79.181522,42.468468,79.5,43.34648131166665,13.0,14.0,2020-12-08 13:00:00,2020-12-08 14:00:00,0.8976542077777778,39.75074176905749,41.28071254943874,0.1023457922222222,47.93840514683527,same_id,interpolated_track_position_nearest_track_point_for_targets,ok,True,True,120201204560,14,2020-12-08 02:00:00,79.5,43.5,992.83185,27.873000000000005,False,False,512,512,Solovieva_diploma_PL_training_images/png/Solovieva_PL_crop_01095_ID_120201204560_step_14.png,Solovieva_diploma_PL_training_images/npy/Solovieva_PL_crop_01095_ID_120201204560_step_14.npy,crop_01095_ID_120201204560_step_14_8e49cd54ba.png,/content/drive/MyDrive/sentinel3/SLSTR/ml_manual_crops_010526/png/crop_01095_ID_120201204560_step_14_8e49cd54ba.png,True,S3A_SL_1_RBT____20201208T135255_20201208T135555_20201209T182222_0179_066_053_1440_LN2_O_NT_004,,,,,,crop_01095_ID_120201204560_step_14_8e49cd54ba.png,1095,120201204560,14,120201204560,14,2020-12-08 14:00:00,79.5,43.5,992.83185,,2020-12-08 13:53:51.555148,79.181522,42.468468,pred_valid_20260508_1839.csv:rel_vort_850_smth,False,False,lookup_by_new_ID_step,False,True
Solovieva_PL_crop_01097_ID_120201204560_step_16,1097,120201204560,16,2020-12-08,16:00:00,2020-12-08 16:00:00,79.25,46.25,992.83246,28.64,2020-12-08 15:32:53.101351,77.76962999999999,54.33149599999999,79.25,45.45914649006943,15.0,16.0,2020-12-08 15:00:00,2020-12-08 16:00:00,0.5480837086111111,255.90164012990684,242.8112001730661,0.4519162913888889,292.05494344101794,same_id,interpolated_track_position_nearest_track_point_for_targets,ok,True,True,120201204560,16,2020-12-08 04:00:00,79.25,46.25,992.83246,28.64,False,False,512,512,Solovieva_diploma_PL_training_images/png/Solovieva_PL_crop_01097_ID_120201204560_step_16.png,Solovieva_diploma_PL_training_images/npy/Solovieva_PL_crop_01097_ID_120201204560_step_16.npy,crop_01097_ID_120201204560_step_16_9a4b8f641b.png,/content/drive/MyDrive/sentinel3/SLSTR/ml_manual_crops_010526/png/crop_01097_ID_120201204560_step_16_9a4b8f641b.png,True,S3A_SL_1_RBT____20201208T153054_20201208T153354_20201209T213941_0179_066_054_1260_LN2_O_NT_004,,,,,,crop_01097_ID_120201204560_step_16_9a4b8f641b.png,1097,120201204560,16,120201204560,16,2020-12-08 16:00:00,79.25,46.25,992.83246,,2020-12-08 15:32:53.101351,77.76962999999999,54.33149599999999,pred_valid_20260508_1839.csv:rel_vort_850_smth,False,False,lookup_by_new_ID_step,False,True
Solovieva_PL_crop_01098_ID_120201204560_step_17,1098,120201204560,17,2020-12-08,17:00:00,2020-12-08 17:00:00,79.75,46.0,993.04938,28.766,2020-12-08 17:13:00.644674,77.553401,55.535774,79.75,46.05421143569444,17.0,18.0,2020-12-08 17:00:00,2020-12-08 18:00:00,0.2168457427777777,319.6962294709148,320.4567365067619,0.2168457427777777,337.043888893137,same_id,interpolated_track_position_nearest_track_point_for_targets,warning_distance,True,True,120201204560,17,2020-12-08 05:00:00,79.75,46.0,993.04938,28.766,False,False,512,512,Solovieva_diploma_PL_training_images/png/Solovieva_PL_crop_01098_ID_120201204560_step_17.png,Solovieva_diploma_PL_training_images/npy/Solovieva_PL_crop_01098_ID_120201204560_step_17.npy,crop_01098_ID_120201204560_step_17_471d2eb920.png,/content/drive/MyDrive/sentinel3/SLSTR/ml_manual_crops_010526/png/crop_01098_ID_120201204560_step_17_471d2eb920.png,True,S3A_SL_1_RBT____20201208T171154_20201208T171454_20201209T232240_0179_066_055_1260_LN2_O_NT_004,,,,,,crop_01098_ID_120201204560_step_17_471d2eb920.png,1098,120201204560,17,120201204560,17,2020-12-08 17:00:00,79.75,46.0,993.04938,,2020-12-08 17:13:00.644674,77.553401,55.535774,pred_valid_20260508_1839.csv:rel_vort_850_smth,False,False,lookup_by_new_ID_step,False,True
Solovieva_PL_crop_01106_ID_120201204560_step_32,1106,120201204560,32,2020-12-09,08:00:00,2020-12-09 08:00:00,76.75,59.25,998.31311,26.179,2020-12-09 07:49:30.683823,74.847115,66.434775,76.881107536875,59.03148743854166,31.0,32.0,2020-12-09 07:00:00,2020-12-09 08:00:00,0.8251899508333334,302.182918529135,288.04521172883005,0.1748100491666666,316.1677224624684,same_id,interpolated_track_position_nearest_track_point_for_targets,warning_distance,True,True,120201204560,32,2020-12-08 20:00:00,76.75,59.25,998.31311,26.179,False,False,512,512,Solovieva_diploma_PL_training_images/png/Solovieva_PL_crop_01106_ID_120201204560_step_32.png,Solovieva_diploma_PL_training_images/npy/Solovieva_PL_crop_01106_ID_120201204560_step_32.npy,crop_01106_ID_120201204560_step_32_4169818acc.png,/content/drive/MyDrive/sentinel3/SLSTR/ml_manual_crops_010526/png/crop_01106_ID_120201204560_step_32_4169818acc.png,True,S3B_SL_1_RBT____20201209T074728_20201209T075028_20201210T132050_0179_046_307_1620_LN2_O_NT_004,,,,,,crop_01106_ID_120201204560_step_32_4169818acc.png,1106,120201204560,32,120201204560,32,2020-12-09 08:00:00,76.75,59.25,998.31311,,2020-12-09 07:49:30.683823,74.847115,66.434775,pred_valid_20260508_1839.csv:rel_vort_850_smth,False,False,lookup_by_new_ID_step,False,True
Solovieva_PL_crop_01107_ID_120201204560_step_33,1107,120201204560,33,2020-12-09,09:00:00,2020-12-09 09:00:00,76.75,59.25,998.66309,26.283,2020-12-09 09:29:23.880288,76.287714,58.24611899999999,76.62750831333334,58.88252494,33.0,34.0,2020-12-09 09:00:00,2020-12-09 10:00:00,0.4899667466666667,41.25685731612605,57.61370620975313,0.4899667466666667,80.4541970494594,same_id,interpolated_track_position_nearest_track_point_for_targets,ok,True,True,120201204560,33,2020-12-08 21:00:00,76.75,59.25,998.66309,26.283,False,False,512,512,Solovieva_diploma_PL_training_images/png/Solovieva_PL_crop_01107_ID_120201204560_step_33.png,Solovieva_diploma_PL_training_images/npy/Solovieva_PL_crop_01107_ID_120201204560_step_33.npy,crop_01107_ID_120201204560_step_33_cbb94252cd.png,/content/drive/MyDrive/sentinel3/SLSTR/ml_manual_crops_010526/png/crop_01107_ID_120201204560_step_33_cbb94252cd.png,True,S3B_SL_1_RBT____20201209T092827_20201209T093127_20201210T145359_0179_046_307_1620_LN2_O_NT_004,,,,,,crop_01107_ID_120201204560_step_33_cbb94252cd.png,1107,120201204560,33,120201204560,33,2020-12-09 09:00:00,76.75,59.25,998.66309,,2020-12-09 09:29:23.880288,76.287714,58.24611899999999,pred_valid_20260508_1839.csv:rel_vort_850_smth,False,False,lookup_by_new_ID_step,False,True
Solovieva_PL_crop_01089_ID_120201204900_step_7,1089,120201204900,7,2020-12-08,07:00:00,2020-12-08 07:00:00,79.5,59.5,996.90186,30.699,2020-12-08 07:13:30.681500,79.15334899999999,53.349009,79.5,59.61259465277777,7.0,8.0,2020-12-08 07:00:00,2020-12-08 08:00:00,0.2251893055555555,134.5547085469801,132.33817993332934,0.2251893055555555,152.56985299142454,same_id,interpolated_track_position_nearest_track_point_for_targets,ok,True,True,120201204900,7,2020-12-08 08:00:00,79.5,59.5,996.90186,30.699,False,False,512,512,Solovieva_diploma_PL_training_images/png/Solovieva_PL_crop_01089_ID_120201204900_step_7.png,Solovieva_diploma_PL_training_images/npy/Solovieva_PL_crop_01089_ID_120201204900_step_7.npy,crop_01089_ID_120201204900_step_7_b940a86505.png,/content/drive/MyDrive/sentinel3/SLSTR/ml_manual_crops_010526/png/crop_01089_ID_120201204900_step_7_b940a86505.png,True,S3A_SL_1_RBT____20201208T071158_20201208T071458_20201209T113853_0179_066_050_1620_LN2_O_NT_004,,,,,,crop_01089_ID_120201204900_step_7_b940a86505.png,1089,120201204900,7,120201204900,7,2020-12-08 07:00:00,79.5,59.5,996.90186,,2020-12-08 07:13:30.681500,79.15334899999999,53.349009,оставлено прежнее значение,False,False,lookup_by_new_ID_step,False,True
Solovieva_PL_crop_01090_ID_120201204900_step_8,1090,120201204900,8,2020-12-08,08:00:00,2020-12-08 08:00:00,79.5,60.0,996.93121,25.283,2020-12-08 08:15:00.569318,78.81048299999999,52.115329,79.5,60.0,8.0,8.0,2020-12-08 08:00:00,2020-12-08 08:00:00,0.0,181.71554230885383,181.71554230885383,0.2501581438888888,201.72819381996493,same_id,nearest_track_point,ok,True,True,120201204900,8,2020-12-08 09:00:00,79.5,60.0,996.93121,25.283,False,False,512,512,Solovieva_diploma_PL_training_images/png/Solovieva_PL_crop_01090_ID_120201204900_step_8.png,Solovieva_diploma_PL_training_images/npy/Solovieva_PL_crop_01090_ID_120201204900_step_8.npy,crop_01090_ID_120201204900_step_8_ef464be474.png,/content/drive/MyDrive/sentinel3/SLSTR/ml_manual_crops_010526/png/crop_01090_ID_120201204900_step_8_ef464be474.png,True,S3B_SL_1_RBT____20201208T081339_20201208T081639_20201209T141023_0179_046_292_1620_LN2_O_NT_004,,,,,,crop_01090_ID_120201204900_step_8_ef464be474.png,1090,120201204900,8,120201204900,8,2020-12-08 08:00:00,79.5,60.0,996.93121,,2020-12-08 08:15:00.569318,78.81048299999999,52.115329,оставлено прежнее значение,False,False,lookup_by_new_ID_step,False,True
Solovieva_PL_crop_01104_ID_120201205360_step_6,1104,120201205360,6,2020-12-09,06:00:00,2020-12-09 06:00:00,73.5,77.25,1006.01874,23.756,2020-12-09 06:08:52.788994,76.017155,69.92919699999999,73.68499617847222,77.36099770708336,6.0,7.0,2020-12-09 06:00:00,2020-12-09 07:00:00,0.1479969427777777,336.9802546372211,351.8155430326332,0.1479969427777777,348.8200100594433,same_id,interpolated_track_position_nearest_track_point_for_targets,warning_distance,True,True,120201205360,6,2020-12-09 01:00:00,73.5,77.25,1006.01874,23.756,False,False,512,512,Solovieva_diploma_PL_training_images/png/Solovieva_PL_crop_01104_ID_120201205360_step_6.png,Solovieva_diploma_PL_training_images/npy/Solovieva_PL_crop_01104_ID_120201205360_step_6.npy,crop_01104_ID_120201205360_step_6_38ede69c45.png,/content/drive/MyDrive/sentinel3/SLSTR/ml_manual_crops_010526/png/crop_01104_ID_120201205360_step_6_38ede69c45.png,True,S3B_SL_1_RBT____20201209T060629_20201209T060929_20201210T113245_0179_046_305_1620_LN2_O_NT_004,,,,,,crop_01104_ID_120201205360_step_6_38ede69c45.png,1104,120201205360,6,120201205360,6,2020-12-09 06:00:00,73.5,77.25,1006.01874,,2020-12-09 06:08:52.788994,76.017155,69.92919699999999,оставлено прежнее значение,False,False,lookup_by_new_ID_step,False,True
Solovieva_PL_crop_01105_ID_120201205360_step_7,1105,120201205360,7,2020-12-09,07:00:00,2020-12-09 07:00:00,74.75,78.0,1005.64746,21.462,2020-12-09 06:48:13.552761,75.30646,67.14575099999999,74.50470581979167,77.85282349187503,6.0,7.0,2020-12-09 06:00:00,2020-12-09 07:00:00,0.8037646558333333,322.09387622357065,317.4057808739907,0.1962353441666666,337.792703756904,same_id,interpolated_track_position_nearest_track_point_for_targets,warning_distance,True,True,120201205360,7,2020-12-09 02:00:00,74.75,78.0,1005.64746,21.462,False,False,512,512,Solovieva_diploma_PL_training_images/png/Solovieva_PL_crop_01105_ID_120201205360_step_7.png,Solovieva_diploma_PL_training_images/npy/Solovieva_PL_crop_01105_ID_120201205360_step_7.npy,crop_01105_ID_120201205360_step_7_5c759a5ef9.png,/content/drive/MyDrive/sentinel3/SLSTR/ml_manual_crops_010526/png/crop_01105_ID_120201205360_step_7_5c759a5ef9.png,True,S3A_SL_1_RBT____20201209T064547_20201209T064847_20201210T125015_0179_066_064_1620_LN2_O_NT_004,,,,,,crop_01105_ID_120201205360_step_7_5c759a5ef9.png,1105,120201205360,7,120201205360,7,2020-12-09 07:00:00,74.75,78.0,1005.64746,,2020-12-09 06:48:13.552761,75.30646,67.14575099999999,оставлено прежнее значение,False,False,lookup_by_new_ID_step,False,True
Solovieva_PL_crop_01115_ID_120201206570_step_6,1115,120201206570,6,2020-12-11,06:00:00,2020-12-11 06:00:00,76.0,80.0,1005.78937,23.231,2020-12-11 05:54:51.309654,79.52901399999999,72.975,75.91425268166667,79.84994219291667,5.0,6.0,2020-12-11 05:00:00,2020-12-11 06:00:00,0.9142526816666666,432.8900028156168,425.2021546019303,0.0857473183333333,439.7497882822834,same_id,interpolated_track_position_nearest_track_point_for_targets,warning_distance,True,True,120201206570,6,2020-12-11 13:00:00,76.0,80.0,1005.78937,23.231,False,False,512,512,Solovieva_diploma_PL_training_images/png/Solovieva_PL_crop_01115_ID_120201206570_step_6.png,Solovieva_diploma_PL_training_images/npy/Solovieva_PL_crop_01115_ID_120201206570_step_6.npy,crop_01115_ID_120201206570_step_6_c33bf97d22.png,/content/drive/MyDrive/sentinel3/SLSTR/ml_manual_crops_010526/png/crop_01115_ID_120201206570_step_6_c33bf97d22.png,True,S3A_SL_1_RBT____20201211T055325_20201211T055625_20201212T121713_0179_066_091_1620_LN2_O_NT_004,,,,,,crop_01115_ID_120201206570_step_6_c33bf97d22.png,1115,120201206570,6,120201206570,6,2020-12-11 06:00:00,76.0,80.0,1005.78937,,2020-12-11 05:54:51.309654,79.52901399999999,72.975,pred_valid_20260508_1839.csv:rel_vort_850_smth,False,False,lookup_by_new_ID_step,False,True
Solovieva_PL_crop_01119_ID_120201206570_step_10,1119,120201206570,10,2020-12-11,10:00:00,2020-12-11 10:00:00,76.75,80.0,1002.5412,19.451,2020-12-11 10:16:27.816517,79.79090099999999,67.90671499999999,76.75,80.0,10.0,10.0,2020-12-11 10:00:00,2020-12-11 10:00:00,0.0,433.087384214859,433.087384214859,0.2743934769444444,455.03886237041456,same_id,nearest_track_point,warning_distance,True,True,120201206570,10,2020-12-11 17:00:00,76.75,80.0,1002.5412,19.451,False,False,512,512,Solovieva_diploma_PL_training_images/png/Solovieva_PL_crop_01119_ID_120201206570_step_10.png,Solovieva_diploma_PL_training_images/npy/Solovieva_PL_crop_01119_ID_120201206570_step_10.npy,crop_01119_ID_120201206570_step_10_c7fce897c9.png,/content/drive/MyDrive/sentinel3/SLSTR/ml_manual_crops_010526/png/crop_01119_ID_120201206570_step_10_c7fce897c9.png,True,S3B_SL_1_RBT____20201211T101404_20201211T101704_20201212T151459_0179_046_336_1440_LN2_O_NT_004,,,,,,crop_01119_ID_120201206570_step_10_c7fce897c9.png,1119,120201206570,10,120201206570,10,2020-12-11 10:00:00,76.75,80.0,1002.5412,,2020-12-11 10:16:27.816517,79.79090099999999,67.90671499999999,pred_valid_20260508_1839.csv:rel_vort_850_smth,False,False,lookup_by_new_ID_step,False,True
Solovieva_PL_crop_01122_ID_120201206820_step_6,1122,120201206820,7,2020-12-12,07:00:00,2020-12-12 07:00:00,78.0,79.0,1001.77625,21.945,2020-12-12 06:31:27.743506,74.186947,77.13187199999999,78.0,79.23781340194444,6.0,7.0,2020-12-12 06:00:00,2020-12-12 07:00:00,0.5243731961111111,427.64244612485936,426.8672573615351,0.4756268038888889,465.6925904359705,same_id,interpolated_track_position_nearest_track_point_for_targets,warning_distance,True,True,120201206820,6,2020-12-12 00:00:00,78.0,79.5,1002.27625,21.93,False,True,512,512,Solovieva_diploma_PL_training_images/png/Solovieva_PL_crop_01122_ID_120201206820_step_6.png,Solovieva_diploma_PL_training_images/npy/Solovieva_PL_crop_01122_ID_120201206820_step_6.npy,crop_01122_ID_120201206820_step_6_14258b9d34.png,/content/drive/MyDrive/sentinel3/SLSTR/ml_manual_crops_010526/png/crop_01122_ID_120201206820_step_6_14258b9d34.png,True,S3B_SL_1_RBT____20201212T062855_20201212T063155_20201213T111515_0180_046_348_1620_LN2_O_NT_004,,,,,,crop_01122_ID_120201206820_step_6_14258b9d34.png,1122,120201206820,6,120201206820,7,2020-12-12 07:00:00,78.0,79.0,1001.77625,,2020-12-12 06:31:27.743506,74.186947,77.13187199999999,pred_valid_20260508_1839.csv:rel_vort_850_smth,True,False,lookup_by_new_ID_step,False,True
Solovieva_PL_crop_01123_ID_120201206820_step_7,1123,120201206820,7,2020-12-12,07:00:00,2020-12-12 07:00:00,78.0,79.0,1001.77625,21.945,2020-12-12 07:10:22.828873,74.30528199999999,76.569998,77.95674799493055,79.0,7.0,8.0,2020-12-12 07:00:00,2020-12-12 08:00:00,0.1730080202777777,411.070499278847,415.8040802913595,0.1730080202777777,424.9111409010693,same_id,interpolated_track_position_nearest_track_point_for_targets,warning_distance,True,True,120201206820,7,2020-12-12 01:00:00,78.0,79.0,1001.77625,21.945,False,False,512,512,Solovieva_diploma_PL_training_images/png/Solovieva_PL_crop_01123_ID_120201206820_step_7.png,Solovieva_diploma_PL_training_images/npy/Solovieva_PL_crop_01123_ID_120201206820_step_7.npy,crop_01123_ID_120201206820_step_7_67d146f802.png,/content/drive/MyDrive/sentinel3/SLSTR/ml_manual_crops_010526/png/crop_01123_ID_120201206820_step_7_67d146f802.png,True,S3A_SL_1_RBT____20201212T070814_20201212T071114_20201213T123629_0179_066_106_1620_LN2_O_NT_004,,,,,,crop_01123_ID_120201206820_step_7_67d146f802.png,1123,120201206820,7,120201206820,7,2020-12-12 07:00:00,78.0,79.0,1001.77625,,2020-12-12 07:10:22.828873,74.30528199999999,76.569998,pred_valid_20260508_1839.csv:rel_vort_850_smth,False,False,lookup_by_new_ID_step,False,True
Solovieva_PL_crop_01124_ID_120201206820_step_8,1124,120201206820,8,2020-12-12,08:00:00,2020-12-12 08:00:00,77.75,79.0,1001.57935,21.613000000000003,2020-12-12 08:11:11.040565,78.36565399999999,59.557592,77.75,78.90679992152775,8.0,9.0,2020-12-12 08:00:00,2020-12-12 09:00:00,0.1864001569444444,448.2941521791876,450.3838514274073,0.1864001569444444,463.2061647347432,same_id,interpolated_track_position_nearest_track_point_for_targets,warning_distance,True,True,120201206820,8,2020-12-12 02:00:00,77.75,79.0,1001.57935,21.613000000000003,False,False,512,512,Solovieva_diploma_PL_training_images/png/Solovieva_PL_crop_01124_ID_120201206820_step_8.png,Solovieva_diploma_PL_training_images/npy/Solovieva_PL_crop_01124_ID_120201206820_step_8.npy,crop_01124_ID_120201206820_step_8_e31652a59f.png,/content/drive/MyDrive/sentinel3/SLSTR/ml_manual_crops_010526/png/crop_01124_ID_120201206820_step_8_e31652a59f.png,True,S3B_SL_1_RBT____20201212T080954_20201212T081254_20201213T130932_0180_046_349_1620_LN2_O_NT_004,,,,,,crop_01124_ID_120201206820_step_8_e31652a59f.png,1124,120201206820,8,120201206820,8,2020-12-12 08:00:00,77.75,79.0,1001.57935,,2020-12-12 08:11:11.040565,78.36565399999999,59.557592,pred_valid_20260508_1839.csv:rel_vort_850_smth,False,False,lookup_by_new_ID_step,False,True
Solovieva_PL_crop_01131_ID_120201206820_step_14,1131,120201206820,14,2020-12-12,14:00:00,2020-12-12 14:00:00,77.25,75.5,1000.62183,19.249,2020-12-12 13:47:06.813844,73.776521,85.18838199999999,77.30369348305555,75.55369348305555,13.0,14.0,2020-12-12 13:00:00,2020-12-12 14:00:00,0.7852260677777778,473.4856015630274,469.7023606323587,0.2147739322222222,490.6675161408052,same_id,interpolated_track_position_nearest_track_point_for_targets,warning_distance,True,True,120201206820,14,2020-12-12 08:00:00,77.25,75.5,1000.62183,19.249,False,False,512,512,Solovieva_diploma_PL_training_images/png/Solovieva_PL_crop_01131_ID_120201206820_step_14.png,Solovieva_diploma_PL_training_images/npy/Solovieva_PL_crop_01131_ID_120201206820_step_14.npy,crop_01131_ID_120201206820_step_14_4234597511.png,/content/drive/MyDrive/sentinel3/SLSTR/ml_manual_crops_010526/png/crop_01131_ID_120201206820_step_14_4234597511.png,True,S3A_SL_1_RBT____20201212T134610_20201212T134910_20201213T201956_0179_066_110_1260_LN2_O_NT_004,,,,,,crop_01131_ID_120201206820_step_14_4234597511.png,1131,120201206820,14,120201206820,14,2020-12-12 14:00:00,77.25,75.5,1000.62183,,2020-12-12 13:47:06.813844,73.776521,85.18838199999999,pred_valid_20260508_1839.csv:rel_vort_850_smth,False,False,lookup_by_new_ID_step,False,True
Solovieva_PL_crop_01142_ID_120201208590_step_7,1142,120201208590,7,2020-12-15,07:00:00,2020-12-15 07:00:00,75.25,40.0,1006.43933,27.099,2020-12-15 06:54:00.609170,75.297803,54.72037699999999,75.25,39.800338427777774,6.0,7.0,2020-12-15 06:00:00,2020-12-15 07:00:00,0.9001692138888889,420.642506100174,415.04353850340897,0.0998307861111111,428.62896898906286,same_id,interpolated_track_position_nearest_track_point_for_targets,warning_distance,True,True,120201208590,7,2020-12-15 12:00:00,75.25,40.0,1006.43933,27.099,False,False,512,512,Solovieva_diploma_PL_training_images/png/Solovieva_PL_crop_01142_ID_120201208590_step_7.png,Solovieva_diploma_PL_training_images/npy/Solovieva_PL_crop_01142_ID_120201208590_step_7.npy,crop_01142_ID_120201208590_step_7_11a6486e8c.png,/content/drive/MyDrive/sentinel3/SLSTR/ml_manual_crops_010526/png/crop_01142_ID_120201208590_step_7_11a6486e8c.png,True,S3B_SL_1_RBT____20201215T065121_20201215T065421_20201216T123202_0179_047_006_1620_LN2_O_NT_004,,,,,,crop_01142_ID_120201208590_step_7_11a6486e8c.png,1142,120201208590,7,120201208590,7,2020-12-15 07:00:00,75.25,40.0,1006.43933,,2020-12-15 06:54:00.609170,75.297803,54.72037699999999,оставлено прежнее значение,False,False,lookup_by_new_ID_step,False,True
Solovieva_PL_crop_01154_ID_120201208590_step_17,1154,120201208590,17,2020-12-15,17:00:00,2020-12-15 17:00:00,74.0,44.75,994.39374,56.956,2020-12-15 16:52:14.093503,74.726621,42.841328,74.03235461784722,44.68529076430556,16.0,17.0,2020-12-15 16:00:00,2020-12-15 17:00:00,0.8705815286111112,94.90038424751889,98.98733452170168,0.1294184713888889,105.25386195862998,same_id,interpolated_track_position_nearest_track_point_for_targets,ok,True,True,120201208590,17,2020-12-15 22:00:00,74.0,44.75,994.39374,56.956,False,False,512,512,Solovieva_diploma_PL_training_images/png/Solovieva_PL_crop_01154_ID_120201208590_step_17.png,Solovieva_diploma_PL_training_images/npy/Solovieva_PL_crop_01154_ID_120201208590_step_17.npy,crop_01154_ID_120201208590_step_17_b224751b08.png,/content/drive/MyDrive/sentinel3/SLSTR/ml_manual_crops_010526/png/crop_01154_ID_120201208590_step_17_b224751b08.png,True,S3B_SL_1_RBT____20201215T165116_20201215T165416_20201216T224305_0180_047_013_1260_LN2_O_NT_004,,,,,,crop_01154_ID_120201208590_step_17_b224751b08.png,1154,120201208590,17,120201208590,17,2020-12-15 17:00:00,74.0,44.75,994.39374,,2020-12-15 16:52:14.093503,74.726621,42.841328,оставлено прежнее значение,False,False,lookup_by_new_ID_step,False,True
Solovieva_PL_crop_01155_ID_120201208590_step_18,1155,120201208590,18,2020-12-15,18:00:00,2020-12-15 18:00:00,74.0,45.0,993.75122,52.132,2020-12-15 18:31:55.290971,72.8081,43.80824000000001,73.99467974730278,45.010640505394434,18.0,19.0,2020-12-15 18:00:00,2020-12-16 19:00:00,0.0212810107888888,137.35171251999552,137.82532292388495,0.5320252697222222,179.9137340977733,same_id,interpolated_track_position_nearest_track_point_for_targets,ok,True,True,120201208590,18,2020-12-15 23:00:00,74.0,45.0,993.75122,52.132,False,False,512,512,Solovieva_diploma_PL_training_images/png/Solovieva_PL_crop_01155_ID_120201208590_step_18.png,Solovieva_diploma_PL_training_images/npy/Solovieva_PL_crop_01155_ID_120201208590_step_18.npy,crop_01155_ID_120201208590_step_18_8e30176ac1.png,/content/drive/MyDrive/sentinel3/SLSTR/ml_manual_crops_010526/png/crop_01155_ID_120201208590_step_18_8e30176ac1.png,True,S3B_SL_1_RBT____20201215T182915_20201215T183215_20201217T003942_0179_047_013_1080_LN2_O_NT_004,,,,,,crop_01155_ID_120201208590_step_18_8e30176ac1.png,1155,120201208590,18,120201208590,18,2020-12-15 18:00:00,74.0,45.0,993.75122,,2020-12-15 18:31:55.290971,72.8081,43.80824000000001,оставлено прежнее значение,False,False,lookup_by_new_ID_step,False,True
Solovieva_PL_crop_01162_ID_120201208590_step_19,1162,120201208590,19,2020-12-16,19:00:00,2020-12-16 19:00:00,73.75,45.5,992.72809,50.405,2020-12-16 18:44:22.201896,70.310855,40.19551200000001,73.75260499473333,45.494790010533336,18.0,19.0,2020-12-15 18:00:00,2020-12-16 19:00:00,0.9895800210666666,423.3109504867721,423.131144950878,0.2604994733333333,444.1509083534388,same_id,interpolated_track_position_nearest_track_point_for_targets,warning_distance,True,True,120201208590,19,2020-12-16 00:00:00,73.75,45.5,992.72809,50.405,False,False,512,512,Solovieva_diploma_PL_training_images/png/Solovieva_PL_crop_01162_ID_120201208590_step_19.png,Solovieva_diploma_PL_training_images/npy/Solovieva_PL_crop_01162_ID_120201208590_step_19.npy,crop_01162_ID_120201208590_step_19_0ba1f603cf.png,/content/drive/MyDrive/sentinel3/SLSTR/ml_manual_crops_010526/png/crop_01162_ID_120201208590_step_19_0ba1f603cf.png,True,S3A_SL_1_RBT____20201216T184223_20201216T184523_20201218T004645_0179_066_170_1080_LN2_O_NT_004,,,,,,crop_01162_ID_120201208590_step_19_0ba1f603cf.png,1162,120201208590,19,120201208590,19,2020-12-16 19:00:00,73.75,45.5,992.72809,,2020-12-16 18:44:22.201896,70.310855,40.19551200000001,оставлено прежнее значение,False,False,lookup_by_new_ID_step,False,True
Solovieva_PL_crop_01169_ID_120201209360_step_6,1169,120201209360,6,2020-12-17,06:00:00,2020-12-17 06:00:00,70.25,62.0,986.82684,34.838,2020-12-17 06:03:11.960743,69.90865,64.611962,70.25,62.0133306071528,6.0,7.0,2020-12-17 06:00:00,2020-12-17 07:00:00,0.0533224286111111,105.50538917010869,105.97665169484394,0.0533224286111111,109.77118345899756,same_id,interpolated_track_position_nearest_track_point_for_targets,ok,True,True,120201209360,6,2020-12-17 00:00:00,70.25,62.0,986.82684,34.838,False,False,512,512,Solovieva_diploma_PL_training_images/png/Solovieva_PL_crop_01169_ID_120201209360_step_6.png,Solovieva_diploma_PL_training_images/npy/Solovieva_PL_crop_01169_ID_120201209360_step_6.npy,crop_01169_ID_120201209360_step_6_14a3bd1eff.png,/content/drive/MyDrive/sentinel3/SLSTR/ml_manual_crops_010526/png/crop_01169_ID_120201209360_step_6_14a3bd1eff.png,True,S3B_SL_1_RBT____20201217T060159_20201217T060459_20201218T112748_0179_047_034_1800_LN2_O_NT_004,,,,,,crop_01169_ID_120201209360_step_6_14a3bd1eff.png,1169,120201209360,6,120201209360,6,2020-12-17 06:00:00,70.25,62.0,986.82684,,2020-12-17 06:03:11.960743,69.90865,64.611962,оставлено прежнее значение,False,False,lookup_by_new_ID_step,False,True
Solovieva_PL_crop_01170_ID_120201209360_step_7,1170,120201209360,7,2020-12-17,07:00:00,2020-12-17 07:00:00,70.25,62.25,986.39746,34.53,2020-12-17 06:42:15.866992,70.160921,63.17163399999998,70.25,62.17610187444444,6.0,7.0,2020-12-17 06:00:00,2020-12-17 07:00:00,0.7044074977777778,38.77374177028542,36.09045853522528,0.2955925022222222,62.4211419480632,same_id,interpolated_track_position_nearest_track_point_for_targets,ok,True,True,120201209360,7,2020-12-17 01:00:00,70.25,62.25,986.39746,34.53,False,False,512,512,Solovieva_diploma_PL_training_images/png/Solovieva_PL_crop_01170_ID_120201209360_step_7.png,Solovieva_diploma_PL_training_images/npy/Solovieva_PL_crop_01170_ID_120201209360_step_7.npy,crop_01170_ID_120201209360_step_7_8b8057287e.png,/content/drive/MyDrive/sentinel3/SLSTR/ml_manual_crops_010526/png/crop_01170_ID_120201209360_step_7_8b8057287e.png,True,S3A_SL_1_RBT____20201217T064118_20201217T064418_20201218T132214_0179_066_177_1800_LN2_O_NT_004,,,,,,crop_01170_ID_120201209360_step_7_8b8057287e.png,1170,120201209360,7,120201209360,7,2020-12-17 07:00:00,70.25,62.25,986.39746,,2020-12-17 06:42:15.866992,70.160921,63.17163399999998,оставлено прежнее значение,False,False,lookup_by_new_ID_step,False,True
Solovieva_PL_crop_01171_ID_120201209360_step_8,1171,120201209360,8,2020-12-17,08:00:00,2020-12-17 08:00:00,70.5,63.0,985.78998,32.661,2020-12-17 07:43:54.656181,67.968983,62.144646,70.43296223479166,62.79888670437501,7.0,8.0,2020-12-17 07:00:00,2020-12-17 08:00:00,0.7318489391666667,275.1930023015915,283.4420751215177,0.2681510608333333,296.64508716825816,same_id,interpolated_track_position_nearest_track_point_for_targets,ok,True,True,120201209360,8,2020-12-17 02:00:00,70.5,63.0,985.78998,32.661,False,False,512,512,Solovieva_diploma_PL_training_images/png/Solovieva_PL_crop_01171_ID_120201209360_step_8.png,Solovieva_diploma_PL_training_images/npy/Solovieva_PL_crop_01171_ID_120201209360_step_8.npy,crop_01171_ID_120201209360_step_8_96abea80f8.png,/content/drive/MyDrive/sentinel3/SLSTR/ml_manual_crops_010526/png/crop_01171_ID_120201209360_step_8_96abea80f8.png,True,S3B_SL_1_RBT____20201217T074258_20201217T074558_20201218T131215_0179_047_035_1800_LN2_O_NT_004,,,,,,crop_01171_ID_120201209360_step_8_96abea80f8.png,1171,120201209360,8,120201209360,8,2020-12-17 08:00:00,70.5,63.0,985.78998,,2020-12-17 07:43:54.656181,67.968983,62.144646,оставлено прежнее значение,False,False,lookup_by_new_ID_step,False,True
Solovieva_PL_crop_01179_ID_120201209360_step_16,1179,120201209360,16,2020-12-17,16:00:00,2020-12-17 16:00:00,70.25,64.0,994.62311,17.443,2020-12-17 15:58:02.653790,69.679688,70.55174299999999,70.26629808472222,63.98370191527778,15.0,16.0,2020-12-17 15:00:00,2020-12-17 16:00:00,0.9674038305555556,258.3358020353642,257.37926754411683,0.0325961694444444,260.9434955909198,same_id,interpolated_track_position_nearest_track_point_for_targets,ok,True,True,120201209360,16,2020-12-17 10:00:00,70.25,64.0,994.62311,17.443,False,False,512,512,Solovieva_diploma_PL_training_images/png/Solovieva_PL_crop_01179_ID_120201209360_step_16.png,Solovieva_diploma_PL_training_images/npy/Solovieva_PL_crop_01179_ID_120201209360_step_16.npy,crop_01179_ID_120201209360_step_16_6d23b4c251.png,/content/drive/MyDrive/sentinel3/SLSTR/ml_manual_crops_010526/png/crop_01179_ID_120201209360_step_16_6d23b4c251.png,True,S3B_SL_1_RBT____20201217T155554_20201217T155854_20201218T212843_0179_047_040_1080_LN2_O_NT_004,,,,,,crop_01179_ID_120201209360_step_16_6d23b4c251.png,1179,120201209360,16,120201209360,16,2020-12-17 16:00:00,70.25,64.0,994.62311,,2020-12-17 15:58:02.653790,69.679688,70.55174299999999,оставлено прежнее значение,False,False,lookup_by_new_ID_step,False,True
Solovieva_PL_crop_01196_ID_120201210740_step_8,1196,120201210740,9,2020-12-19,09:00:00,2020-12-19 09:00:00,71.25,50.0,998.08563,24.338,2020-12-19 08:31:15.716995,73.272972,50.08714699999999,71.36974187534722,49.880258124652784,8.0,9.0,2020-12-19 08:00:00,2020-12-19 09:00:00,0.5210324986111111,211.74448834841425,224.96353615917644,0.4789675013888889,250.06188845952536,same_id,interpolated_track_position_nearest_track_point_for_targets,ok,True,True,120201210740,8,2020-12-19 16:00:00,71.5,49.75,998.39874,24.264000000000003,False,True,512,512,Solovieva_diploma_PL_training_images/png/Solovieva_PL_crop_01196_ID_120201210740_step_8.png,Solovieva_diploma_PL_training_images/npy/Solovieva_PL_crop_01196_ID_120201210740_step_8.npy,crop_01196_ID_120201210740_step_8_23b30eb0bc.png,/content/drive/MyDrive/sentinel3/SLSTR/ml_manual_crops_010526/png/crop_01196_ID_120201210740_step_8_23b30eb0bc.png,True,S3B_SL_1_RBT____20201219T082836_20201219T083136_20201220T132104_0179_047_064_1620_LN2_O_NT_004,,,,,,crop_01196_ID_120201210740_step_8_23b30eb0bc.png,1196,120201210740,8,120201210740,9,2020-12-19 09:00:00,71.25,50.0,998.08563,,2020-12-19 08:31:15.716995,73.272972,50.08714699999999,pred_valid_20260508_1839.csv:rel_vort_850_smth,True,False,lookup_by_new_ID_step,False,True
Solovieva_PL_crop_01197_ID_120201210740_step_9,1197,120201210740,9,2020-12-19,09:00:00,2020-12-19 09:00:00,71.25,50.0,998.08563,24.338,2020-12-19 09:10:25.534398,72.268708,48.79213199999998,71.20656011125,50.173759555,9.0,10.0,2020-12-19 09:00:00,2020-12-19 10:00:00,0.173759555,127.53287917626209,120.81894642406262,0.173759555,141.43364357626209,same_id,interpolated_track_position_nearest_track_point_for_targets,ok,True,True,120201210740,9,2020-12-19 17:00:00,71.25,50.0,998.08563,24.338,False,False,512,512,Solovieva_diploma_PL_training_images/png/Solovieva_PL_crop_01197_ID_120201210740_step_9.png,Solovieva_diploma_PL_training_images/npy/Solovieva_PL_crop_01197_ID_120201210740_step_9.npy,crop_01197_ID_120201210740_step_9_4c938c1d74.png,/content/drive/MyDrive/sentinel3/SLSTR/ml_manual_crops_010526/png/crop_01197_ID_120201210740_step_9_4c938c1d74.png,True,S3A_SL_1_RBT____20201219T090755_20201219T091055_20201220T151128_0179_066_207_1620_LN2_O_NT_004,,,,,,crop_01197_ID_120201210740_step_9_4c938c1d74.png,1197,120201210740,9,120201210740,9,2020-12-19 09:00:00,71.25,50.0,998.08563,,2020-12-19 09:10:25.534398,72.268708,48.79213199999998,pred_valid_20260508_1839.csv:rel_vort_850_smth,False,False,lookup_by_new_ID_step,False,True
Solovieva_PL_crop_01225_ID_120201211790_step_11,1225,120201211790,11,2020-12-21,11:00:00,2020-12-21 11:00:00,60.25,-6.0,990.19434,23.224,2020-12-21 11:05:20.964226,59.577564,-12.171055999999991,60.25,-5.955421635277787,11.0,12.0,2020-12-21 11:00:00,2020-12-21 12:00:00,0.0891567294444444,354.3064209265919,351.8806695271789,0.0891567294444444,361.4389592821474,same_id,interpolated_track_position_nearest_track_point_for_targets,warning_distance,True,True,120201211790,11,2020-12-21 22:00:00,60.25,-6.0,990.19434,23.224,False,False,512,512,Solovieva_diploma_PL_training_images/png/Solovieva_PL_crop_01225_ID_120201211790_step_11.png,Solovieva_diploma_PL_training_images/npy/Solovieva_PL_crop_01225_ID_120201211790_step_11.npy,crop_01225_ID_120201211790_step_11_e8d7b8c4b7.png,/content/drive/MyDrive/sentinel3/SLSTR/ml_manual_crops_010526/png/crop_01225_ID_120201211790_step_11_e8d7b8c4b7.png,True,S3B_SL_1_RBT____20201221T110413_20201221T110713_20201222T170432_0179_047_094_1980_LN2_O_NT_004,,,,,,crop_01225_ID_120201211790_step_11_e8d7b8c4b7.png,1225,120201211790,11,120201211790,11,2020-12-21 11:00:00,60.25,-6.0,990.19434,,2020-12-21 11:05:20.964226,59.577564,-12.171055999999991,pred_valid_20260508_1839.csv:rel_vort_850_smth,False,False,lookup_by_new_ID_step,False,True
Solovieva_PL_crop_01227_ID_120201211790_step_12,1227,120201211790,12,2020-12-21,12:00:00,2020-12-21 12:00:00,60.25,-5.5,990.29309,23.331,2020-12-21 11:44:29.191305,59.115962,-12.615528000000012,60.25,-5.629278985416676,11.0,12.0,2020-12-21 11:00:00,2020-12-21 12:00:00,0.7414420291666667,411.6785329514862,418.5811323846573,0.2585579708333333,432.3631706181529,same_id,interpolated_track_position_nearest_track_point_for_targets,warning_distance,True,True,120201211790,12,2020-12-21 23:00:00,60.25,-5.5,990.29309,23.331,False,False,512,512,Solovieva_diploma_PL_training_images/png/Solovieva_PL_crop_01227_ID_120201211790_step_12.png,Solovieva_diploma_PL_training_images/npy/Solovieva_PL_crop_01227_ID_120201211790_step_12.npy,crop_01227_ID_120201211790_step_12_cf8b57b777.png,/content/drive/MyDrive/sentinel3/SLSTR/ml_manual_crops_010526/png/crop_01227_ID_120201211790_step_12_cf8b57b777.png,True,S3A_SL_1_RBT____20201221T114333_20201221T114633_20201222T162857_0179_066_237_1980_LN2_O_NT_004,,,,,,crop_01227_ID_120201211790_step_12_cf8b57b777.png,1227,120201211790,12,120201211790,12,2020-12-21 12:00:00,60.25,-5.5,990.29309,,2020-12-21 11:44:29.191305,59.115962,-12.615528000000012,pred_valid_20260508_1839.csv:rel_vort_850_smth,False,False,lookup_by_new_ID_step,False,True
Solovieva_PL_crop_01269_ID_120201216960_step_10,1269,120201216960,11,2020-12-30,11:00:00,2020-12-30 11:00:00,58.75,-5.5,998.0025,17.253,2020-12-30 10:31:55.383469,58.771849,-3.914350000000013,58.75,-5.5,10.0,11.0,2020-12-30 10:00:00,2020-12-30 11:00:00,0.5320509636111111,91.46953787391384,91.46953787391384,0.4679490363888888,128.90546078502496,same_id,interpolated_track_position_nearest_track_point_for_targets,ok,True,True,120201216960,10,2020-12-30 10:00:00,58.75,-5.5,997.64062,17.79,False,True,512,512,Solovieva_diploma_PL_training_images/png/Solovieva_PL_crop_01269_ID_120201216960_step_10.png,Solovieva_diploma_PL_training_images/npy/Solovieva_PL_crop_01269_ID_120201216960_step_10.npy,crop_01269_ID_120201216960_step_10_be5ae32eaf.png,/content/drive/MyDrive/sentinel3/SLSTR/ml_manual_crops_010526/png/crop_01269_ID_120201216960_step_10_be5ae32eaf.png,True,S3B_SL_1_RBT____20201230T103033_20201230T103333_20201231T160350_0179_047_222_1980_LN2_O_NT_004,,,,,,crop_01269_ID_120201216960_step_10_be5ae32eaf.png,1269,120201216960,10,120201216960,11,2020-12-30 11:00:00,58.75,-5.5,998.0025,,2020-12-30 10:31:55.383469,58.771849,-3.914350000000013,оставлено прежнее значение,False,False,lookup_by_new_ID_step,True,True
Solovieva_PL_crop_01272_ID_120201216960_step_11,1272,120201216960,11,2020-12-30,11:00:00,2020-12-30 11:00:00,58.75,-5.5,998.0025,17.253,2020-12-30 11:10:56.830890,58.810337,-4.2640499999999975,58.75,-5.5,11.0,11.0,2020-12-30 11:00:00,2020-12-30 11:00:00,0.0,71.54806409384592,71.54806409384592,0.182453025,86.14430609384593,same_id,nearest_track_point,ok,True,True,120201216960,11,2020-12-30 11:00:00,58.75,-5.5,998.0025,17.253,False,False,512,512,Solovieva_diploma_PL_training_images/png/Solovieva_PL_crop_01272_ID_120201216960_step_11.png,Solovieva_diploma_PL_training_images/npy/Solovieva_PL_crop_01272_ID_120201216960_step_11.npy,crop_01272_ID_120201216960_step_11_206e5ca8c3.png,/content/drive/MyDrive/sentinel3/SLSTR/ml_manual_crops_010526/png/crop_01272_ID_120201216960_step_11_206e5ca8c3.png,True,S3A_SL_1_RBT____20201230T110955_20201230T111255_20201231T171921_0179_066_365_1980_LN2_O_NT_004,,,,,,crop_01272_ID_120201216960_step_11_206e5ca8c3.png,1272,120201216960,11,120201216960,11,2020-12-30 11:00:00,58.75,-5.5,998.0025,,2020-12-30 11:10:56.830890,58.810337,-4.2640499999999975,оставлено прежнее значение,False,False,lookup_by_new_ID_step,False,True
Solovieva_PL_crop_00121_ID_220200110640_step_7,121,220200110640,7,2020-01-27,07:00:00,2020-01-27 07:00:00,57.75,-148.0,984.33435,19.816,2020-01-27 06:54:19.860674,57.999276,-147.689919,57.63189606736111,-148.02362078652777,6.0,7.0,2020-01-27 06:00:00,2020-01-27 07:00:00,0.9055168538888888,45.38064920152046,33.23366221552996,0.0944831461111111,52.93930089040935,same_id,interpolated_track_position_nearest_track_point_for_targets,ok,True,True,220200110640,7,2020-01-27 06:00:00,57.75,-148.0,984.33435,19.816,False,False,512,512,Solovieva_diploma_PL_training_images/png/Solovieva_PL_crop_00121_ID_220200110640_step_7.png,Solovieva_diploma_PL_training_images/npy/Solovieva_PL_crop_00121_ID_220200110640_step_7.npy,crop_00121_ID_220200110640_step_7_eaff697c94.png,/content/drive/MyDrive/sentinel3/SLSTR/ml_manual_crops_010526/png/crop_00121_ID_220200110640_step_7_eaff697c94.png,True,S3A_SL_1_RBT____20200127T065231_20200127T065531_20200128T111750_0179_054_163_0900_LN2_O_NT_004,,,,,,crop_00121_ID_220200110640_step_7_eaff697c94.png,121,220200110640,7,220200110640,7,2020-01-27 07:00:00,57.75,-148.0,984.33435,,2020-01-27 06:54:19.860674,57.999276,-147.689919,оставлено прежнее значение,False,False,lookup_by_new_ID_step,False,True
Solovieva_PL_crop_00122_ID_220200110640_step_8,122,220200110640,8,2020-01-27,08:00:00,2020-01-27 08:00:00,58.0,-148.0,983.88,20.66800000000001,2020-01-27 07:55:21.233408,58.121528,-150.85841299999998,57.98064120888889,-148.0,7.0,8.0,2020-01-27 07:00:00,2020-01-27 08:00:00,0.9225648355555556,168.9048363780988,168.6734749117015,0.0774351644444444,175.09964953365434,same_id,interpolated_track_position_nearest_track_point_for_targets,ok,True,True,220200110640,8,2020-01-27 07:00:00,58.0,-148.0,983.88,20.66800000000001,False,False,512,512,Solovieva_diploma_PL_training_images/png/Solovieva_PL_crop_00122_ID_220200110640_step_8.png,Solovieva_diploma_PL_training_images/npy/Solovieva_PL_crop_00122_ID_220200110640_step_8.npy,crop_00122_ID_220200110640_step_8_483ef57974.png,/content/drive/MyDrive/sentinel3/SLSTR/ml_manual_crops_010526/png/crop_00122_ID_220200110640_step_8_483ef57974.png,True,S3B_SL_1_RBT____20200127T075355_20200127T075655_20200812T131701_0179_035_021_0900_LR1_R_NT_004,,,,,,crop_00122_ID_220200110640_step_8_483ef57974.png,122,220200110640,8,220200110640,8,2020-01-27 08:00:00,58.0,-148.0,983.88,,2020-01-27 07:55:21.233408,58.121528,-150.85841299999998,оставлено прежнее значение,False,False,lookup_by_new_ID_step,False,True
Solovieva_PL_crop_00134_ID_220200110640_step_19,134,220200110640,20,2020-01-27,20:00:00,2020-01-27 20:00:00,59.5,-149.0,983.07123,24.174,2020-01-27 20:00:02.037769,59.516166,-147.641226,59.5,-149.0,20.0,21.0,2020-01-27 20:00:00,2020-01-27 21:00:00,0.0005660469444444,76.68471848301769,76.68471848301769,0.0005660469444444,76.73000223857325,same_id,interpolated_track_position_nearest_track_point_for_targets,ok,True,True,220200110640,19,2020-01-27 18:00:00,59.25,-148.0,982.44312,23.819000000000003,False,True,512,512,Solovieva_diploma_PL_training_images/png/Solovieva_PL_crop_00134_ID_220200110640_step_19.png,Solovieva_diploma_PL_training_images/npy/Solovieva_PL_crop_00134_ID_220200110640_step_19.npy,crop_00134_ID_220200110640_step_19_a278604fe4.png,/content/drive/MyDrive/sentinel3/SLSTR/ml_manual_crops_010526/png/crop_00134_ID_220200110640_step_19_a278604fe4.png,True,S3B_SL_1_RBT____20200127T195850_20200127T200150_20200129T014412_0179_035_028_1980_LN2_O_NT_004,,,,,,crop_00134_ID_220200110640_step_19_a278604fe4.png,134,220200110640,19,220200110640,20,2020-01-27 20:00:00,59.5,-149.0,983.07123,,2020-01-27 20:00:02.037769,59.516166,-147.641226,оставлено прежнее значение,False,False,lookup_by_new_ID_step,True,True
Solovieva_PL_crop_00135_ID_220200110640_step_20,135,220200110640,20,2020-01-27,20:00:00,2020-01-27 20:00:00,59.5,-149.0,983.07123,24.174,2020-01-27 20:00:03.837696,59.396936,-147.583676,59.5,-149.0,20.0,21.0,2020-01-27 20:00:00,2020-01-27 21:00:00,0.0010660266666666,80.86778207783637,80.86778207783637,0.0010660266666666,80.9530642111697,same_id,interpolated_track_position_nearest_track_point_for_targets,ok,True,True,220200110640,20,2020-01-27 19:00:00,59.5,-149.0,983.07123,24.174,False,False,512,512,Solovieva_diploma_PL_training_images/png/Solovieva_PL_crop_00135_ID_220200110640_step_20.png,Solovieva_diploma_PL_training_images/npy/Solovieva_PL_crop_00135_ID_220200110640_step_20.npy,crop_00135_ID_220200110640_step_20_c542de311f.png,/content/drive/MyDrive/sentinel3/SLSTR/ml_manual_crops_010526/png/crop_00135_ID_220200110640_step_20_c542de311f.png,True,S3B_SL_1_RBT____20200127T195850_20200127T200150_20200812T132625_0179_035_028_1980_LR1_R_NT_004,,,,,,crop_00135_ID_220200110640_step_20_c542de311f.png,135,220200110640,20,220200110640,20,2020-01-27 20:00:00,59.5,-149.0,983.07123,,2020-01-27 20:00:03.837696,59.396936,-147.583676,оставлено прежнее значение,False,False,lookup_by_new_ID_step,False,True
Solovieva_PL_crop_00136_ID_220200110640_step_21,136,220200110640,21,2020-01-27,21:00:00,2020-01-27 21:00:00,59.5,-149.0,983.44183,25.237,2020-01-27 20:39:21.899457,59.505245,-149.005274,59.5,-149.0,20.0,21.0,2020-01-27 20:00:00,2020-01-27 21:00:00,0.6560831825,0.6547666896954013,0.6547666896954013,0.3439168175,28.1681120896954,same_id,interpolated_track_position_nearest_track_point_for_targets,ok,True,True,220200110640,21,2020-01-27 20:00:00,59.5,-149.0,983.44183,25.237,False,False,512,512,Solovieva_diploma_PL_training_images/png/Solovieva_PL_crop_00136_ID_220200110640_step_21.png,Solovieva_diploma_PL_training_images/npy/Solovieva_PL_crop_00136_ID_220200110640_step_21.npy,crop_00136_ID_220200110640_step_21_edd5a80b09.png,/content/drive/MyDrive/sentinel3/SLSTR/ml_manual_crops_010526/png/crop_00136_ID_220200110640_step_21_edd5a80b09.png,True,S3A_SL_1_RBT____20200127T203825_20200127T204125_20200129T015020_0179_054_171_1980_LN2_O_NT_004,,,,,,crop_00136_ID_220200110640_step_21_edd5a80b09.png,136,220200110640,21,220200110640,21,2020-01-27 21:00:00,59.5,-149.0,983.44183,,2020-01-27 20:39:21.899457,59.505245,-149.005274,оставлено прежнее значение,False,False,lookup_by_new_ID_step,False,True
Solovieva_PL_crop_00159_ID_220200112060_step_9,159,220200112060,9,2020-01-30,09:00:00,2020-01-30 09:00:00,57.75,168.5,1005.79309,18.127,2020-01-30 08:58:35.517093,60.122039,175.87556899999998,57.73826626291667,168.48826626291668,8.0,9.0,2020-01-30 08:00:00,2020-01-30 09:00:00,0.9765325258333334,499.54905928582656,498.2291128980952,0.0234674741666666,501.4264572191599,same_id,interpolated_track_position_nearest_track_point_for_targets,warning_distance,True,True,220200112060,9,2020-01-30 10:00:00,57.75,168.5,1005.79309,18.127,False,False,512,512,Solovieva_diploma_PL_training_images/png/Solovieva_PL_crop_00159_ID_220200112060_step_9.png,Solovieva_diploma_PL_training_images/npy/Solovieva_PL_crop_00159_ID_220200112060_step_9.npy,crop_00159_ID_220200112060_step_9_4c847a8a9a.png,/content/drive/MyDrive/sentinel3/SLSTR/ml_manual_crops_010526/png/crop_00159_ID_220200112060_step_9_4c847a8a9a.png,True,S3A_SL_1_RBT____20200130T085557_20200130T085857_20200131T123618_0180_054_207_0900_LN2_O_NT_004,,,,,,crop_00159_ID_220200112060_step_9_4c847a8a9a.png,159,220200112060,9,220200112060,9,2020-01-30 09:00:00,57.75,168.5,1005.79309,,2020-01-30 08:58:35.517093,60.122039,175.87556899999998,оставлено прежнее значение,False,False,lookup_by_new_ID_step,False,True
Solovieva_PL_crop_00160_ID_220200112060_step_10,160,220200112060,10,2020-01-30,10:00:00,2020-01-30 10:00:00,58.0,168.75,1005.40936,18.998,2020-01-30 09:59:02.459434,58.003906,168.753986,57.99600412736111,168.74600412736112,9.0,10.0,2020-01-30 09:00:00,2020-01-30 10:00:00,0.9840165094444444,0.9966093330713942,0.4937603660053465,0.0159834905555555,2.275288577515839,same_id,interpolated_track_position_nearest_track_point_for_targets,ok,True,True,220200112060,10,2020-01-30 11:00:00,58.0,168.75,1005.40936,18.998,False,False,512,512,Solovieva_diploma_PL_training_images/png/Solovieva_PL_crop_00160_ID_220200112060_step_10.png,Solovieva_diploma_PL_training_images/npy/Solovieva_PL_crop_00160_ID_220200112060_step_10.npy,crop_00160_ID_220200112060_step_10_96b7536b52.png,/content/drive/MyDrive/sentinel3/SLSTR/ml_manual_crops_010526/png/crop_00160_ID_220200112060_step_10_96b7536b52.png,True,S3B_SL_1_RBT____20200130T095721_20200130T100021_20200812T141956_0180_035_065_0900_LR1_R_NT_004,,,,,,crop_00160_ID_220200112060_step_10_96b7536b52.png,160,220200112060,10,220200112060,10,2020-01-30 10:00:00,58.0,168.75,1005.40936,,2020-01-30 09:59:02.459434,58.003906,168.753986,оставлено прежнее значение,False,False,lookup_by_new_ID_step,False,True
Solovieva_PL_crop_00161_ID_220200112060_step_11,161,220200112060,11,2020-01-30,11:00:00,2020-01-30 11:00:00,58.0,169.0,1005.00684,19.171,2020-01-30 10:38:18.755779,57.982,168.79017499999998,58.0,168.9096358179861,10.0,11.0,2020-01-30 10:00:00,2020-01-30 11:00:00,0.6385432719444445,7.31987391510872,12.527819907812756,0.3614567280555555,36.23641215955316,same_id,interpolated_track_position_nearest_track_point_for_targets,ok,True,True,220200112060,11,2020-01-30 12:00:00,58.0,169.0,1005.00684,19.171,False,False,512,512,Solovieva_diploma_PL_training_images/png/Solovieva_PL_crop_00161_ID_220200112060_step_11.png,Solovieva_diploma_PL_training_images/npy/Solovieva_PL_crop_00161_ID_220200112060_step_11.npy,crop_00161_ID_220200112060_step_11_e68387d0d2.png,/content/drive/MyDrive/sentinel3/SLSTR/ml_manual_crops_010526/png/crop_00161_ID_220200112060_step_11_e68387d0d2.png,True,S3A_SL_1_RBT____20200130T103656_20200130T103956_20200131T141822_0179_054_208_0900_LN2_O_NT_004,,,,,,crop_00161_ID_220200112060_step_11_e68387d0d2.png,161,220200112060,11,220200112060,11,2020-01-30 11:00:00,58.0,169.0,1005.00684,,2020-01-30 10:38:18.755779,57.982,168.79017499999998,оставлено прежнее значение,False,False,lookup_by_new_ID_step,False,True
Solovieva_PL_crop_00166_ID_220200112060_step_23,166,220200112060,23,2020-01-31,23:00:00,2020-01-31 23:00:00,59.75,169.5,1000.57812,25.686,2020-01-31 23:18:28.133902,57.610939,172.318601,59.75,169.5,23.0,24.0,2020-01-31 23:00:00,2020-02-01 00:00:00,0.3078149727777777,288.24216495786175,288.24216495786175,0.3078149727777778,312.867362780084,same_id,interpolated_track_position_nearest_track_point_for_targets,ok,True,True,220200112060,23,2020-01-31 00:00:00,59.75,169.5,1000.57812,25.686,False,False,512,512,Solovieva_diploma_PL_training_images/png/Solovieva_PL_crop_00166_ID_220200112060_step_23.png,Solovieva_diploma_PL_training_images/npy/Solovieva_PL_crop_00166_ID_220200112060_step_23.npy,crop_00166_ID_220200112060_step_23_261ab174e7.png,/content/drive/MyDrive/sentinel3/SLSTR/ml_manual_crops_010526/png/crop_00166_ID_220200112060_step_23_261ab174e7.png,True,S3B_SL_1_RBT____20200131T231703_20200131T232003_20200202T040058_0179_035_087_1980_LN2_O_NT_004,,,,,,crop_00166_ID_220200112060_step_23_261ab174e7.png,166,220200112060,23,220200112060,23,2020-01-31 23:00:00,59.75,169.5,1000.57812,,2020-01-31 23:18:28.133902,57.610939,172.318601,оставлено прежнее значение,False,False,lookup_by_new_ID_step,False,True
Solovieva_PL_crop_00163_ID_220200112750_step_6,163,220200112750,6,2020-01-31,06:00:00,2020-01-31 06:00:00,58.25,-148.0,985.94501,21.12,2020-01-31 06:11:06.256157,57.693711,-140.5015,58.25,-148.0,6.0,7.0,2020-01-31 06:00:00,2020-01-31 07:00:00,0.1850711547222222,446.2572705805322,446.2572705805322,0.1850711547222222,461.0629629583101,same_id,interpolated_track_position_nearest_track_point_for_targets,warning_distance,True,True,220200112750,6,2020-01-31 17:00:00,58.25,-148.0,985.94501,21.12,False,False,512,512,Solovieva_diploma_PL_training_images/png/Solovieva_PL_crop_00163_ID_220200112750_step_6.png,Solovieva_diploma_PL_training_images/npy/Solovieva_PL_crop_00163_ID_220200112750_step_6.npy,crop_00163_ID_220200112750_step_6_0dcd135501.png,/content/drive/MyDrive/sentinel3/SLSTR/ml_manual_crops_010526/png/crop_00163_ID_220200112750_step_6_0dcd135501.png,True,S3B_SL_1_RBT____20200131T060911_20200131T061211_20200812T143811_0179_035_077_0900_LR1_R_NT_004,,,,,,crop_00163_ID_220200112750_step_6_0dcd135501.png,163,220200112750,6,220200112750,6,2020-01-31 06:00:00,58.25,-148.0,985.94501,,2020-01-31 06:11:06.256157,57.693711,-140.5015,оставлено прежнее значение,False,False,lookup_by_new_ID_step,False,True
Solovieva_PL_crop_00175_ID_220200112750_step_20,175,220200112750,20,2020-02-01,20:00:00,2020-02-01 20:00:00,58.0,-146.25,986.82874,24.531,2020-02-01 20:10:17.507522,56.95801,-146.00736999999998,57.95711753319444,-146.1642350663889,20.0,21.0,2020-02-01 20:00:00,2020-02-01 21:00:00,0.1715298672222222,111.49112171120862,116.76811092399224,0.1715298672222222,125.2135110889864,same_id,interpolated_track_position_nearest_track_point_for_targets,ok,True,True,220200112750,20,2020-02-01 07:00:00,58.0,-146.25,986.82874,24.531,False,False,512,512,Solovieva_diploma_PL_training_images/png/Solovieva_PL_crop_00175_ID_220200112750_step_20.png,Solovieva_diploma_PL_training_images/npy/Solovieva_PL_crop_00175_ID_220200112750_step_20.npy,crop_00175_ID_220200112750_step_20_dab8e5259b.png,/content/drive/MyDrive/sentinel3/SLSTR/ml_manual_crops_010526/png/crop_00175_ID_220200112750_step_20_dab8e5259b.png,True,S3A_SL_1_RBT____20200201T200830_20200201T201130_20200203T014610_0179_054_242_1980_LN2_O_NT_004,,,,,,crop_00175_ID_220200112750_step_20_dab8e5259b.png,175,220200112750,20,220200112750,20,2020-02-01 20:00:00,58.0,-146.25,986.82874,,2020-02-01 20:10:17.507522,56.95801,-146.00736999999998,оставлено прежнее значение,False,False,lookup_by_new_ID_step,False,True
Solovieva_PL_crop_00227_ID_220200202190_step_8,227,220200202190,9,2020-02-06,09:00:00,2020-02-06 09:00:00,53.25,-178.0,985.77686,20.341,2020-02-06 08:36:00.118333,54.431758,-174.82329,53.25,-177.90000821756945,8.0,9.0,2020-02-06 08:00:00,2020-02-06 09:00:00,0.6000328702777777,240.82823329444537,246.34989758237765,0.3999671297222222,272.8256036722232,same_id,interpolated_track_position_nearest_track_point_for_targets,ok,True,True,220200202190,8,2020-02-06 01:00:00,53.25,-177.75,985.71686,21.037,False,True,512,512,Solovieva_diploma_PL_training_images/png/Solovieva_PL_crop_00227_ID_220200202190_step_8.png,Solovieva_diploma_PL_training_images/npy/Solovieva_PL_crop_00227_ID_220200202190_step_8.npy,crop_00227_ID_220200202190_step_8_a188837895.png,/content/drive/MyDrive/sentinel3/SLSTR/ml_manual_crops_010526/png/crop_00227_ID_220200202190_step_8_a188837895.png,True,S3B_SL_1_RBT____20200206T083503_20200206T083803_20200812T164044_0180_035_164_0900_LR1_R_NT_004,,,,,,crop_00227_ID_220200202190_step_8_a188837895.png,227,220200202190,8,220200202190,9,2020-02-06 09:00:00,53.25,-178.0,985.77686,,2020-02-06 08:36:00.118333,54.431758,-174.82329,pred_valid_20260508_1839.csv:rel_vort_850_smth,True,False,lookup_by_new_ID_step,False,True
Solovieva_PL_crop_00228_ID_220200202190_step_9,228,220200202190,9,2020-02-06,09:00:00,2020-02-06 09:00:00,53.25,-178.0,985.77686,20.341,2020-02-06 08:35:59.518348,54.380931,-174.84345,53.25,-177.89996655194443,8.0,9.0,2020-02-06 08:00:00,2020-02-06 09:00:00,0.5998662077777778,236.77294505735392,242.36031963723377,0.4001337922222222,268.7836484351317,same_id,interpolated_track_position_nearest_track_point_for_targets,ok,True,True,220200202190,9,2020-02-06 02:00:00,53.25,-178.0,985.77686,20.341,False,False,512,512,Solovieva_diploma_PL_training_images/png/Solovieva_PL_crop_00228_ID_220200202190_step_9.png,Solovieva_diploma_PL_training_images/npy/Solovieva_PL_crop_00228_ID_220200202190_step_9.npy,crop_00228_ID_220200202190_step_9_eda8a22b55.png,/content/drive/MyDrive/sentinel3/SLSTR/ml_manual_crops_010526/png/crop_00228_ID_220200202190_step_9_eda8a22b55.png,True,S3B_SL_1_RBT____20200206T083503_20200206T083803_20200207T123147_0179_035_164_0900_LN2_O_NT_004,,,,,,crop_00228_ID_220200202190_step_9_eda8a22b55.png,228,220200202190,9,220200202190,9,2020-02-06 09:00:00,53.25,-178.0,985.77686,,2020-02-06 08:35:59.518348,54.380931,-174.84345,pred_valid_20260508_1839.csv:rel_vort_850_smth,False,False,lookup_by_new_ID_step,False,True
Solovieva_PL_crop_00296_ID_220200206310_step_23,296,220200206310,23,2020-02-16,23:00:00,2020-02-16 23:00:00,51.75,175.75,985.68372,30.254000000000005,2020-02-16 23:04:45.955794,52.665848,177.524942,51.76985804125,175.76985804125002,23.0,24.0,2020-02-16 23:00:00,2020-02-17 00:00:00,0.079432165,155.62556985670304,158.10090566606195,0.079432165,161.98014305670304,same_id,interpolated_track_position_nearest_track_point_for_targets,ok,True,True,220200206310,23,2020-02-16 03:00:00,51.75,175.75,985.68372,30.254000000000005,False,False,512,512,Solovieva_diploma_PL_training_images/png/Solovieva_PL_crop_00296_ID_220200206310_step_23.png,Solovieva_diploma_PL_training_images/npy/Solovieva_PL_crop_00296_ID_220200206310_step_23.npy,crop_00296_ID_220200206310_step_23_18ee64021b.png,/content/drive/MyDrive/sentinel3/SLSTR/ml_manual_crops_010526/png/crop_00296_ID_220200206310_step_23_18ee64021b.png,True,S3B_SL_1_RBT____20200216T230207_20200216T230507_20200218T050856_0179_035_315_1980_LN2_O_NT_004,,,,,,crop_00296_ID_220200206310_step_23_18ee64021b.png,296,220200206310,23,220200206310,23,2020-02-16 23:00:00,51.75,175.75,985.68372,,2020-02-16 23:04:45.955794,52.665848,177.524942,оставлено прежнее значение,False,False,lookup_by_new_ID_step,False,True
Solovieva_PL_crop_00299_ID_220200207410_step_0,299,220200207410,0,2020-02-18,00:00:00,2020-02-18 00:00:00,54.75,168.0,999.47998,16.367,2020-02-18 00:17:52.122527,58.204521,163.793854,54.75,168.0,0.0,1.0,2020-02-18 00:00:00,2020-02-18 01:00:00,0.2978118130555555,462.6988514565974,462.6988514565974,0.2978118130555555,486.5237965010419,same_id,interpolated_track_position_nearest_track_point_for_targets,warning_distance,True,True,220200207410,0,2020-02-18 12:00:00,54.75,168.0,999.47998,16.367,False,False,512,512,Solovieva_diploma_PL_training_images/png/Solovieva_PL_crop_00299_ID_220200207410_step_0.png,Solovieva_diploma_PL_training_images/npy/Solovieva_PL_crop_00299_ID_220200207410_step_0.npy,crop_00299_ID_220200207410_step_0_8daf9e8064.png,/content/drive/MyDrive/sentinel3/SLSTR/ml_manual_crops_010526/png/crop_00299_ID_220200207410_step_0_8daf9e8064.png,True,S3B_SL_1_RBT____20200218T001655_20200218T001955_20200219T061724_0179_035_330_1980_LN2_O_NT_004,,,,,,crop_00299_ID_220200207410_step_0_8daf9e8064.png,299,220200207410,0,220200207410,0,2020-02-18 00:00:00,54.75,168.0,999.47998,,2020-02-18 00:17:52.122527,58.204521,163.793854,оставлено прежнее значение,False,False,lookup_by_new_ID_step,False,True
Solovieva_PL_crop_00300_ID_220200207410_step_10,300,220200207410,10,2020-02-18,10:00:00,2020-02-18 10:00:00,55.75,167.75,996.80621,27.096,2020-02-18 10:06:33.203385,57.913999,166.06566399999997,55.777305790625,167.722694209375,10.0,11.0,2020-02-18 10:00:00,2020-02-18 11:00:00,0.1092231625,258.0559687553624,261.51355518843724,0.1092231625,266.7938217553624,same_id,interpolated_track_position_nearest_track_point_for_targets,ok,True,True,220200207410,10,2020-02-18 22:00:00,55.75,167.75,996.80621,27.096,False,False,512,512,Solovieva_diploma_PL_training_images/png/Solovieva_PL_crop_00300_ID_220200207410_step_10.png,Solovieva_diploma_PL_training_images/npy/Solovieva_PL_crop_00300_ID_220200207410_step_10.npy,crop_00300_ID_220200207410_step_10_e2b4457752.png,/content/drive/MyDrive/sentinel3/SLSTR/ml_manual_crops_010526/png/crop_00300_ID_220200207410_step_10_e2b4457752.png,True,S3B_SL_1_RBT____20200218T100451_20200218T100751_20200219T144151_0179_035_336_0900_LN2_O_NT_004,,,,,,crop_00300_ID_220200207410_step_10_e2b4457752.png,300,220200207410,10,220200207410,10,2020-02-18 10:00:00,55.75,167.75,996.80621,,2020-02-18 10:06:33.203385,57.913999,166.06566399999997,оставлено прежнее значение,False,False,lookup_by_new_ID_step,False,True
Solovieva_PL_crop_00301_ID_220200207410_step_11,301,220200207410,11,2020-02-18,11:00:00,2020-02-18 11:00:00,56.0,167.5,996.89374,26.815,2020-02-18 10:45:41.332241,57.504833,165.46326899999997,55.94037029451389,167.55962970548617,10.0,11.0,2020-02-18 10:00:00,2020-02-18 11:00:00,0.7614811780555556,215.8980720277021,208.34661383712168,0.2385188219444444,234.9795777832577,same_id,interpolated_track_position_nearest_track_point_for_targets,ok,True,True,220200207410,11,2020-02-18 23:00:00,56.0,167.5,996.89374,26.815,False,False,512,512,Solovieva_diploma_PL_training_images/png/Solovieva_PL_crop_00301_ID_220200207410_step_11.png,Solovieva_diploma_PL_training_images/npy/Solovieva_PL_crop_00301_ID_220200207410_step_11.npy,crop_00301_ID_220200207410_step_11_b4b3bb5e8e.png,/content/drive/MyDrive/sentinel3/SLSTR/ml_manual_crops_010526/png/crop_00301_ID_220200207410_step_11_b4b3bb5e8e.png,True,S3A_SL_1_RBT____20200218T104424_20200218T104724_20200219T154721_0179_055_094_0900_LN2_O_NT_004,,,,,,crop_00301_ID_220200207410_step_11_b4b3bb5e8e.png,301,220200207410,11,220200207410,11,2020-02-18 11:00:00,56.0,167.5,996.89374,,2020-02-18 10:45:41.332241,57.504833,165.46326899999997,оставлено прежнее значение,False,False,lookup_by_new_ID_step,False,True
Solovieva_PL_crop_00308_ID_220200207410_step_23,308,220200207410,23,2020-02-19,23:00:00,2020-02-19 23:00:00,57.0,163.5,1002.40875,30.367,2020-02-19 23:25:53.761984,58.464642,166.54977199999996,57.0,163.5,23.0,24.0,2020-02-19 23:00:00,2020-02-20 00:00:00,0.4316005511111111,243.47697688350087,243.47697688350087,0.4316005511111111,278.00502097238984,same_id,interpolated_track_position_nearest_track_point_for_targets,ok,True,True,220200207410,23,2020-02-19 11:00:00,57.0,163.5,1002.40875,30.367,False,False,512,512,Solovieva_diploma_PL_training_images/png/Solovieva_PL_crop_00308_ID_220200207410_step_23.png,Solovieva_diploma_PL_training_images/npy/Solovieva_PL_crop_00308_ID_220200207410_step_23.npy,crop_00308_ID_220200207410_step_23_639efb47ee.png,/content/drive/MyDrive/sentinel3/SLSTR/ml_manual_crops_010526/png/crop_00308_ID_220200207410_step_23_639efb47ee.png,True,S3B_SL_1_RBT____20200219T232434_20200219T232734_20200221T044621_0179_035_358_1980_LN2_O_NT_004,,,,,,crop_00308_ID_220200207410_step_23_639efb47ee.png,308,220200207410,23,220200207410,23,2020-02-19 23:00:00,57.0,163.5,1002.40875,,2020-02-19 23:25:53.761984,58.464642,166.54977199999996,оставлено прежнее значение,False,False,lookup_by_new_ID_step,False,True
Solovieva_PL_crop_00309_ID_220200207810_step_10,309,220200207810,10,2020-02-20,10:00:00,2020-02-20 10:00:00,54.75,163.75,1005.16125,19.912,2020-02-20 09:53:02.378218,54.56377,165.91560199999998,54.75,163.75,9.0,10.0,2020-02-20 09:00:00,2020-02-20 10:00:00,0.8839939494444444,140.82315412568605,140.82315412568605,0.1160060505555555,150.1036381701305,same_id,interpolated_track_position_nearest_track_point_for_targets,ok,True,True,220200207810,10,2020-02-20 04:00:00,54.75,163.75,1005.16125,19.912,False,False,512,512,Solovieva_diploma_PL_training_images/png/Solovieva_PL_crop_00309_ID_220200207810_step_10.png,Solovieva_diploma_PL_training_images/npy/Solovieva_PL_crop_00309_ID_220200207810_step_10.npy,crop_00309_ID_220200207810_step_10_a16229d2fd.png,/content/drive/MyDrive/sentinel3/SLSTR/ml_manual_crops_010526/png/crop_00309_ID_220200207810_step_10_a16229d2fd.png,True,S3A_SL_1_RBT____20200220T095203_20200220T095503_20200221T142107_0179_055_122_0900_LN2_O_NT_004,,,,,,crop_00309_ID_220200207810_step_10_a16229d2fd.png,309,220200207810,10,220200207810,10,2020-02-20 10:00:00,54.75,163.75,1005.16125,,2020-02-20 09:53:02.378218,54.56377,165.91560199999998,оставлено прежнее значение,False,False,lookup_by_new_ID_step,False,True
Solovieva_PL_crop_00312_ID_220200208280_step_9,312,220200208280,9,2020-02-21,09:00:00,2020-02-21 09:00:00,58.75,170.25,1005.15375,18.773,2020-02-21 09:28:10.347612,59.004029,169.32716900000003,58.75,170.3673852508333,9.0,10.0,2020-02-21 09:00:00,2020-02-21 10:00:00,0.4695410033333333,66.12151302464274,60.09086227975093,0.4695410033333333,103.6847932913094,same_id,interpolated_track_position_nearest_track_point_for_targets,ok,True,True,220200208280,9,2020-02-21 21:00:00,58.75,170.25,1005.15375,18.773,False,False,512,512,Solovieva_diploma_PL_training_images/png/Solovieva_PL_crop_00312_ID_220200208280_step_9.png,Solovieva_diploma_PL_training_images/npy/Solovieva_PL_crop_00312_ID_220200208280_step_9.npy,crop_00312_ID_220200208280_step_9_b58e92f5f3.png,/content/drive/MyDrive/sentinel3/SLSTR/ml_manual_crops_010526/png/crop_00312_ID_220200208280_step_9_b58e92f5f3.png,True,S3A_SL_1_RBT____20200221T092552_20200221T092852_20200222T151826_0179_055_136_0900_LN2_O_NT_004,,,,,,crop_00312_ID_220200208280_step_9_b58e92f5f3.png,312,220200208280,9,220200208280,9,2020-02-21 09:00:00,58.75,170.25,1005.15375,,2020-02-21 09:28:10.347612,59.004029,169.32716900000003,pred_valid_20260508_1839.csv:rel_vort_850_smth,False,False,lookup_by_new_ID_step,False,True
Solovieva_PL_crop_00429_ID_220200210300_step_11,429,220200210300,11,2020-02-28,11:00:00,2020-02-28 11:00:00,51.25,160.0,999.30933,16.384999999999998,2020-02-28 10:44:59.634525,47.67103,156.10208999999998,51.312525380208335,160.06252538020834,10.0,11.0,2020-02-28 10:00:00,2020-02-28 11:00:00,0.7498984791666666,495.6037249445103,487.4313325268382,0.2501015208333333,515.6118466111769,same_id,interpolated_track_position_nearest_track_point_for_targets,warning_distance,True,True,220200210300,11,2020-02-28 11:00:00,51.25,160.0,999.30933,16.384999999999998,False,False,512,512,Solovieva_diploma_PL_training_images/png/Solovieva_PL_crop_00429_ID_220200210300_step_11.png,Solovieva_diploma_PL_training_images/npy/Solovieva_PL_crop_00429_ID_220200210300_step_11.npy,crop_00429_ID_220200210300_step_11_c8f97fcc52.png,/content/drive/MyDrive/sentinel3/SLSTR/ml_manual_crops_010526/png/crop_00429_ID_220200210300_step_11_c8f97fcc52.png,True,S3B_SL_1_RBT____20200228T104301_20200228T104601_20200229T144724_0180_036_094_0720_LN2_O_NT_004,,,,,,crop_00429_ID_220200210300_step_11_c8f97fcc52.png,429,220200210300,11,220200210300,11,2020-02-28 11:00:00,51.25,160.0,999.30933,,2020-02-28 10:44:59.634525,47.67103,156.10208999999998,оставлено прежнее значение,False,False,lookup_by_new_ID_step,False,True
Solovieva_PL_crop_00490_ID_220200210750_step_33,490,220200210750,33,2020-03-03,09:00:00,2020-03-03 09:00:00,53.0,-179.0,998.62061,23.899,2020-03-03 09:00:34.961825,48.734175,-178.229356,53.0,-179.0024279045139,33.0,34.0,2020-03-03 09:00:00,2020-03-03 10:00:00,0.0097116180555555,477.4226513228599,477.4033693667849,0.0097116180555555,478.1995807673043,same_id,interpolated_track_position_nearest_track_point_for_targets,warning_distance,True,True,220200210750,33,2020-03-02 00:00:00,53.0,-179.0,998.62061,23.899,False,False,512,512,Solovieva_diploma_PL_training_images/png/Solovieva_PL_crop_00490_ID_220200210750_step_33.png,Solovieva_diploma_PL_training_images/npy/Solovieva_PL_crop_00490_ID_220200210750_step_33.npy,crop_00490_ID_220200210750_step_33_c199cbf837.png,/content/drive/MyDrive/sentinel3/SLSTR/ml_manual_crops_010526/png/crop_00490_ID_220200210750_step_33_c199cbf837.png,True,S3B_SL_1_RBT____20200303T085818_20200303T090118_20200304T134816_0180_036_150_0720_LN2_O_NT_004,,,,,,crop_00490_ID_220200210750_step_33_c199cbf837.png,490,220200210750,33,220200210750,33,2020-03-03 09:00:00,53.0,-179.0,998.62061,,2020-03-03 09:00:34.961825,48.734175,-178.229356,pred_valid_20260508_1839.csv:rel_vort_850_smth,False,False,lookup_by_new_ID_step,False,True
Solovieva_PL_crop_00586_ID_220200304500_step_24,586,220200304500,24,2020-03-15,00:00:00,2020-03-15 00:00:00,57.75,150.0,988.15997,26.864,2020-03-14 23:42:37.872903,60.295572,157.13217299999997,57.82236993729167,150.0,23.0,24.0,2020-03-14 23:00:00,2020-03-15 00:00:00,0.7105202508333334,491.4221376961604,496.3089393278162,0.2894797491666667,514.5805176294938,same_id,interpolated_track_position_nearest_track_point_for_targets,warning_distance,True,True,220200304500,24,2020-03-14 08:00:00,57.75,150.0,988.15997,26.864,False,False,512,512,Solovieva_diploma_PL_training_images/png/Solovieva_PL_crop_00586_ID_220200304500_step_24.png,Solovieva_diploma_PL_training_images/npy/Solovieva_PL_crop_00586_ID_220200304500_step_24.npy,crop_00586_ID_220200304500_step_24_bf9f7ff7ed.png,/content/drive/MyDrive/sentinel3/SLSTR/ml_manual_crops_010526/png/crop_00586_ID_220200304500_step_24_bf9f7ff7ed.png,True,S3A_SL_1_RBT____20200314T234140_20200314T234440_20200316T054601_0179_056_073_1980_LN2_O_NT_004,,,,,,crop_00586_ID_220200304500_step_24_bf9f7ff7ed.png,586,220200304500,24,220200304500,24,2020-03-15 00:00:00,57.75,150.0,988.15997,,2020-03-14 23:42:37.872903,60.295572,157.13217299999997,оставлено прежнее значение,False,False,lookup_by_new_ID_step,False,True
Solovieva_PL_crop_00737_ID_220200311160_step_6,737,220200311160,6,2020-03-30,06:00:00,2020-03-30 06:00:00,53.0,-138.0,988.13812,18.38,2020-03-30 06:18:33.416049,50.327167,-136.652571,52.92267944104167,-137.92267944104168,6.0,7.0,2020-03-30 06:00:00,2020-03-30 07:00:00,0.3092822358333333,301.618646766961,311.3817404924972,0.3092822358333333,326.36122563362767,same_id,interpolated_track_position_nearest_track_point_for_targets,warning_distance,True,True,220200311160,6,2020-03-30 04:00:00,53.0,-138.0,988.13812,18.38,False,False,512,512,Solovieva_diploma_PL_training_images/png/Solovieva_PL_crop_00737_ID_220200311160_step_6.png,Solovieva_diploma_PL_training_images/npy/Solovieva_PL_crop_00737_ID_220200311160_step_6.npy,crop_00737_ID_220200311160_step_6_81cf572146.png,/content/drive/MyDrive/sentinel3/SLSTR/ml_manual_crops_010526/png/crop_00737_ID_220200311160_step_6_81cf572146.png,True,S3A_SL_1_RBT____20200330T061554_20200330T061854_20200331T121000_0179_056_291_0720_LN2_O_NT_004,,,,,,crop_00737_ID_220200311160_step_6_81cf572146.png,737,220200311160,6,220200311160,6,2020-03-30 06:00:00,53.0,-138.0,988.13812,,2020-03-30 06:18:33.416049,50.327167,-136.652571,оставлено прежнее значение,False,False,lookup_by_new_ID_step,False,True
Solovieva_PL_crop_00740_ID_220200311160_step_7,740,220200311160,7,2020-03-30,07:00:00,2020-03-30 07:00:00,52.75,-137.75,988.88434,17.431,2020-03-30 07:19:59.506796,51.952932,-140.834108,52.66670091694444,-137.66670091694445,7.0,8.0,2020-03-30 07:00:00,2020-03-30 08:00:00,0.3331963322222222,229.46892265376536,227.42618261367616,0.3331963322222221,256.1246292315431,same_id,interpolated_track_position_nearest_track_point_for_targets,ok,True,True,220200311160,7,2020-03-30 05:00:00,52.75,-137.75,988.88434,17.431,False,False,512,512,Solovieva_diploma_PL_training_images/png/Solovieva_PL_crop_00740_ID_220200311160_step_7.png,Solovieva_diploma_PL_training_images/npy/Solovieva_PL_crop_00740_ID_220200311160_step_7.npy,crop_00740_ID_220200311160_step_7_ded26124b1.png,/content/drive/MyDrive/sentinel3/SLSTR/ml_manual_crops_010526/png/crop_00740_ID_220200311160_step_7_ded26124b1.png,True,S3B_SL_1_RBT____20200330T071720_20200330T072020_20200331T121159_0179_037_149_0720_LN2_O_NT_004,,,,,,crop_00740_ID_220200311160_step_7_ded26124b1.png,740,220200311160,7,220200311160,7,2020-03-30 07:00:00,52.75,-137.75,988.88434,,2020-03-30 07:19:59.506796,51.952932,-140.834108,оставлено прежнее значение,False,False,lookup_by_new_ID_step,False,True
Solovieva_PL_crop_00750_ID_220200311160_step_20,750,220200311160,20,2020-03-30,20:00:00,2020-03-30 20:00:00,52.0,-132.0,993.00433,17.833,2020-03-30 20:07:15.292832,53.063574,-136.54818,52.03022866888889,-132.0302286688889,20.0,21.0,2020-03-30 20:00:00,2020-03-30 21:00:00,0.1209146755555555,326.32255660713435,329.5245150916698,0.1209146755555555,335.9957306515788,same_id,interpolated_track_position_nearest_track_point_for_targets,warning_distance,True,True,220200311160,20,2020-03-30 18:00:00,52.0,-132.0,993.00433,17.833,False,False,512,512,Solovieva_diploma_PL_training_images/png/Solovieva_PL_crop_00750_ID_220200311160_step_20.png,Solovieva_diploma_PL_training_images/npy/Solovieva_PL_crop_00750_ID_220200311160_step_20.npy,crop_00750_ID_220200311160_step_20_8cfddf30e9.png,/content/drive/MyDrive/sentinel3/SLSTR/ml_manual_crops_010526/png/crop_00750_ID_220200311160_step_20_8cfddf30e9.png,True,S3A_SL_1_RBT____20200330T200448_20200330T200748_20200401T024743_0179_056_299_1980_LN2_O_NT_004,,,,,,crop_00750_ID_220200311160_step_20_8cfddf30e9.png,750,220200311160,20,220200311160,20,2020-03-30 20:00:00,52.0,-132.0,993.00433,,2020-03-30 20:07:15.292832,53.063574,-136.54818,оставлено прежнее значение,False,False,lookup_by_new_ID_step,False,True
Solovieva_PL_crop_00749_ID_220200311250_step_19,749,220200311250,19,2020-03-30,19:00:00,2020-03-30 19:00:00,52.5,-136.5,995.27875,19.344,2020-03-30 19:27:54.066607,53.8839,-136.01090299999998,52.26749074902778,-136.2674907490278,19.0,20.0,2020-03-30 19:00:00,2020-03-30 20:00:00,0.4650185019444444,180.55160763055792,157.29355572415994,0.4650185019444444,217.7530877861135,same_id,interpolated_track_position_nearest_track_point_for_targets,ok,True,True,220200311250,19,2020-03-30 20:00:00,52.5,-136.5,995.27875,19.344,False,False,512,512,Solovieva_diploma_PL_training_images/png/Solovieva_PL_crop_00749_ID_220200311250_step_19.png,Solovieva_diploma_PL_training_images/npy/Solovieva_PL_crop_00749_ID_220200311250_step_19.npy,crop_00749_ID_220200311250_step_19_7eaab2d29e.png,/content/drive/MyDrive/sentinel3/SLSTR/ml_manual_crops_010526/png/crop_00749_ID_220200311250_step_19_7eaab2d29e.png,True,S3B_SL_1_RBT____20200330T192514_20200330T192814_20200331T235611_0179_037_156_1980_LN2_O_NT_004,,,,,,crop_00749_ID_220200311250_step_19_7eaab2d29e.png,749,220200311250,19,220200311250,19,2020-03-30 19:00:00,52.5,-136.5,995.27875,,2020-03-30 19:27:54.066607,53.8839,-136.01090299999998,оставлено прежнее значение,False,False,lookup_by_new_ID_step,False,True
Solovieva_PL_crop_00783_ID_220200401690_step_32,783,220200401690,32,2020-04-07,08:00:00,2020-04-07 08:00:00,58.0,-169.25,1008.4837,37.667,2020-04-07 07:54:12.107443,57.325812,-165.373955,58.0,-169.27415920534722,31.0,32.0,2020-04-07 07:00:00,2020-04-07 08:00:00,0.9033631786111112,243.74794569955992,242.38168226541387,0.0966368213888888,251.47889141067105,same_id,interpolated_track_position_nearest_track_point_for_targets,ok,True,True,220200401690,32,2020-04-06 22:00:00,58.0,-169.25,1008.4837,37.667,False,False,512,512,Solovieva_diploma_PL_training_images/png/Solovieva_PL_crop_00783_ID_220200401690_step_32.png,Solovieva_diploma_PL_training_images/npy/Solovieva_PL_crop_00783_ID_220200401690_step_32.npy,crop_00783_ID_220200401690_step_32_faf3f1638e.png,/content/drive/MyDrive/sentinel3/SLSTR/ml_manual_crops_010526/png/crop_00783_ID_220200401690_step_32_faf3f1638e.png,True,S3A_SL_1_RBT____20200407T075226_20200407T075526_20200408T121029_0179_057_021_0900_LN2_O_NT_004,,,,,,crop_00783_ID_220200401690_step_32_faf3f1638e.png,783,220200401690,32,220200401690,32,2020-04-07 08:00:00,58.0,-169.25,1008.4837,,2020-04-07 07:54:12.107443,57.325812,-165.373955,оставлено прежнее значение,False,False,lookup_by_new_ID_step,False,True
Solovieva_PL_crop_00785_ID_220200401690_step_33,785,220200401690,33,2020-04-07,09:00:00,2020-04-07 09:00:00,57.75,-169.0,1008.18811,36.983,2020-04-07 08:54:55.531702,56.980006,-165.481075,57.77114363180556,-169.02114363180556,32.0,33.0,2020-04-07 08:00:00,2020-04-07 09:00:00,0.9154254727777776,229.6971798353457,227.6896162040813,0.0845745272222222,236.4631420131235,same_id,interpolated_track_position_nearest_track_point_for_targets,ok,True,True,220200401690,33,2020-04-06 23:00:00,57.75,-169.0,1008.18811,36.983,False,False,512,512,Solovieva_diploma_PL_training_images/png/Solovieva_PL_crop_00785_ID_220200401690_step_33.png,Solovieva_diploma_PL_training_images/npy/Solovieva_PL_crop_00785_ID_220200401690_step_33.npy,crop_00785_ID_220200401690_step_33_a57dbe79fa.png,/content/drive/MyDrive/sentinel3/SLSTR/ml_manual_crops_010526/png/crop_00785_ID_220200401690_step_33_a57dbe79fa.png,True,S3B_SL_1_RBT____20200407T085350_20200407T085650_20200408T134544_0179_037_264_0900_LN2_O_NT_004,,,,,,crop_00785_ID_220200401690_step_33_a57dbe79fa.png,785,220200401690,33,220200401690,33,2020-04-07 09:00:00,57.75,-169.0,1008.18811,,2020-04-07 08:54:55.531702,56.980006,-165.481075,оставлено прежнее значение,False,False,lookup_by_new_ID_step,False,True
Solovieva_PL_crop_00920_ID_220201008000_step_0,920,220201008000,0,2020-10-26,00:00:00,2020-10-26 00:00:00,80.0,152.25,994.82373,17.063,2020-10-26 00:06:00.902745,76.323021,157.507588,79.924811928125,151.974310403125,0.0,1.0,2020-10-26 00:00:00,2020-10-26 01:00:00,0.1002507625,419.59320738546967,425.6768465224868,0.1002507624999999,427.61326838546967,same_id,interpolated_track_position_nearest_track_point_for_targets,warning_distance,True,True,220201008000,0,2020-10-26 03:00:00,80.0,152.25,994.82373,17.063,False,False,512,512,Solovieva_diploma_PL_training_images/png/Solovieva_PL_crop_00920_ID_220201008000_step_0.png,Solovieva_diploma_PL_training_images/npy/Solovieva_PL_crop_00920_ID_220201008000_step_0.npy,crop_00920_ID_220201008000_step_0_6c931e10de.png,/content/drive/MyDrive/sentinel3/SLSTR/ml_manual_crops_010526/png/crop_00920_ID_220201008000_step_0_6c931e10de.png,True,S3B_SL_1_RBT____20201026T000339_20201026T000639_20201027T055145_0179_045_059_1620_LN2_O_NT_004,,,,,,crop_00920_ID_220201008000_step_0_6c931e10de.png,920,220201008000,0,220201008000,0,2020-10-26 00:00:00,80.0,152.25,994.82373,,2020-10-26 00:06:00.902745,76.323021,157.507588,pred_valid_20260508_1839.csv:rel_vort_850_smth,False,False,lookup_by_new_ID_step,False,True
Solovieva_PL_crop_00921_ID_220201008000_step_1,921,220201008000,1,2020-10-26,01:00:00,2020-10-26 01:00:00,79.25,149.5,994.38373,17.638,2020-10-26 00:45:20.998528,76.418708,152.57453399999997,79.43312530666667,150.1714594577778,0.0,1.0,2020-10-26 00:00:00,2020-10-26 01:00:00,0.7558329244444445,339.74498758220903,322.8546773292763,0.2441670755555555,359.2783536266535,same_id,interpolated_track_position_nearest_track_point_for_targets,warning_distance,True,True,220201008000,1,2020-10-26 04:00:00,79.25,149.5,994.38373,17.638,False,False,512,512,Solovieva_diploma_PL_training_images/png/Solovieva_PL_crop_00921_ID_220201008000_step_1.png,Solovieva_diploma_PL_training_images/npy/Solovieva_PL_crop_00921_ID_220201008000_step_1.npy,crop_00921_ID_220201008000_step_1_2e8bd855b4.png,/content/drive/MyDrive/sentinel3/SLSTR/ml_manual_crops_010526/png/crop_00921_ID_220201008000_step_1_2e8bd855b4.png,True,S3A_SL_1_RBT____20201026T004305_20201026T004605_20201027T051641_0179_064_202_1620_LN2_O_NT_004,,,,,,crop_00921_ID_220201008000_step_1_2e8bd855b4.png,921,220201008000,1,220201008000,1,2020-10-26 01:00:00,79.25,149.5,994.38373,,2020-10-26 00:45:20.998528,76.418708,152.57453399999997,pred_valid_20260508_1839.csv:rel_vort_850_smth,False,False,lookup_by_new_ID_step,False,True
Solovieva_PL_crop_00922_ID_220201008000_step_2,922,220201008000,2,2020-10-26,02:00:00,2020-10-26 02:00:00,79.0,149.5,994.25372,18.918,2020-10-26 01:46:28.593723,76.397627,153.14689799999996,79.056347658125,149.5,1.0,2.0,2020-10-26 01:00:00,2020-10-26 02:00:00,0.7746093675,307.8036952023176,301.85251475025933,0.2253906325,325.83494580231763,same_id,interpolated_track_position_nearest_track_point_for_targets,warning_distance,True,True,220201008000,2,2020-10-26 05:00:00,79.0,149.5,994.25372,18.918,False,False,512,512,Solovieva_diploma_PL_training_images/png/Solovieva_PL_crop_00922_ID_220201008000_step_2.png,Solovieva_diploma_PL_training_images/npy/Solovieva_PL_crop_00922_ID_220201008000_step_2.npy,crop_00922_ID_220201008000_step_2_962780e394.png,/content/drive/MyDrive/sentinel3/SLSTR/ml_manual_crops_010526/png/crop_00922_ID_220201008000_step_2_962780e394.png,True,S3B_SL_1_RBT____20201026T014438_20201026T014738_20201027T073212_0179_045_060_1620_LN2_O_NT_004,,,,,,crop_00922_ID_220201008000_step_2_962780e394.png,922,220201008000,2,220201008000,2,2020-10-26 02:00:00,79.0,149.5,994.25372,,2020-10-26 01:46:28.593723,76.397627,153.14689799999996,pred_valid_20260508_1839.csv:rel_vort_850_smth,False,False,lookup_by_new_ID_step,False,True
Solovieva_PL_crop_00924_ID_220201008000_step_4,924,220201008000,4,2020-10-26,04:00:00,2020-10-26 04:00:00,78.75,150.75,994.08563,21.739,2020-10-26 04:04:43.275162,78.611325,157.79472299999998,78.73032811375,150.80901565875,4.0,5.0,2020-10-26 04:00:00,2020-10-26 05:00:00,0.078687545,153.07401983055047,154.4270390041423,0.078687545,159.36902343055047,same_id,interpolated_track_position_nearest_track_point_for_targets,ok,True,True,220201008000,4,2020-10-26 07:00:00,78.75,150.75,994.08563,21.739,False,False,512,512,Solovieva_diploma_PL_training_images/png/Solovieva_PL_crop_00924_ID_220201008000_step_4.png,Solovieva_diploma_PL_training_images/npy/Solovieva_PL_crop_00924_ID_220201008000_step_4.npy,crop_00924_ID_220201008000_step_4_6e29d71136.png,/content/drive/MyDrive/sentinel3/SLSTR/ml_manual_crops_010526/png/crop_00924_ID_220201008000_step_4_6e29d71136.png,True,S3A_SL_1_RBT____20201026T040204_20201026T040504_20201027T093312_0179_064_204_1440_LN2_O_NT_004,,,,,,crop_00924_ID_220201008000_step_4_6e29d71136.png,924,220201008000,4,220201008000,4,2020-10-26 04:00:00,78.75,150.75,994.08563,,2020-10-26 04:04:43.275162,78.611325,157.79472299999998,pred_valid_20260508_1839.csv:rel_vort_850_smth,False,False,lookup_by_new_ID_step,False,True
Solovieva_PL_crop_00928_ID_220201008000_step_8,928,220201008000,8,2020-10-26,08:00:00,2020-10-26 08:00:00,77.75,155.0,994.59186,28.189000000000004,2020-10-26 08:24:23.565511,77.139686,162.538955,77.64836350618056,155.40654597527777,8.0,9.0,2020-10-26 08:00:00,2020-10-26 09:00:00,0.4065459752777778,181.960832924048,194.2872472916902,0.4065459752777778,214.48451094627023,same_id,interpolated_track_position_nearest_track_point_for_targets,ok,True,True,220201008000,8,2020-10-26 11:00:00,77.75,155.0,994.59186,28.189000000000004,False,False,512,512,Solovieva_diploma_PL_training_images/png/Solovieva_PL_crop_00928_ID_220201008000_step_8.png,Solovieva_diploma_PL_training_images/npy/Solovieva_PL_crop_00928_ID_220201008000_step_8.npy,crop_00928_ID_220201008000_step_8_8be60250d4.png,/content/drive/MyDrive/sentinel3/SLSTR/ml_manual_crops_010526/png/crop_00928_ID_220201008000_step_8_8be60250d4.png,True,S3B_SL_1_RBT____20201026T082235_20201026T082535_20201027T141223_0179_045_064_1260_LN2_O_NT_004,,,,,,crop_00928_ID_220201008000_step_8_8be60250d4.png,928,220201008000,8,220201008000,8,2020-10-26 08:00:00,77.75,155.0,994.59186,,2020-10-26 08:24:23.565511,77.139686,162.538955,pred_valid_20260508_1839.csv:rel_vort_850_smth,False,False,lookup_by_new_ID_step,False,True
Solovieva_PL_crop_00929_ID_220201008000_step_9,929,220201008000,9,2020-10-26,09:00:00,2020-10-26 09:00:00,77.5,156.0,994.64996,30.188,2020-10-26 09:03:26.590778,77.189497,163.17371200000002,77.48565341819445,156.11477265444444,9.0,10.0,2020-10-26 09:00:00,2020-10-26 10:00:00,0.0573863272222222,175.06906603106177,178.017873389078,0.0573863272222222,179.65997220883955,same_id,interpolated_track_position_nearest_track_point_for_targets,ok,True,True,220201008000,9,2020-10-26 12:00:00,77.5,156.0,994.64996,30.188,False,False,512,512,Solovieva_diploma_PL_training_images/png/Solovieva_PL_crop_00929_ID_220201008000_step_9.png,Solovieva_diploma_PL_training_images/npy/Solovieva_PL_crop_00929_ID_220201008000_step_9.npy,crop_00929_ID_220201008000_step_9_aaee1869e8.png,/content/drive/MyDrive/sentinel3/SLSTR/ml_manual_crops_010526/png/crop_00929_ID_220201008000_step_9_aaee1869e8.png,True,S3A_SL_1_RBT____20201026T090201_20201026T090501_20201027T133443_0179_064_207_1260_LN2_O_NT_004,,,,,,crop_00929_ID_220201008000_step_9_aaee1869e8.png,929,220201008000,9,220201008000,9,2020-10-26 09:00:00,77.5,156.0,994.64996,,2020-10-26 09:03:26.590778,77.189497,163.17371200000002,pred_valid_20260508_1839.csv:rel_vort_850_smth,False,False,lookup_by_new_ID_step,False,True
Solovieva_PL_crop_00930_ID_220201008000_step_10,930,220201008000,10,2020-10-26,10:00:00,2020-10-26 10:00:00,77.25,158.0,995.3056,25.169000000000004,2020-10-26 10:04:38.056979,77.438535,163.72494799999998,77.25,158.03861902486108,10.0,11.0,2020-10-26 10:00:00,2020-10-26 11:00:00,0.0772380497222222,140.0502073468975,140.97938948998782,0.0772380497222222,146.2292513246753,same_id,interpolated_track_position_nearest_track_point_for_targets,ok,True,True,220201008000,10,2020-10-26 13:00:00,77.25,158.0,995.3056,25.169000000000004,False,False,512,512,Solovieva_diploma_PL_training_images/png/Solovieva_PL_crop_00930_ID_220201008000_step_10.png,Solovieva_diploma_PL_training_images/npy/Solovieva_PL_crop_00930_ID_220201008000_step_10.npy,crop_00930_ID_220201008000_step_10_2244427f6a.png,/content/drive/MyDrive/sentinel3/SLSTR/ml_manual_crops_010526/png/crop_00930_ID_220201008000_step_10_2244427f6a.png,True,S3B_SL_1_RBT____20201026T100334_20201026T100634_20201027T161340_0179_045_065_1260_LN2_O_NT_004,,,,,,crop_00930_ID_220201008000_step_10_2244427f6a.png,930,220201008000,10,220201008000,10,2020-10-26 10:00:00,77.25,158.0,995.3056,,2020-10-26 10:04:38.056979,77.438535,163.72494799999998,pred_valid_20260508_1839.csv:rel_vort_850_smth,False,False,lookup_by_new_ID_step,False,True
Solovieva_PL_crop_00931_ID_220201008000_step_11,931,220201008000,11,2020-10-26,11:00:00,2020-10-26 11:00:00,77.25,158.5,994.51434,24.053,2020-10-26 10:43:57.227044,77.336883,159.924077,77.25,158.36628153388892,10.0,11.0,2020-10-26 10:00:00,2020-10-26 11:00:00,0.7325630677777778,39.30532504041978,36.14435580068518,0.2674369322222222,60.70027961819756,same_id,interpolated_track_position_nearest_track_point_for_targets,ok,True,True,220201008000,11,2020-10-26 14:00:00,77.25,158.5,994.51434,24.053,False,False,512,512,Solovieva_diploma_PL_training_images/png/Solovieva_PL_crop_00931_ID_220201008000_step_11.png,Solovieva_diploma_PL_training_images/npy/Solovieva_PL_crop_00931_ID_220201008000_step_11.npy,crop_00931_ID_220201008000_step_11_b1a57a4e80.png,/content/drive/MyDrive/sentinel3/SLSTR/ml_manual_crops_010526/png/crop_00931_ID_220201008000_step_11_b1a57a4e80.png,True,S3A_SL_1_RBT____20201026T104301_20201026T104601_20201027T161618_0179_064_208_1260_LN2_O_NT_004,,,,,,crop_00931_ID_220201008000_step_11_b1a57a4e80.png,931,220201008000,11,220201008000,11,2020-10-26 11:00:00,77.25,158.5,994.51434,,2020-10-26 10:43:57.227044,77.336883,159.924077,pred_valid_20260508_1839.csv:rel_vort_850_smth,False,False,lookup_by_new_ID_step,False,True
Solovieva_PL_crop_00952_ID_220201008800_step_32,952,220201008800,32,2020-10-31,08:00:00,2020-10-31 08:00:00,74.5,-176.5,998.22437,28.157,2020-10-31 07:52:09.577716,71.081696,-167.431999,74.53266821416666,-176.56533642833332,31.0,32.0,2020-10-31 07:00:00,2020-10-31 08:00:00,0.8693271433333334,486.1191090816062,482.1304910793582,0.1306728566666666,496.5729376149395,same_id,interpolated_track_position_nearest_track_point_for_targets,warning_distance,True,True,220201008800,32,2020-10-30 06:00:00,74.5,-176.5,998.22437,28.157,False,False,512,512,Solovieva_diploma_PL_training_images/png/Solovieva_PL_crop_00952_ID_220201008800_step_32.png,Solovieva_diploma_PL_training_images/npy/Solovieva_PL_crop_00952_ID_220201008800_step_32.npy,crop_00952_ID_220201008800_step_32_a3f3c875d6.png,/content/drive/MyDrive/sentinel3/SLSTR/ml_manual_crops_010526/png/crop_00952_ID_220201008800_step_32_a3f3c875d6.png,True,S3B_SL_1_RBT____20201031T074941_20201031T075241_20201101T123742_0179_045_136_1080_LN2_O_NT_004,,,,,,crop_00952_ID_220201008800_step_32_a3f3c875d6.png,952,220201008800,32,220201008800,32,2020-10-31 08:00:00,74.5,-176.5,998.22437,,2020-10-31 07:52:09.577716,71.081696,-167.431999,оставлено прежнее значение,False,False,lookup_by_new_ID_step,False,True
Solovieva_PL_crop_00953_ID_220201008800_step_33,953,220201008800,33,2020-10-31,09:00:00,2020-10-31 09:00:00,74.25,-176.0,998.66998,27.628000000000004,2020-10-31 08:31:13.515094,70.794705,-167.147029,74.36989478513888,-176.23978957027776,32.0,33.0,2020-10-31 08:00:00,2020-10-31 09:00:00,0.5204208594444445,498.5253411423271,483.7790724633896,0.4795791405555555,536.8916723867715,same_id,interpolated_track_position_nearest_track_point_for_targets,warning_distance,True,True,220201008800,33,2020-10-30 07:00:00,74.25,-176.0,998.66998,27.628000000000004,False,False,512,512,Solovieva_diploma_PL_training_images/png/Solovieva_PL_crop_00953_ID_220201008800_step_33.png,Solovieva_diploma_PL_training_images/npy/Solovieva_PL_crop_00953_ID_220201008800_step_33.npy,crop_00953_ID_220201008800_step_33_f488be8089.png,/content/drive/MyDrive/sentinel3/SLSTR/ml_manual_crops_010526/png/crop_00953_ID_220201008800_step_33_f488be8089.png,True,S3A_SL_1_RBT____20201031T082906_20201031T083206_20201101T133431_0179_064_278_1080_LN2_O_NT_004,,,,,,crop_00953_ID_220201008800_step_33_f488be8089.png,953,220201008800,33,220201008800,33,2020-10-31 09:00:00,74.25,-176.0,998.66998,,2020-10-31 08:31:13.515094,70.794705,-167.147029,оставлено прежнее значение,False,False,lookup_by_new_ID_step,False,True
Solovieva_PL_crop_00946_ID_220201009220_step_8,946,220201009220,8,2020-10-30,08:00:00,2020-10-30 08:00:00,74.5,-162.75,999.45685,19.965,2020-10-30 08:18:31.109345,71.826039,-173.465092,74.5,-162.82716037118055,8.0,9.0,2020-10-30 08:00:00,2020-10-30 09:00:00,0.3086414847222222,452.5141603101241,454.3772655956942,0.3086414847222222,477.2054790879019,same_id,interpolated_track_position_nearest_track_point_for_targets,warning_distance,True,True,220201009220,8,2020-10-30 17:00:00,74.5,-162.75,999.45685,19.965,False,False,512,512,Solovieva_diploma_PL_training_images/png/Solovieva_PL_crop_00946_ID_220201009220_step_8.png,Solovieva_diploma_PL_training_images/npy/Solovieva_PL_crop_00946_ID_220201009220_step_8.npy,crop_00946_ID_220201009220_step_8_3f414ba003.png,/content/drive/MyDrive/sentinel3/SLSTR/ml_manual_crops_010526/png/crop_00946_ID_220201009220_step_8_3f414ba003.png,True,S3B_SL_1_RBT____20201030T081551_20201030T081851_20201031T131015_0179_045_121_1080_LN2_O_NT_004,,,,,,crop_00946_ID_220201009220_step_8_3f414ba003.png,946,220201009220,8,220201009220,8,2020-10-30 08:00:00,74.5,-162.75,999.45685,,2020-10-30 08:18:31.109345,71.826039,-173.465092,оставлено прежнее значение,False,False,lookup_by_new_ID_step,False,True
Solovieva_PL_crop_00974_ID_220201100890_step_24,974,220201100890,24,2020-11-04,00:00:00,2020-11-04 00:00:00,56.0,143.75,972.7962,43.66600000000001,2020-11-04 00:17:27.650728,56.559852,147.25105299999996,56.07275352277778,143.82275352277782,24.0,25.0,2020-11-04 00:00:00,2020-11-04 01:00:00,0.2910140911111111,218.2233738275708,224.87272534123613,0.2910140911111111,241.5045011164597,same_id,interpolated_track_position_nearest_track_point_for_targets,ok,True,True,220201100890,24,2020-11-03 22:00:00,56.0,143.75,972.7962,43.66600000000001,False,False,512,512,Solovieva_diploma_PL_training_images/png/Solovieva_PL_crop_00974_ID_220201100890_step_24.png,Solovieva_diploma_PL_training_images/npy/Solovieva_PL_crop_00974_ID_220201100890_step_24.npy,crop_00974_ID_220201100890_step_24_225344c967.png,/content/drive/MyDrive/sentinel3/SLSTR/ml_manual_crops_010526/png/crop_00974_ID_220201100890_step_24_225344c967.png,True,S3A_SL_1_RBT____20201104T001525_20201104T001825_20201105T055916_0179_064_330_1980_LN2_O_NT_004,,,,,,crop_00974_ID_220201100890_step_24_225344c967.png,974,220201100890,24,220201100890,24,2020-11-04 00:00:00,56.0,143.75,972.7962,,2020-11-04 00:17:27.650728,56.559852,147.25105299999996,оставлено прежнее значение,False,False,lookup_by_new_ID_step,False,True
Solovieva_PL_crop_00975_ID_220201100890_step_25,975,220201100890,25,2020-11-04,01:00:00,2020-11-04 01:00:00,56.25,144.0,971.04688,43.328,2020-11-04 01:18:37.156579,56.517474,144.163204,56.253103212719445,144.00310321271945,25.0,26.0,2020-11-04 01:00:00,2020-11-05 02:00:00,0.0124128508777777,31.004756655988977,31.39285450003892,0.3103212719444444,55.83045841154453,same_id,interpolated_track_position_nearest_track_point_for_targets,ok,True,True,220201100890,25,2020-11-03 23:00:00,56.25,144.0,971.04688,43.328,False,False,512,512,Solovieva_diploma_PL_training_images/png/Solovieva_PL_crop_00975_ID_220201100890_step_25.png,Solovieva_diploma_PL_training_images/npy/Solovieva_PL_crop_00975_ID_220201100890_step_25.npy,crop_00975_ID_220201100890_step_25_b3fd4cd936.png,/content/drive/MyDrive/sentinel3/SLSTR/ml_manual_crops_010526/png/crop_00975_ID_220201100890_step_25_b3fd4cd936.png,True,S3B_SL_1_RBT____20201104T011700_20201104T012000_20201105T064631_0180_045_188_1980_LN2_O_NT_004,,,,,,crop_00975_ID_220201100890_step_25_b3fd4cd936.png,975,220201100890,25,220201100890,25,2020-11-04 01:00:00,56.25,144.0,971.04688,,2020-11-04 01:18:37.156579,56.517474,144.163204,оставлено прежнее значение,False,False,lookup_by_new_ID_step,False,True
Solovieva_PL_crop_00982_ID_220201101150_step_22,982,220201101150,22,2020-11-04,22:00:00,2020-11-04 22:00:00,72.75,-161.5,994.31,30.898000000000003,2020-11-04 22:04:54.537275,72.58973499999999,-149.466195,72.75,-161.4590920451389,22.0,23.0,2020-11-04 22:00:00,2020-11-04 23:00:00,0.0818159097222222,396.9689436708511,398.3157609561604,0.0818159097222222,403.5142164486289,same_id,interpolated_track_position_nearest_track_point_for_targets,warning_distance,True,True,220201101150,22,2020-11-04 10:00:00,72.75,-161.5,994.31,30.898000000000003,False,False,512,512,Solovieva_diploma_PL_training_images/png/Solovieva_PL_crop_00982_ID_220201101150_step_22.png,Solovieva_diploma_PL_training_images/npy/Solovieva_PL_crop_00982_ID_220201101150_step_22.npy,crop_00982_ID_220201101150_step_22_08773b76be.png,/content/drive/MyDrive/sentinel3/SLSTR/ml_manual_crops_010526/png/crop_00982_ID_220201101150_step_22_08773b76be.png,True,S3A_SL_1_RBT____20201104T220215_20201104T220515_20201106T033855_0179_064_343_1620_LN2_O_NT_004,,,,,,crop_00982_ID_220201101150_step_22_08773b76be.png,982,220201101150,22,220201101150,22,2020-11-04 22:00:00,72.75,-161.5,994.31,,2020-11-04 22:04:54.537275,72.58973499999999,-149.466195,оставлено прежнее значение,False,False,lookup_by_new_ID_step,False,True
Solovieva_PL_crop_01009_ID_220201103360_step_11,1009,220201103360,11,2020-11-08,11:00:00,2020-11-08 11:00:00,55.75,144.0,999.62811,20.663,2020-11-08 11:02:57.038026,57.192131,146.959089,55.749508227705554,143.99950822770552,11.0,12.0,2020-11-08 11:00:00,2020-11-09 12:00:00,0.0019670891777777,242.39672870130272,242.337043929564,0.0491772294444444,246.33090705685828,same_id,interpolated_track_position_nearest_track_point_for_targets,ok,True,True,220201103360,11,2020-11-08 23:00:00,55.75,144.0,999.62811,20.663,False,False,512,512,Solovieva_diploma_PL_training_images/png/Solovieva_PL_crop_01009_ID_220201103360_step_11.png,Solovieva_diploma_PL_training_images/npy/Solovieva_PL_crop_01009_ID_220201103360_step_11.npy,crop_01009_ID_220201103360_step_11_25529cedcd.png,/content/drive/MyDrive/sentinel3/SLSTR/ml_manual_crops_010526/png/crop_01009_ID_220201103360_step_11_25529cedcd.png,True,S3B_SL_1_RBT____20201108T110111_20201108T110411_20201109T185732_0179_045_251_0900_MAR_O_NT_004,,,,,,crop_01009_ID_220201103360_step_11_25529cedcd.png,1009,220201103360,11,220201103360,11,2020-11-08 11:00:00,55.75,144.0,999.62811,,2020-11-08 11:02:57.038026,57.192131,146.959089,оставлено прежнее значение,False,False,lookup_by_new_ID_step,False,True
Solovieva_PL_crop_01011_ID_220201103660_step_1,1011,220201103660,1,2020-11-09,01:00:00,2020-11-09 01:00:00,55.5,143.0,1001.78058,17.326,2020-11-09 00:49:19.332493,54.9906,146.85007199999995,55.544490799097225,143.0,0.0,1.0,2020-11-09 00:00:00,2020-11-09 01:00:00,0.8220368036111111,251.5318023240661,250.500477216872,0.1779631963888888,265.7688580351772,same_id,interpolated_track_position_nearest_track_point_for_targets,ok,True,True,220201103660,1,2020-11-09 06:00:00,55.5,143.0,1001.78058,17.326,False,False,512,512,Solovieva_diploma_PL_training_images/png/Solovieva_PL_crop_01011_ID_220201103660_step_1.png,Solovieva_diploma_PL_training_images/npy/Solovieva_PL_crop_01011_ID_220201103660_step_1.npy,crop_01011_ID_220201103660_step_1_8f93f574b0.png,/content/drive/MyDrive/sentinel3/SLSTR/ml_manual_crops_010526/png/crop_01011_ID_220201103660_step_1_8f93f574b0.png,True,S3B_SL_1_RBT____20201109T004705_20201109T005005_20201110T064959_0179_045_259_1980_LN2_O_NT_004,,,,,,crop_01011_ID_220201103660_step_1_8f93f574b0.png,1011,220201103660,1,220201103660,1,2020-11-09 01:00:00,55.5,143.0,1001.78058,,2020-11-09 00:49:19.332493,54.9906,146.85007199999995,оставлено прежнее значение,False,False,lookup_by_new_ID_step,False,True
Solovieva_PL_crop_01012_ID_220201103660_step_2,1012,220201103660,1,2020-11-09,01:00:00,2020-11-09 01:00:00,55.5,143.0,1001.78058,17.326,2020-11-09 01:28:17.988891,55.218627,144.36127399999998,55.5,143.0,1.0,2.0,2020-11-09 01:00:00,2020-11-09 02:00:00,0.4716635808333333,91.5512044441826,91.5512044441826,0.4716635808333333,129.28429091084928,same_id,interpolated_track_position_nearest_track_point_for_targets,ok,True,True,220201103660,2,2020-11-09 07:00:00,55.5,143.0,1001.96875,17.723,False,True,512,512,Solovieva_diploma_PL_training_images/png/Solovieva_PL_crop_01012_ID_220201103660_step_2.png,Solovieva_diploma_PL_training_images/npy/Solovieva_PL_crop_01012_ID_220201103660_step_2.npy,crop_01012_ID_220201103660_step_2_0abc14bb24.png,/content/drive/MyDrive/sentinel3/SLSTR/ml_manual_crops_010526/png/crop_01012_ID_220201103660_step_2_0abc14bb24.png,True,S3A_SL_1_RBT____20201109T012628_20201109T012928_20201110T060508_0180_065_017_1980_LN2_O_NT_004,,,,,,crop_01012_ID_220201103660_step_2_0abc14bb24.png,1012,220201103660,2,220201103660,1,2020-11-09 01:00:00,55.5,143.0,1001.78058,,2020-11-09 01:28:17.988891,55.218627,144.36127399999998,оставлено прежнее значение,False,False,lookup_by_new_ID_step,True,True
Solovieva_PL_crop_01013_ID_220201103660_step_11,1013,220201103660,11,2020-11-09,11:00:00,2020-11-09 11:00:00,54.75,142.25,1003.31873,18.015,2020-11-09 11:15:20.061003,54.445903,145.777104,54.75,142.25,11.0,12.0,2020-11-09 11:00:00,2020-11-09 12:00:00,0.2555725008333333,229.6802662207888,229.6802662207888,0.2555725008333333,250.12606628745547,same_id,interpolated_track_position_nearest_track_point_for_targets,ok,True,True,220201103660,11,2020-11-09 16:00:00,54.75,142.25,1003.31873,18.015,False,False,512,512,Solovieva_diploma_PL_training_images/png/Solovieva_PL_crop_01013_ID_220201103660_step_11.png,Solovieva_diploma_PL_training_images/npy/Solovieva_PL_crop_01013_ID_220201103660_step_11.npy,crop_01013_ID_220201103660_step_11_91c96fde1e.png,/content/drive/MyDrive/sentinel3/SLSTR/ml_manual_crops_010526/png/crop_01013_ID_220201103660_step_11_91c96fde1e.png,True,S3A_SL_1_RBT____20201109T111423_20201109T111723_20201110T165717_0179_065_023_0900_LN2_O_NT_004,,,,,,crop_01013_ID_220201103660_step_11_91c96fde1e.png,1013,220201103660,11,220201103660,11,2020-11-09 11:00:00,54.75,142.25,1003.31873,,2020-11-09 11:15:20.061003,54.445903,145.777104,оставлено прежнее значение,False,False,lookup_by_new_ID_step,False,True
Solovieva_PL_crop_01015_ID_220201103660_step_12,1015,220201103660,12,2020-11-09,12:00:00,2020-11-09 12:00:00,54.75,142.25,1003.34875,17.199,2020-11-09 12:16:56.013807,56.433187,144.164312,54.75,142.25,12.0,13.0,2020-11-09 12:00:00,2020-11-09 13:00:00,0.2822260575,222.4625514414305,222.4625514414305,0.2822260575,245.04063604143053,same_id,interpolated_track_position_nearest_track_point_for_targets,ok,True,True,220201103660,12,2020-11-09 17:00:00,54.75,142.25,1003.34875,17.199,False,False,512,512,Solovieva_diploma_PL_training_images/png/Solovieva_PL_crop_01015_ID_220201103660_step_12.png,Solovieva_diploma_PL_training_images/npy/Solovieva_PL_crop_01015_ID_220201103660_step_12.npy,crop_01015_ID_220201103660_step_12_c0b04c3db5.png,/content/drive/MyDrive/sentinel3/SLSTR/ml_manual_crops_010526/png/crop_01015_ID_220201103660_step_12_c0b04c3db5.png,True,S3B_SL_1_RBT____20201109T121600_20201109T121900_20201110T183307_0179_045_266_0900_LN2_O_NT_004,,,,,,crop_01015_ID_220201103660_step_12_c0b04c3db5.png,1015,220201103660,12,220201103660,12,2020-11-09 12:00:00,54.75,142.25,1003.34875,,2020-11-09 12:16:56.013807,56.433187,144.164312,оставлено прежнее значение,False,False,lookup_by_new_ID_step,False,True
Solovieva_PL_crop_01016_ID_220201104350_step_0,1016,220201104350,0,2020-11-10,00:00:00,2020-11-10 00:00:00,57.75,153.0,1002.30499,17.28,2020-11-10 00:22:33.817566,57.019324,154.13957800000003,57.84401510875,153.09401510875,0.0,1.0,2020-11-10 00:00:00,2020-11-10 01:00:00,0.376060435,111.01927297887198,106.13801492590235,0.3760604349999999,141.104107778872,same_id,interpolated_track_position_nearest_track_point_for_targets,ok,True,True,220201104350,0,2020-11-10 15:00:00,57.75,153.0,1002.30499,17.28,False,False,512,512,Solovieva_diploma_PL_training_images/png/Solovieva_PL_crop_01016_ID_220201104350_step_0.png,Solovieva_diploma_PL_training_images/npy/Solovieva_PL_crop_01016_ID_220201104350_step_0.npy,crop_01016_ID_220201104350_step_0_504d7d9158.png,/content/drive/MyDrive/sentinel3/SLSTR/ml_manual_crops_010526/png/crop_01016_ID_220201104350_step_0_504d7d9158.png,True,S3B_SL_1_RBT____20201110T002054_20201110T002354_20201111T060313_0180_045_273_1980_LN2_O_NT_004,,,,,,crop_01016_ID_220201104350_step_0_504d7d9158.png,1016,220201104350,0,220201104350,0,2020-11-10 00:00:00,57.75,153.0,1002.30499,,2020-11-10 00:22:33.817566,57.019324,154.13957800000003,оставлено прежнее значение,False,False,lookup_by_new_ID_step,False,True
Solovieva_PL_crop_01017_ID_220201104350_step_1,1017,220201104350,1,2020-11-10,01:00:00,2020-11-10 01:00:00,58.0,153.25,1002.10559,20.089,2020-11-10 01:01:31.111273,57.242337,152.28432199999995,58.0,153.25632717173607,1.0,2.0,2020-11-10 01:00:00,2020-11-10 02:00:00,0.0253086869444444,102.21224603255236,101.99940444806232,0.0253086869444444,104.23694098810792,same_id,interpolated_track_position_nearest_track_point_for_targets,ok,True,True,220201104350,1,2020-11-10 16:00:00,58.0,153.25,1002.10559,20.089,False,False,512,512,Solovieva_diploma_PL_training_images/png/Solovieva_PL_crop_01017_ID_220201104350_step_1.png,Solovieva_diploma_PL_training_images/npy/Solovieva_PL_crop_01017_ID_220201104350_step_1.npy,crop_01017_ID_220201104350_step_1_5a098374dc.png,/content/drive/MyDrive/sentinel3/SLSTR/ml_manual_crops_010526/png/crop_01017_ID_220201104350_step_1_5a098374dc.png,True,S3A_SL_1_RBT____20201110T010017_20201110T010317_20201111T062913_0179_065_031_1980_LN2_O_NT_004,,,,,,crop_01017_ID_220201104350_step_1_5a098374dc.png,1017,220201104350,1,220201104350,1,2020-11-10 01:00:00,58.0,153.25,1002.10559,,2020-11-10 01:01:31.111273,57.242337,152.28432199999995,оставлено прежнее значение,False,False,lookup_by_new_ID_step,False,True
Solovieva_PL_crop_01020_ID_220201104350_step_11,1020,220201104350,11,2020-11-11,11:00:00,2020-11-11 11:00:00,58.25,156.5,1000.38562,31.462,2020-11-11 11:25:17.784615,58.95638,156.54967,58.25,156.60540170937497,11.0,12.0,2020-11-11 11:00:00,2020-11-11 12:00:00,0.4216068375,78.61218555577517,78.59854936923105,0.4216068375,112.34073255577516,same_id,interpolated_track_position_nearest_track_point_for_targets,ok,True,True,220201104350,11,2020-11-11 02:00:00,58.25,156.5,1000.38562,31.462,False,False,512,512,Solovieva_diploma_PL_training_images/png/Solovieva_PL_crop_01020_ID_220201104350_step_11.png,Solovieva_diploma_PL_training_images/npy/Solovieva_PL_crop_01020_ID_220201104350_step_11.npy,crop_01020_ID_220201104350_step_11_898dc6cf78.png,/content/drive/MyDrive/sentinel3/SLSTR/ml_manual_crops_010526/png/crop_01020_ID_220201104350_step_11_898dc6cf78.png,True,S3B_SL_1_RBT____20201111T112338_20201111T112638_20201112T130614_0179_045_294_0900_LN2_O_NT_004,,,,,,crop_01020_ID_220201104350_step_11_898dc6cf78.png,1020,220201104350,11,220201104350,11,2020-11-11 11:00:00,58.25,156.5,1000.38562,,2020-11-11 11:25:17.784615,58.95638,156.54967,оставлено прежнее значение,False,False,lookup_by_new_ID_step,False,True
Solovieva_PL_crop_01040_ID_220201105570_step_8,1040,220201105570,8,2020-11-14,08:00:00,2020-11-14 08:00:00,53.0,-153.0,997.89624,26.215,2020-11-14 08:23:46.026431,51.947925,-156.758469,53.0,-152.9009703867361,8.0,9.0,2020-11-14 08:00:00,2020-11-14 09:00:00,0.3961184530555555,286.2191639765284,280.11366278893587,0.3961184530555555,317.9086402209728,same_id,interpolated_track_position_nearest_track_point_for_targets,ok,True,True,220201105570,8,2020-11-14 09:00:00,53.0,-153.0,997.89624,26.215,False,False,512,512,Solovieva_diploma_PL_training_images/png/Solovieva_PL_crop_01040_ID_220201105570_step_8.png,Solovieva_diploma_PL_training_images/npy/Solovieva_PL_crop_01040_ID_220201105570_step_8.npy,crop_01040_ID_220201105570_step_8_0138382d45.png,/content/drive/MyDrive/sentinel3/SLSTR/ml_manual_crops_010526/png/crop_01040_ID_220201105570_step_8_0138382d45.png,True,S3B_SL_1_RBT____20201114T082106_20201114T082406_20201115T132358_0179_045_335_0720_LN2_O_NT_004,,,,,,crop_01040_ID_220201105570_step_8_0138382d45.png,1040,220201105570,8,220201105570,8,2020-11-14 08:00:00,53.0,-153.0,997.89624,,2020-11-14 08:23:46.026431,51.947925,-156.758469,pred_valid_20260508_1839.csv:rel_vort_850_smth,False,False,lookup_by_new_ID_step,False,True
Solovieva_PL_crop_01051_ID_220201108720_step_0,1051,220201108720,0,2020-11-22,00:00:00,2020-11-22 00:00:00,54.75,152.25,982.57745,34.541,2020-11-22 00:11:23.873469,57.272634,153.75652100000002,54.702508786875,152.25,0.0,1.0,2020-11-22 00:00:00,2020-11-22 01:00:00,0.1899648525,300.7358530479988,295.7046284541941,0.1899648525,315.93304124799874,same_id,interpolated_track_position_nearest_track_point_for_targets,warning_distance,True,True,220201108720,0,2020-11-22 18:00:00,54.75,152.25,982.57745,34.541,False,False,512,512,Solovieva_diploma_PL_training_images/png/Solovieva_PL_crop_01051_ID_220201108720_step_0.png,Solovieva_diploma_PL_training_images/npy/Solovieva_PL_crop_01051_ID_220201108720_step_0.npy,crop_01051_ID_220201108720_step_0_8206c40766.png,/content/drive/MyDrive/sentinel3/SLSTR/ml_manual_crops_010526/png/crop_01051_ID_220201108720_step_0_8206c40766.png,True,S3B_SL_1_RBT____20201122T000942_20201122T001242_20201123T044423_0179_046_059_1980_LN2_O_NT_004,,,,,,crop_01051_ID_220201108720_step_0_8206c40766.png,1051,220201108720,0,220201108720,0,2020-11-22 00:00:00,54.75,152.25,982.57745,,2020-11-22 00:11:23.873469,57.272634,153.75652100000002,оставлено прежнее значение,False,False,lookup_by_new_ID_step,False,True
Solovieva_PL_crop_01127_ID_220201204600_step_11,1127,220201204600,11,2020-12-12,11:00:00,2020-12-12 11:00:00,56.75,143.75,1001.9375,30.279,2020-12-12 11:20:49.054910,55.498597,150.15562599999998,56.663260075694446,143.66326007569444,11.0,12.0,2020-12-12 11:00:00,2020-12-12 12:00:00,0.3469596972222222,422.95852708950025,420.5035921216237,0.3469596972222222,450.715302867278,same_id,interpolated_track_position_nearest_track_point_for_targets,warning_distance,True,True,220201204600,11,2020-12-12 22:00:00,56.75,143.75,1001.9375,30.279,False,False,512,512,Solovieva_diploma_PL_training_images/png/Solovieva_PL_crop_01127_ID_220201204600_step_11.png,Solovieva_diploma_PL_training_images/npy/Solovieva_PL_crop_01127_ID_220201204600_step_11.npy,crop_01127_ID_220201204600_step_11_7071b03df4.png,/content/drive/MyDrive/sentinel3/SLSTR/ml_manual_crops_010526/png/crop_01127_ID_220201204600_step_11_7071b03df4.png,True,S3B_SL_1_RBT____20201212T111952_20201212T112252_20201213T160754_0179_046_351_0900_LN2_O_NT_004,,,,,,crop_01127_ID_220201204600_step_11_7071b03df4.png,1127,220201204600,11,220201204600,11,2020-12-12 11:00:00,56.75,143.75,1001.9375,,2020-12-12 11:20:49.054910,55.498597,150.15562599999998,оставлено прежнее значение,False,False,lookup_by_new_ID_step,False,True
Solovieva_PL_crop_01138_ID_220201205820_step_1,1138,220201205820,0,2020-12-15,00:00:00,2020-12-15 00:00:00,47.25,152.0,972.44684,22.073,2020-12-15 00:17:20.615869,49.383623,150.628038,47.32226499090278,152.36132495451386,0.0,1.0,2020-12-15 00:00:00,2020-12-15 01:00:00,0.2890599636111111,262.5516105703695,258.0173757539629,0.2890599636111111,285.6764076592584,same_id,interpolated_track_position_nearest_track_point_for_targets,ok,True,True,220201205820,1,2020-12-15 04:00:00,47.5,153.25,971.58185,21.471,False,True,512,512,Solovieva_diploma_PL_training_images/png/Solovieva_PL_crop_01138_ID_220201205820_step_1.png,Solovieva_diploma_PL_training_images/npy/Solovieva_PL_crop_01138_ID_220201205820_step_1.npy,crop_01138_ID_220201205820_step_1_f3aff6836f.png,/content/drive/MyDrive/sentinel3/SLSTR/ml_manual_crops_010526/png/crop_01138_ID_220201205820_step_1_f3aff6836f.png,True,S3B_SL_1_RBT____20201215T001624_20201215T001924_20201216T061028_0179_047_002_2160_LN2_O_NT_004,,,,,,crop_01138_ID_220201205820_step_1_f3aff6836f.png,1138,220201205820,1,220201205820,0,2020-12-15 00:00:00,47.25,152.0,972.44684,,2020-12-15 00:17:20.615869,49.383623,150.628038,оставлено прежнее значение,False,False,lookup_by_new_ID_step,True,True
Solovieva_PL_crop_01149_ID_220201205820_step_11,1149,220201205820,11,2020-12-15,11:00:00,2020-12-15 11:00:00,49.25,159.75,972.36621,24.249,2020-12-15 10:39:44.822408,48.356988,158.478322,49.25,159.5812253344444,10.0,11.0,2020-12-15 10:00:00,2020-12-15 11:00:00,0.6624506688888889,127.9995609550046,136.13678181704546,0.3375493311111111,155.00350744389348,same_id,interpolated_track_position_nearest_track_point_for_targets,ok,True,True,220201205820,11,2020-12-15 14:00:00,49.25,159.75,972.36621,24.249,False,False,512,512,Solovieva_diploma_PL_training_images/png/Solovieva_PL_crop_01149_ID_220201205820_step_11.png,Solovieva_diploma_PL_training_images/npy/Solovieva_PL_crop_01149_ID_220201205820_step_11.npy,crop_01149_ID_220201205820_step_11_88ac027ee3.png,/content/drive/MyDrive/sentinel3/SLSTR/ml_manual_crops_010526/png/crop_01149_ID_220201205820_step_11_88ac027ee3.png,True,S3A_SL_1_RBT____20201215T103738_20201215T104038_20201216T152753_0179_066_152_0720_LN2_O_NT_004,,,,,,crop_01149_ID_220201205820_step_11_88ac027ee3.png,1149,220201205820,11,220201205820,11,2020-12-15 11:00:00,49.25,159.75,972.36621,,2020-12-15 10:39:44.822408,48.356988,158.478322,оставлено прежнее значение,False,False,lookup_by_new_ID_step,False,True
Solovieva_PL_crop_01163_ID_220201205820_step_23,1163,220201206900,0,2020-12-17,00:00:00,2020-12-17 00:00:00,53.5,167.25,975.9187,16.027,2020-12-16 23:22:29.574594,57.769308,169.10700299999996,53.5,167.25,0.0,0.0,2020-12-17 00:00:00,2020-12-17 00:00:00,0.0,488.7762180322935,488.7762180322935,0.6251181683333333,538.7856714989601,global,nearest_track_point,warning_distance,True,True,220201205820,23,2020-12-16 02:00:00,52.5,160.75,970.83124,34.568000000000005,True,True,512,512,Solovieva_diploma_PL_training_images/png/Solovieva_PL_crop_01163_ID_220201205820_step_23.png,Solovieva_diploma_PL_training_images/npy/Solovieva_PL_crop_01163_ID_220201205820_step_23.npy,crop_01163_ID_220201205820_step_23_be95fd8511.png,/content/drive/MyDrive/sentinel3/SLSTR/ml_manual_crops_010526/png/crop_01163_ID_220201205820_step_23_be95fd8511.png,True,S3B_SL_1_RBT____20201216T232102_20201216T232402_20201218T044515_0179_047_031_1980_LN2_O_NT_004,,,,,,crop_01163_ID_220201205820_step_23_be95fd8511.png,1163,220201205820,23,220201206900,0,2020-12-17 00:00:00,53.5,167.25,975.9187,,2020-12-16 23:22:29.574594,57.769308,169.10700299999996,оставлено прежнее значение,False,False,lookup_by_new_ID_step,True,True
Solovieva_PL_crop_01160_ID_220201206210_step_10,1160,220201206210,10,2020-12-16,10:00:00,2020-12-16 10:00:00,53.25,167.75,979.56122,19.167,2020-12-16 10:14:07.005112,50.004314,162.90042900000003,53.25,167.75,10.0,11.0,2020-12-16 10:00:00,2020-12-16 11:00:00,0.2352791977777777,492.0326100590754,492.0326100590754,0.2352791977777777,510.8549458812976,same_id,interpolated_track_position_nearest_track_point_for_targets,warning_distance,True,True,220201206210,10,2020-12-16 05:00:00,53.25,167.75,979.56122,19.167,False,False,512,512,Solovieva_diploma_PL_training_images/png/Solovieva_PL_crop_01160_ID_220201206210_step_10.png,Solovieva_diploma_PL_training_images/npy/Solovieva_PL_crop_01160_ID_220201206210_step_10.npy,crop_01160_ID_220201206210_step_10_dc330e670a.png,/content/drive/MyDrive/sentinel3/SLSTR/ml_manual_crops_010526/png/crop_01160_ID_220201206210_step_10_dc330e670a.png,True,S3A_SL_1_RBT____20201216T101127_20201216T101427_20201217T162458_0180_066_165_0720_LN2_O_NT_004,,,,,,crop_01160_ID_220201206210_step_10_dc330e670a.png,1160,220201206210,10,220201206210,10,2020-12-16 10:00:00,53.25,167.75,979.56122,,2020-12-16 10:14:07.005112,50.004314,162.90042900000003,оставлено прежнее значение,False,False,lookup_by_new_ID_step,False,True
Solovieva_PL_crop_01188_ID_220201206410_step_33,1188,220201206410,33,2020-12-18,09:00:00,2020-12-18 09:00:00,54.75,-173.75,971.60559,32.462,2020-12-18 08:43:56.112698,56.149956,-171.567937,54.68306338180555,-173.75,32.0,33.0,2020-12-18 08:00:00,2020-12-18 09:00:00,0.7322535272222223,213.4551549773515,207.7473646491847,0.2677464727777777,234.87487279957367,same_id,interpolated_track_position_nearest_track_point_for_targets,ok,True,True,220201206410,33,2020-12-17 20:00:00,54.75,-173.75,971.60559,32.462,False,False,512,512,Solovieva_diploma_PL_training_images/png/Solovieva_PL_crop_01188_ID_220201206410_step_33.png,Solovieva_diploma_PL_training_images/npy/Solovieva_PL_crop_01188_ID_220201206410_step_33.npy,crop_01188_ID_220201206410_step_33_de5c7b5c1f.png,/content/drive/MyDrive/sentinel3/SLSTR/ml_manual_crops_010526/png/crop_01188_ID_220201206410_step_33_de5c7b5c1f.png,True,S3B_SL_1_RBT____20201218T084247_20201218T084547_20201219T135307_0179_047_050_0900_LN2_O_NT_004,,,,,,crop_01188_ID_220201206410_step_33_de5c7b5c1f.png,1188,220201206410,33,220201206410,33,2020-12-18 09:00:00,54.75,-173.75,971.60559,,2020-12-18 08:43:56.112698,56.149956,-171.567937,pred_valid_20260508_1839.csv:rel_vort_850_smth,False,False,lookup_by_new_ID_step,False,True
Solovieva_PL_crop_01209_ID_220201206410_step_46,1209,220201206410,46,2020-12-19,22:00:00,2020-12-19 22:00:00,56.25,-172.0,971.87433,26.625,2020-12-19 22:03:39.269217,57.827939,-164.821584,56.25,-171.98477297104168,46.0,47.0,2020-12-19 22:00:00,2020-12-19 23:00:00,0.0609081158333333,467.2414911369704,468.0940023051664,0.0609081158333333,472.114140403637,same_id,interpolated_track_position_nearest_track_point_for_targets,warning_distance,True,True,220201206410,46,2020-12-18 09:00:00,56.25,-172.0,971.87433,26.625,False,False,512,512,Solovieva_diploma_PL_training_images/png/Solovieva_PL_crop_01209_ID_220201206410_step_46.png,Solovieva_diploma_PL_training_images/npy/Solovieva_PL_crop_01209_ID_220201206410_step_46.npy,crop_01209_ID_220201206410_step_46_e098fc5928.png,/content/drive/MyDrive/sentinel3/SLSTR/ml_manual_crops_010526/png/crop_01209_ID_220201206410_step_46_e098fc5928.png,True,S3B_SL_1_RBT____20201219T220230_20201219T220530_20201221T024807_0179_047_072_1980_LN2_O_NT_004,,,,,,crop_01209_ID_220201206410_step_46_e098fc5928.png,1209,220201206410,46,220201206410,46,2020-12-19 22:00:00,56.25,-172.0,971.87433,,2020-12-19 22:03:39.269217,57.827939,-164.821584,pred_valid_20260508_1839.csv:rel_vort_850_smth,False,False,lookup_by_new_ID_step,False,True
Solovieva_PL_crop_01215_ID_220201206410_step_57,1215,220201206410,57,2020-12-20,09:00:00,2020-12-20 09:00:00,56.5,-170.5,972.1781,25.512,2020-12-20 08:30:41.460419,54.388222,-173.416584,56.5,-170.62212080423612,56.0,57.0,2020-12-20 08:00:00,2020-12-20 09:00:00,0.5115167830555556,293.5537521286563,298.2366277605797,0.4884832169444444,332.63240948421185,same_id,interpolated_track_position_nearest_track_point_for_targets,ok,True,True,220201206410,57,2020-12-18 20:00:00,56.5,-170.5,972.1781,25.512,False,False,512,512,Solovieva_diploma_PL_training_images/png/Solovieva_PL_crop_01215_ID_220201206410_step_57.png,Solovieva_diploma_PL_training_images/npy/Solovieva_PL_crop_01215_ID_220201206410_step_57.npy,crop_01215_ID_220201206410_step_57_18e4d535ef.png,/content/drive/MyDrive/sentinel3/SLSTR/ml_manual_crops_010526/png/crop_01215_ID_220201206410_step_57_18e4d535ef.png,True,S3A_SL_1_RBT____20201220T082945_20201220T083245_20201221T133534_0179_066_221_0900_LN2_O_NT_004,,,,,,crop_01215_ID_220201206410_step_57_18e4d535ef.png,1215,220201206410,57,220201206410,57,2020-12-20 09:00:00,56.5,-170.5,972.1781,,2020-12-20 08:30:41.460419,54.388222,-173.416584,pred_valid_20260508_1839.csv:rel_vort_850_smth,False,False,lookup_by_new_ID_step,False,True
Solovieva_PL_crop_01165_ID_220201206900_step_0,1165,220201206900,0,2020-12-17,00:00:00,2020-12-17 00:00:00,53.5,167.25,975.9187,16.027,2020-12-17 00:01:23.791291,57.869544,167.7346,53.5,167.25,0.0,1.0,2020-12-17 00:00:00,2020-12-17 01:00:00,0.0232753586111111,486.8164002425922,486.8164002425922,0.0232753586111111,488.67842893148105,same_id,interpolated_track_position_nearest_track_point_for_targets,warning_distance,True,True,220201206900,0,2020-12-17 09:00:00,53.5,167.25,975.9187,16.027,False,False,512,512,Solovieva_diploma_PL_training_images/png/Solovieva_PL_crop_01165_ID_220201206900_step_0.png,Solovieva_diploma_PL_training_images/npy/Solovieva_PL_crop_01165_ID_220201206900_step_0.npy,crop_01165_ID_220201206900_step_0_781dd2e26a.png,/content/drive/MyDrive/sentinel3/SLSTR/ml_manual_crops_010526/png/crop_01165_ID_220201206900_step_0_781dd2e26a.png,True,S3A_SL_1_RBT____20201217T000021_20201217T000321_20201218T054710_0179_066_174_1980_LN2_O_NT_004,,,,,,crop_01165_ID_220201206900_step_0_781dd2e26a.png,1165,220201206900,0,220201206900,0,2020-12-17 00:00:00,53.5,167.25,975.9187,,2020-12-17 00:01:23.791291,57.869544,167.7346,оставлено прежнее значение,False,False,lookup_by_new_ID_step,False,True
Solovieva_PL_crop_01173_ID_220201206900_step_10,1173,220201206900,10,2020-12-17,10:00:00,2020-12-17 10:00:00,53.75,165.0,976.19745,17.288,2020-12-17 09:49:13.589674,54.405478,166.93546500000002,53.79488960597222,165.08977921194446,9.0,10.0,2020-12-17 09:00:00,2020-12-17 10:00:00,0.8204415761111111,138.1662006238277,145.78263728025905,0.1795584238888889,152.53087453493885,same_id,interpolated_track_position_nearest_track_point_for_targets,ok,True,True,220201206900,10,2020-12-17 19:00:00,53.75,165.0,976.19745,17.288,False,False,512,512,Solovieva_diploma_PL_training_images/png/Solovieva_PL_crop_01173_ID_220201206900_step_10.png,Solovieva_diploma_PL_training_images/npy/Solovieva_PL_crop_01173_ID_220201206900_step_10.npy,crop_01173_ID_220201206900_step_10_9b3158fa7d.png,/content/drive/MyDrive/sentinel3/SLSTR/ml_manual_crops_010526/png/crop_01173_ID_220201206900_step_10_9b3158fa7d.png,True,S3A_SL_1_RBT____20201217T094817_20201217T095117_20201218T154048_0179_066_179_0900_LN2_O_NT_004,,,,,,crop_01173_ID_220201206900_step_10_9b3158fa7d.png,1173,220201206900,10,220201206900,10,2020-12-17 10:00:00,53.75,165.0,976.19745,,2020-12-17 09:49:13.589674,54.405478,166.93546500000002,оставлено прежнее значение,False,False,lookup_by_new_ID_step,False,True
Solovieva_PL_crop_01175_ID_220201206900_step_11,1175,220201206900,11,2020-12-17,11:00:00,2020-12-17 11:00:00,53.75,165.0,976.60059,17.623,2020-12-17 10:51:08.376311,57.330483,165.446663,53.75,165.0,10.0,11.0,2020-12-17 10:00:00,2020-12-17 11:00:00,0.8523267530555556,399.1197737804854,399.1197737804854,0.1476732469444444,410.9336335360409,same_id,interpolated_track_position_nearest_track_point_for_targets,warning_distance,True,True,220201206900,11,2020-12-17 20:00:00,53.75,165.0,976.60059,17.623,False,False,512,512,Solovieva_diploma_PL_training_images/png/Solovieva_PL_crop_01175_ID_220201206900_step_11.png,Solovieva_diploma_PL_training_images/npy/Solovieva_PL_crop_01175_ID_220201206900_step_11.npy,crop_01175_ID_220201206900_step_11_ab7ab55857.png,/content/drive/MyDrive/sentinel3/SLSTR/ml_manual_crops_010526/png/crop_01175_ID_220201206900_step_11_ab7ab55857.png,True,S3B_SL_1_RBT____20201217T104957_20201217T105257_20201218T162602_0179_047_037_0900_LN2_O_NT_004,,,,,,crop_01175_ID_220201206900_step_11_ab7ab55857.png,1175,220201206900,11,220201206900,11,2020-12-17 11:00:00,53.75,165.0,976.60059,,2020-12-17 10:51:08.376311,57.330483,165.446663,оставлено прежнее значение,False,False,lookup_by_new_ID_step,False,True
Solovieva_PL_crop_01192_ID_220201206900_step_23,1192,220201206900,23,2020-12-18,23:00:00,2020-12-18 23:00:00,51.75,166.0,979.91498,20.667,2020-12-18 23:10:39.665722,53.242685,172.718395,51.75,166.08884246138888,23.0,24.0,2020-12-18 23:00:00,2020-12-19 00:00:00,0.1776849227777777,478.2878125353302,483.9258947685473,0.1776849227777777,492.5026063575524,same_id,interpolated_track_position_nearest_track_point_for_targets,warning_distance,True,True,220201206900,23,2020-12-18 08:00:00,51.75,166.0,979.91498,20.667,False,False,512,512,Solovieva_diploma_PL_training_images/png/Solovieva_PL_crop_01192_ID_220201206900_step_23.png,Solovieva_diploma_PL_training_images/npy/Solovieva_PL_crop_01192_ID_220201206900_step_23.npy,crop_01192_ID_220201206900_step_23_bd96d68e1d.png,/content/drive/MyDrive/sentinel3/SLSTR/ml_manual_crops_010526/png/crop_01192_ID_220201206900_step_23_bd96d68e1d.png,True,S3A_SL_1_RBT____20201218T230800_20201218T231100_20201220T043302_0179_066_201_1980_LN2_O_NT_004,,,,,,crop_01192_ID_220201206900_step_23_bd96d68e1d.png,1192,220201206900,23,220201206900,23,2020-12-18 23:00:00,51.75,166.0,979.91498,,2020-12-18 23:10:39.665722,53.242685,172.718395,оставлено прежнее значение,False,False,lookup_by_new_ID_step,False,True
Solovieva_PL_crop_01189_ID_220201207380_step_9,1189,220201206410,33,2020-12-18,09:00:00,2020-12-18 09:00:00,54.75,-173.75,971.60559,32.462,2020-12-18 09:23:02.478774,56.454066,-172.120412,54.84600547041666,-173.65399452958334,33.0,34.0,2020-12-18 09:00:00,2020-12-18 10:00:00,0.3840218816666667,203.0408049697161,215.35311378723992,0.3840218816666666,233.76255550304944,global,interpolated_track_position_nearest_track_point_for_targets,ok,True,True,220201207380,9,2020-12-18 20:00:00,56.25,169.0,981.72186,21.32,True,True,512,512,Solovieva_diploma_PL_training_images/png/Solovieva_PL_crop_01189_ID_220201207380_step_9.png,Solovieva_diploma_PL_training_images/npy/Solovieva_PL_crop_01189_ID_220201207380_step_9.npy,crop_01189_ID_220201207380_step_9_e38a592195.png,/content/drive/MyDrive/sentinel3/SLSTR/ml_manual_crops_010526/png/crop_01189_ID_220201207380_step_9_e38a592195.png,True,S3A_SL_1_RBT____20201218T092206_20201218T092506_20201219T150828_0179_066_193_0900_LN2_O_NT_004,,,,,,crop_01189_ID_220201207380_step_9_e38a592195.png,1189,220201207380,9,220201206410,33,2020-12-18 09:00:00,54.75,-173.75,971.60559,,2020-12-18 09:23:02.478774,56.454066,-172.120412,pred_valid_20260508_1839.csv:rel_vort_850_smth,True,False,lookup_by_new_ID_step,False,True
Solovieva_PL_crop_01190_ID_220201207380_step_10,1190,220201207380,10,2020-12-18,10:00:00,2020-12-18 10:00:00,56.25,168.75,981.9425,21.288,2020-12-18 10:24:44.808231,55.930214,166.11748699999998,56.25,168.75,10.0,11.0,2020-12-18 10:00:00,2020-12-18 11:00:00,0.4124467308333333,167.12147646574348,167.12147646574348,0.4124467308333333,200.1172149324101,same_id,interpolated_track_position_nearest_track_point_for_targets,ok,True,True,220201207380,10,2020-12-18 21:00:00,56.25,168.75,981.9425,21.288,False,False,512,512,Solovieva_diploma_PL_training_images/png/Solovieva_PL_crop_01190_ID_220201207380_step_10.png,Solovieva_diploma_PL_training_images/npy/Solovieva_PL_crop_01190_ID_220201207380_step_10.npy,crop_01190_ID_220201207380_step_10_c3339dea93.png,/content/drive/MyDrive/sentinel3/SLSTR/ml_manual_crops_010526/png/crop_01190_ID_220201207380_step_10_c3339dea93.png,True,S3B_SL_1_RBT____20201218T102346_20201218T102646_20201219T154004_0179_047_051_0900_LN2_O_NT_004,,,,,,crop_01190_ID_220201207380_step_10_c3339dea93.png,1190,220201207380,10,220201207380,10,2020-12-18 10:00:00,56.25,168.75,981.9425,,2020-12-18 10:24:44.808231,55.930214,166.11748699999998,оставлено прежнее значение,False,False,lookup_by_new_ID_step,False,True
Solovieva_PL_crop_01194_ID_220201207670_step_0,1194,220201207670,0,2020-12-19,00:00:00,2020-12-19 00:00:00,56.0,167.25,984.46625,21.287,2020-12-19 00:10:51.232581,57.36669,165.01479799999998,56.0,167.25,0.0,1.0,2020-12-19 00:00:00,2020-12-19 01:00:00,0.1808979391666666,204.26107010659737,204.26107010659737,0.1808979391666666,218.73290523993072,same_id,interpolated_track_position_nearest_track_point_for_targets,ok,True,True,220201207670,0,2020-12-19 10:00:00,56.0,167.25,984.46625,21.287,False,False,512,512,Solovieva_diploma_PL_training_images/png/Solovieva_PL_crop_01194_ID_220201207670_step_0.png,Solovieva_diploma_PL_training_images/npy/Solovieva_PL_crop_01194_ID_220201207670_step_0.npy,crop_01194_ID_220201207670_step_0_58f89dd66b.png,/content/drive/MyDrive/sentinel3/SLSTR/ml_manual_crops_010526/png/crop_01194_ID_220201207670_step_0_58f89dd66b.png,True,S3B_SL_1_RBT____20201219T000940_20201219T001240_20201220T050822_0179_047_059_1980_LN2_O_NT_004,,,,,,crop_01194_ID_220201207670_step_0_58f89dd66b.png,1194,220201207670,0,220201207670,0,2020-12-19 00:00:00,56.0,167.25,984.46625,,2020-12-19 00:10:51.232581,57.36669,165.01479799999998,оставлено прежнее значение,False,False,lookup_by_new_ID_step,False,True
Solovieva_PL_crop_01200_ID_220201207670_step_10,1200,220201207670,10,2020-12-19,10:00:00,2020-12-19 10:00:00,56.5,166.25,985.14062,18.679,2020-12-19 09:58:50.939491,56.114811,167.148525,56.49520413131945,166.25479586868056,9.0,10.0,2020-12-19 09:00:00,2020-12-19 10:00:00,0.9808165252777776,69.48763395044485,70.04461146389256,0.0191834747222222,71.02231192822262,same_id,interpolated_track_position_nearest_track_point_for_targets,ok,True,True,220201207670,10,2020-12-19 20:00:00,56.5,166.25,985.14062,18.679,False,False,512,512,Solovieva_diploma_PL_training_images/png/Solovieva_PL_crop_01200_ID_220201207670_step_10.png,Solovieva_diploma_PL_training_images/npy/Solovieva_PL_crop_01200_ID_220201207670_step_10.npy,crop_01200_ID_220201207670_step_10_588e70e0af.png,/content/drive/MyDrive/sentinel3/SLSTR/ml_manual_crops_010526/png/crop_01200_ID_220201207670_step_10_588e70e0af.png,True,S3B_SL_1_RBT____20201219T095735_20201219T100035_20201220T144359_0179_047_065_0900_LN2_O_NT_004,,,,,,crop_01200_ID_220201207670_step_10_588e70e0af.png,1200,220201207670,10,220201207670,10,2020-12-19 10:00:00,56.5,166.25,985.14062,,2020-12-19 09:58:50.939491,56.114811,167.148525,оставлено прежнее значение,False,False,lookup_by_new_ID_step,False,True
Solovieva_PL_crop_01203_ID_220201207670_step_11,1203,220201207670,11,2020-12-19,11:00:00,2020-12-19 11:00:00,56.5,166.25,985.24683,18.887,2020-12-19 10:37:53.211632,56.403223,167.164488,56.5,166.25,10.0,11.0,2020-12-19 10:00:00,2020-12-19 11:00:00,0.6314476755555556,57.21669190753805,57.21669190753805,0.3685523244444444,86.70087786309361,same_id,interpolated_track_position_nearest_track_point_for_targets,ok,True,True,220201207670,11,2020-12-19 21:00:00,56.5,166.25,985.24683,18.887,False,False,512,512,Solovieva_diploma_PL_training_images/png/Solovieva_PL_crop_01203_ID_220201207670_step_11.png,Solovieva_diploma_PL_training_images/npy/Solovieva_PL_crop_01203_ID_220201207670_step_11.npy,crop_01203_ID_220201207670_step_11_f71a3f3e0b.png,/content/drive/MyDrive/sentinel3/SLSTR/ml_manual_crops_010526/png/crop_01203_ID_220201207670_step_11_f71a3f3e0b.png,True,S3A_SL_1_RBT____20201219T103655_20201219T103955_20201220T154943_0180_066_208_0900_LN2_O_NT_004,,,,,,crop_01203_ID_220201207670_step_11_f71a3f3e0b.png,1203,220201207670,11,220201207670,11,2020-12-19 11:00:00,56.5,166.25,985.24683,,2020-12-19 10:37:53.211632,56.403223,167.164488,оставлено прежнее значение,False,False,lookup_by_new_ID_step,False,True
Solovieva_PL_crop_01217_ID_220201208000_step_10,1217,220201208000,10,2020-12-20,10:00:00,2020-12-20 10:00:00,59.5,159.0,991.03308,20.203,2020-12-20 10:12:27.700698,57.822971,163.581435,59.55192365958333,158.89615268083332,10.0,11.0,2020-12-20 10:00:00,2020-12-20 11:00:00,0.2076946383333333,331.947149978108,323.8836793597048,0.2076946383333333,348.56272104477466,same_id,interpolated_track_position_nearest_track_point_for_targets,warning_distance,True,True,220201208000,10,2020-12-20 14:00:00,59.5,159.0,991.03308,20.203,False,False,512,512,Solovieva_diploma_PL_training_images/png/Solovieva_PL_crop_01217_ID_220201208000_step_10.png,Solovieva_diploma_PL_training_images/npy/Solovieva_PL_crop_01217_ID_220201208000_step_10.npy,crop_01217_ID_220201208000_step_10_c7ff3026f3.png,/content/drive/MyDrive/sentinel3/SLSTR/ml_manual_crops_010526/png/crop_01217_ID_220201208000_step_10_c7ff3026f3.png,True,S3A_SL_1_RBT____20201220T101044_20201220T101344_20201221T160128_0180_066_222_0900_LN2_O_NT_004,,,,,,crop_01217_ID_220201208000_step_10_c7ff3026f3.png,1217,220201208000,10,220201208000,10,2020-12-20 10:00:00,59.5,159.0,991.03308,,2020-12-20 10:12:27.700698,57.822971,163.581435,оставлено прежнее значение,False,False,lookup_by_new_ID_step,False,True
Solovieva_PL_crop_01223_ID_220201208200_step_6,1223,220201208200,6,2020-12-21,06:00:00,2020-12-21 06:00:00,54.25,-135.25,1006.62561,25.012,2020-12-21 05:44:22.515045,55.009568,-132.191374,54.184896878125,-135.445309365625,5.0,6.0,2020-12-21 05:00:00,2020-12-21 06:00:00,0.7395875125,228.76223926895327,214.2004707439617,0.2604124875,249.59523826895327,same_id,interpolated_track_position_nearest_track_point_for_targets,ok,True,True,220201208200,6,2020-12-21 03:00:00,54.25,-135.25,1006.62561,25.012,False,False,512,512,Solovieva_diploma_PL_training_images/png/Solovieva_PL_crop_01223_ID_220201208200_step_6.png,Solovieva_diploma_PL_training_images/npy/Solovieva_PL_crop_01223_ID_220201208200_step_6.npy,crop_01223_ID_220201208200_step_6_a091a85ae5.png,/content/drive/MyDrive/sentinel3/SLSTR/ml_manual_crops_010526/png/crop_01223_ID_220201208200_step_6_a091a85ae5.png,True,S3B_SL_1_RBT____20201221T054315_20201221T054615_20201222T115732_0179_047_091_0900_LN2_O_NT_004,,,,,,crop_01223_ID_220201208200_step_6_a091a85ae5.png,1223,220201208200,6,220201208200,6,2020-12-21 06:00:00,54.25,-135.25,1006.62561,,2020-12-21 05:44:22.515045,55.009568,-132.191374,оставлено прежнее значение,False,False,lookup_by_new_ID_step,False,True
Solovieva_PL_crop_01226_ID_220201208460_step_11,1226,220201208460,11,2020-12-21,11:00:00,2020-12-21 11:00:00,57.75,153.25,992.87433,18.916,2020-12-21 10:47:52.200030,57.740324,155.72893899999997,57.75,153.3005416645833,10.0,11.0,2020-12-21 10:00:00,2020-12-21 11:00:00,0.7978333416666666,144.10509040354356,147.10381917395694,0.2021666583333333,160.27842307021024,same_id,interpolated_track_position_nearest_track_point_for_targets,ok,True,True,220201208460,11,2020-12-21 22:00:00,57.75,153.25,992.87433,18.916,False,False,512,512,Solovieva_diploma_PL_training_images/png/Solovieva_PL_crop_01226_ID_220201208460_step_11.png,Solovieva_diploma_PL_training_images/npy/Solovieva_PL_crop_01226_ID_220201208460_step_11.npy,crop_01226_ID_220201208460_step_11_0f9c8f24a9.png,/content/drive/MyDrive/sentinel3/SLSTR/ml_manual_crops_010526/png/crop_01226_ID_220201208460_step_11_0f9c8f24a9.png,True,S3B_SL_1_RBT____20201221T104613_20201221T104913_20201222T165914_0179_047_094_0900_LN2_O_NT_004,,,,,,crop_01226_ID_220201208460_step_11_0f9c8f24a9.png,1226,220201208460,11,220201208460,11,2020-12-21 11:00:00,57.75,153.25,992.87433,,2020-12-21 10:47:52.200030,57.740324,155.72893899999997,оставлено прежнее значение,False,False,lookup_by_new_ID_step,False,True
Solovieva_PL_crop_01231_ID_220201208460_step_24,1231,220201208460,24,2020-12-23,00:00:00,2020-12-23 00:00:00,57.5,150.75,991.06,27.759,2020-12-23 00:07:53.361053,56.811166,150.194297,57.5,150.75,24.0,25.0,2020-12-23 00:00:00,2020-12-23 01:00:00,0.1314891813888888,83.60492684329569,83.60492684329569,0.1314891813888889,94.1240613544068,same_id,interpolated_track_position_nearest_track_point_for_targets,ok,True,True,220201208460,24,2020-12-22 11:00:00,57.5,150.75,991.06,27.759,False,False,512,512,Solovieva_diploma_PL_training_images/png/Solovieva_PL_crop_01231_ID_220201208460_step_24.png,Solovieva_diploma_PL_training_images/npy/Solovieva_PL_crop_01231_ID_220201208460_step_24.npy,crop_01231_ID_220201208460_step_24_17ead526dc.png,/content/drive/MyDrive/sentinel3/SLSTR/ml_manual_crops_010526/png/crop_01231_ID_220201208460_step_24_17ead526dc.png,True,S3B_SL_1_RBT____20201223T000556_20201223T000856_20201224T053532_0179_047_116_1980_LN2_O_NT_004,,,,,,crop_01231_ID_220201208460_step_24_17ead526dc.png,1231,220201208460,24,220201208460,24,2020-12-23 00:00:00,57.5,150.75,991.06,,2020-12-23 00:07:53.361053,56.811166,150.194297,оставлено прежнее значение,False,False,lookup_by_new_ID_step,False,True
Solovieva_PL_crop_01232_ID_220201208460_step_36,1232,220201208460,36,2020-12-23,12:00:00,2020-12-23 12:00:00,56.75,149.25,985.07001,41.898,2020-12-23 11:35:46.567110,56.031514,150.46844899999996,56.850932839583336,149.25,35.0,36.0,2020-12-23 11:00:00,2020-12-23 12:00:00,0.5962686416666667,117.94229423867408,109.57284171802132,0.4037313583333333,150.24080290534076,same_id,interpolated_track_position_nearest_track_point_for_targets,ok,True,True,220201208460,36,2020-12-22 23:00:00,56.75,149.25,985.07001,41.898,False,False,512,512,Solovieva_diploma_PL_training_images/png/Solovieva_PL_crop_01232_ID_220201208460_step_36.png,Solovieva_diploma_PL_training_images/npy/Solovieva_PL_crop_01232_ID_220201208460_step_36.npy,crop_01232_ID_220201208460_step_36_9f125497d8.png,/content/drive/MyDrive/sentinel3/SLSTR/ml_manual_crops_010526/png/crop_01232_ID_220201208460_step_36_9f125497d8.png,True,S3B_SL_1_RBT____20201223T113450_20201223T113750_20201224T172422_0179_047_123_0900_LN2_O_NT_004,,,,,,crop_01232_ID_220201208460_step_36_9f125497d8.png,1232,220201208460,36,220201208460,36,2020-12-23 12:00:00,56.75,149.25,985.07001,,2020-12-23 11:35:46.567110,56.031514,150.46844899999996,оставлено прежнее значение,False,False,lookup_by_new_ID_step,False,True
Solovieva_PL_crop_01238_ID_220201208460_step_48,1238,220201208460,48,2020-12-25,00:00:00,2020-12-25 00:00:00,54.75,150.5,985.56433,41.973,2020-12-24 23:55:34.306843,54.406717,152.33937100000003,54.76845091368055,150.48154908631943,47.0,48.0,2020-12-24 23:00:00,2020-12-25 00:00:00,0.9261963452777778,126.27714269974004,124.53234894791882,0.0738036547222222,132.18143507751782,same_id,interpolated_track_position_nearest_track_point_for_targets,ok,True,True,220201208460,48,2020-12-23 11:00:00,54.75,150.5,985.56433,41.973,False,False,512,512,Solovieva_diploma_PL_training_images/png/Solovieva_PL_crop_01238_ID_220201208460_step_48.png,Solovieva_diploma_PL_training_images/npy/Solovieva_PL_crop_01238_ID_220201208460_step_48.npy,crop_01238_ID_220201208460_step_48_9cd3cdcfbe.png,/content/drive/MyDrive/sentinel3/SLSTR/ml_manual_crops_010526/png/crop_01238_ID_220201208460_step_48_9cd3cdcfbe.png,True,S3A_SL_1_RBT____20201224T235255_20201224T235555_20201226T052247_0179_066_287_1980_LN2_O_NT_004,,,,,,crop_01238_ID_220201208460_step_48_9cd3cdcfbe.png,1238,220201208460,48,220201208460,48,2020-12-25 00:00:00,54.75,150.5,985.56433,,2020-12-24 23:55:34.306843,54.406717,152.33937100000003,оставлено прежнее значение,False,False,lookup_by_new_ID_step,False,True
Solovieva_PL_crop_01236_ID_220201209650_step_11,1236,220201209650,11,2020-12-24,11:00:00,2020-12-24 11:00:00,57.75,153.25,993.59747,28.953,2020-12-24 11:10:11.300560,57.747716,153.258921,57.75,153.2924514277778,11.0,12.0,2020-12-24 11:00:00,2020-12-24 12:00:00,0.1698057111111111,2.005742264492984,0.5871182549592164,0.1698057111111111,15.590199153381873,same_id,interpolated_track_position_nearest_track_point_for_targets,ok,True,True,220201209650,11,2020-12-24 11:00:00,57.75,153.25,993.59747,28.953,False,False,512,512,Solovieva_diploma_PL_training_images/png/Solovieva_PL_crop_01236_ID_220201209650_step_11.png,Solovieva_diploma_PL_training_images/npy/Solovieva_PL_crop_01236_ID_220201209650_step_11.npy,crop_01236_ID_220201209650_step_11_8ddcddc2da.png,/content/drive/MyDrive/sentinel3/SLSTR/ml_manual_crops_010526/png/crop_01236_ID_220201209650_step_11_8ddcddc2da.png,True,S3B_SL_1_RBT____20201224T110839_20201224T111139_20201225T164317_0180_047_137_0900_LN2_O_NT_004,,,,,,crop_01236_ID_220201209650_step_11_8ddcddc2da.png,1236,220201209650,11,220201209650,11,2020-12-24 11:00:00,57.75,153.25,993.59747,,2020-12-24 11:10:11.300560,57.747716,153.258921,pred_valid_20260508_1839.csv:rel_vort_850_smth,False,False,lookup_by_new_ID_step,False,True
Solovieva_PL_crop_01233_ID_220201209900_step_0,1233,220201209900,0,2020-12-24,00:00:00,2020-12-24 00:00:00,54.0,160.75,998.86438,16.238,2020-12-24 00:21:34.313801,53.844696,155.31489,53.91011709715278,161.1095316113889,0.0,1.0,2020-12-24 00:00:00,2020-12-24 01:00:00,0.3595316113888889,379.8088325726831,356.2251674998537,0.3595316113888889,408.5713614837942,same_id,interpolated_track_position_nearest_track_point_for_targets,warning_distance,True,True,220201209900,0,2020-12-24 10:00:00,54.0,160.75,998.86438,16.238,False,False,512,512,Solovieva_diploma_PL_training_images/png/Solovieva_PL_crop_01233_ID_220201209900_step_0.png,Solovieva_diploma_PL_training_images/npy/Solovieva_PL_crop_01233_ID_220201209900_step_0.npy,crop_01233_ID_220201209900_step_0_ca2e8aad0c.png,/content/drive/MyDrive/sentinel3/SLSTR/ml_manual_crops_010526/png/crop_01233_ID_220201209900_step_0_ca2e8aad0c.png,True,S3A_SL_1_RBT____20201224T001905_20201224T002205_20201225T060317_0179_066_273_1980_LN2_O_NT_004,,,,,,crop_01233_ID_220201209900_step_0_ca2e8aad0c.png,1233,220201209900,0,220201209900,0,2020-12-24 00:00:00,54.0,160.75,998.86438,,2020-12-24 00:21:34.313801,53.844696,155.31489,оставлено прежнее значение,False,False,lookup_by_new_ID_step,False,True
Solovieva_PL_crop_01242_ID_220201210420_step_8,1242,220201210420,8,2020-12-25,08:00:00,2020-12-25 08:00:00,50.5,-154.75,992.51562,24.071,2020-12-25 07:58:42.074865,47.977817,-158.252838,50.5,-154.76082293541666,7.0,8.0,2020-12-25 07:00:00,2020-12-25 08:00:00,0.9783541291666666,377.97227610046406,378.499135329299,0.0216458708333333,379.70394576713073,same_id,interpolated_track_position_nearest_track_point_for_targets,warning_distance,True,True,220201210420,8,2020-12-25 16:00:00,50.5,-154.75,992.51562,24.071,False,False,512,512,Solovieva_diploma_PL_training_images/png/Solovieva_PL_crop_01242_ID_220201210420_step_8.png,Solovieva_diploma_PL_training_images/npy/Solovieva_PL_crop_01242_ID_220201210420_step_8.npy,crop_01242_ID_220201210420_step_8_15314491d7.png,/content/drive/MyDrive/sentinel3/SLSTR/ml_manual_crops_010526/png/crop_01242_ID_220201210420_step_8_15314491d7.png,True,S3A_SL_1_RBT____20201225T075651_20201225T075951_20201226T133846_0179_066_292_0720_LN2_O_NT_004,,,,,,crop_01242_ID_220201210420_step_8_15314491d7.png,1242,220201210420,8,220201210420,8,2020-12-25 08:00:00,50.5,-154.75,992.51562,,2020-12-25 07:58:42.074865,47.977817,-158.252838,оставлено прежнее значение,False,False,lookup_by_new_ID_step,False,True
Solovieva_PL_crop_01247_ID_220201210700_step_9,1247,220201210700,9,2020-12-26,09:00:00,2020-12-26 09:00:00,60.75,178.5,1002.27496,21.281,2020-12-26 09:16:07.604744,57.855128,-175.404426,60.75,178.4328052261111,9.0,10.0,2020-12-26 09:00:00,2020-12-26 10:00:00,0.2687790955555555,475.0416285055476,472.2493434086799,0.2687790955555555,496.543956149992,same_id,interpolated_track_position_nearest_track_point_for_targets,warning_distance,True,True,220201210700,9,2020-12-26 00:00:00,60.75,178.5,1002.27496,21.281,False,False,512,512,Solovieva_diploma_PL_training_images/png/Solovieva_PL_crop_01247_ID_220201210700_step_9.png,Solovieva_diploma_PL_training_images/npy/Solovieva_PL_crop_01247_ID_220201210700_step_9.npy,crop_01247_ID_220201210700_step_9_5ceba38c78.png,/content/drive/MyDrive/sentinel3/SLSTR/ml_manual_crops_010526/png/crop_01247_ID_220201210700_step_9_5ceba38c78.png,True,S3A_SL_1_RBT____20201226T091439_20201226T091739_20201227T143651_0179_066_307_0900_LN2_O_NT_004,,,,,,crop_01247_ID_220201210700_step_9_5ceba38c78.png,1247,220201210700,9,220201210700,9,2020-12-26 09:00:00,60.75,178.5,1002.27496,,2020-12-26 09:16:07.604744,57.855128,-175.404426,оставлено прежнее значение,False,False,lookup_by_new_ID_step,False,True
Solovieva_PL_crop_01255_ID_220201211290_step_10,1255,220201211290,10,2020-12-27,10:00:00,2020-12-27 10:00:00,49.5,159.75,989.76996,20.804,2020-12-27 10:28:39.748292,48.644436,161.14989400000002,49.38057303527778,159.98885392944442,10.0,11.0,2020-12-27 10:00:00,2020-12-27 11:00:00,0.4777078588888889,117.77001101283663,139.45656539231652,0.4777078588888889,155.98663972394775,same_id,interpolated_track_position_nearest_track_point_for_targets,ok,True,True,220201211290,10,2020-12-27 06:00:00,49.5,159.75,989.76996,20.804,False,False,512,512,Solovieva_diploma_PL_training_images/png/Solovieva_PL_crop_01255_ID_220201211290_step_10.png,Solovieva_diploma_PL_training_images/npy/Solovieva_PL_crop_01255_ID_220201211290_step_10.npy,crop_01255_ID_220201211290_step_10_8f1c8bc617.png,/content/drive/MyDrive/sentinel3/SLSTR/ml_manual_crops_010526/png/crop_01255_ID_220201211290_step_10_8f1c8bc617.png,True,S3A_SL_1_RBT____20201227T102628_20201227T102928_20201228T152921_0179_066_322_0720_LN2_O_NT_004,,,,,,crop_01255_ID_220201211290_step_10_8f1c8bc617.png,1255,220201211290,10,220201211290,10,2020-12-27 10:00:00,49.5,159.75,989.76996,,2020-12-27 10:28:39.748292,48.644436,161.14989400000002,оставлено прежнее значение,False,False,lookup_by_new_ID_step,False,True
Solovieva_PL_crop_01252_ID_220201211540_step_0,1252,220201211540,0,2020-12-27,00:00:00,2020-12-27 00:00:00,53.0,160.75,985.67499,16.046,2020-12-27 00:04:50.395204,53.744446,156.16603999999995,52.97983366638889,160.75,0.0,1.0,2020-12-27 00:00:00,2020-12-27 01:00:00,0.0806653344444444,315.7685390350972,315.1034373283629,0.0806653344444444,322.22176579065274,same_id,interpolated_track_position_nearest_track_point_for_targets,warning_distance,True,True,220201211540,0,2020-12-27 11:00:00,53.0,160.75,985.67499,16.046,False,False,512,512,Solovieva_diploma_PL_training_images/png/Solovieva_PL_crop_01252_ID_220201211540_step_0.png,Solovieva_diploma_PL_training_images/npy/Solovieva_PL_crop_01252_ID_220201211540_step_0.npy,crop_01252_ID_220201211540_step_0_4cb59f551a.png,/content/drive/MyDrive/sentinel3/SLSTR/ml_manual_crops_010526/png/crop_01252_ID_220201211540_step_0_4cb59f551a.png,True,S3B_SL_1_RBT____20201227T000211_20201227T000511_20201228T043839_0179_047_173_1980_LN2_O_NT_004,,,,,,crop_01252_ID_220201211540_step_0_4cb59f551a.png,1252,220201211540,0,220201211540,0,2020-12-27 00:00:00,53.0,160.75,985.67499,,2020-12-27 00:04:50.395204,53.744446,156.16603999999995,оставлено прежнее значение,False,False,lookup_by_new_ID_step,False,True
Solovieva_PL_crop_01268_ID_220201213410_step_9,1268,220201213410,9,2020-12-30,09:00:00,2020-12-30 09:00:00,55.5,175.75,983.28998,22.604000000000003,2020-12-30 09:12:05.834377,56.331208,-177.48147799999998,55.55040516506944,175.80040516506944,9.0,10.0,2020-12-30 09:00:00,2020-12-30 10:00:00,0.2016206602777777,427.0968606808906,431.5977442606672,0.2016206602777777,443.2265135031128,same_id,interpolated_track_position_nearest_track_point_for_targets,warning_distance,True,True,220201213410,9,2020-12-30 19:00:00,55.5,175.75,983.28998,22.604000000000003,False,False,512,512,Solovieva_diploma_PL_training_images/png/Solovieva_PL_crop_01268_ID_220201213410_step_9.png,Solovieva_diploma_PL_training_images/npy/Solovieva_PL_crop_01268_ID_220201213410_step_9.npy,crop_01268_ID_220201213410_step_9_fbde5c8b3d.png,/content/drive/MyDrive/sentinel3/SLSTR/ml_manual_crops_010526/png/crop_01268_ID_220201213410_step_9_fbde5c8b3d.png,True,S3A_SL_1_RBT____20201230T091056_20201230T091356_20201231T152941_0179_066_364_0900_LN2_O_NT_004,,,,,,crop_01268_ID_220201213410_step_9_fbde5c8b3d.png,1268,220201213410,9,220201213410,9,2020-12-30 09:00:00,55.5,175.75,983.28998,,2020-12-30 09:12:05.834377,56.331208,-177.48147799999998,оставлено прежнее значение,False,False,lookup_by_new_ID_step,False,True
Solovieva_PL_crop_01270_ID_220201213410_step_10,1270,220201213410,10,2020-12-30,10:00:00,2020-12-30 10:00:00,55.75,176.0,984.2962,22.637,2020-12-30 10:13:38.920834,56.454525,169.832626,55.75,176.0568695023611,10.0,11.0,2020-12-30 10:00:00,2020-12-30 11:00:00,0.2274780094444444,393.7181846820196,390.2662310831316,0.2274780094444444,411.9164254375751,same_id,interpolated_track_position_nearest_track_point_for_targets,warning_distance,True,True,220201213410,10,2020-12-30 20:00:00,55.75,176.0,984.2962,22.637,False,False,512,512,Solovieva_diploma_PL_training_images/png/Solovieva_PL_crop_01270_ID_220201213410_step_10.png,Solovieva_diploma_PL_training_images/npy/Solovieva_PL_crop_01270_ID_220201213410_step_10.npy,crop_01270_ID_220201213410_step_10_e306a2d5ef.png,/content/drive/MyDrive/sentinel3/SLSTR/ml_manual_crops_010526/png/crop_01270_ID_220201213410_step_10_e306a2d5ef.png,True,S3B_SL_1_RBT____20201230T101233_20201230T101533_20201231T155805_0180_047_222_0900_LN2_O_NT_004,,,,,,crop_01270_ID_220201213410_step_10_e306a2d5ef.png,1270,220201213410,10,220201213410,10,2020-12-30 10:00:00,55.75,176.0,984.2962,,2020-12-30 10:13:38.920834,56.454525,169.832626,оставлено прежнее значение,False,False,lookup_by_new_ID_step,False,True
Solovieva_PL_crop_01280_ID_220201213410_step_22,1280,220201213410,22,2020-12-31,22:00:00,2020-12-31 22:00:00,58.5,177.0,986.01562,15.823,2020-12-31 22:33:19.026905,54.134437,175.7432,58.5,177.0,22.0,22.0,2020-12-31 22:00:00,2020-12-31 22:00:00,0.0,491.5536769621614,491.5536769621614,0.5552852513888888,535.9764970732725,same_id,nearest_track_point,warning_distance,True,True,220201213410,22,2020-12-31 08:00:00,58.5,177.0,986.01562,15.823,False,False,512,512,Solovieva_diploma_PL_training_images/png/Solovieva_PL_crop_01280_ID_220201213410_step_22.png,Solovieva_diploma_PL_training_images/npy/Solovieva_PL_crop_01280_ID_220201213410_step_22.npy,crop_01280_ID_220201213410_step_22_7e3093b53b.png,/content/drive/MyDrive/sentinel3/SLSTR/ml_manual_crops_010526/png/crop_01280_ID_220201213410_step_22_7e3093b53b.png,True,S3A_SL_1_RBT____20201231T223039_20201231T223339_20210102T040339_0179_067_001_1980_LN2_O_NT_004,,,,,,crop_01280_ID_220201213410_step_22_7e3093b53b.png,1280,220201213410,22,220201213410,22,2020-12-31 22:00:00,58.5,177.0,986.01562,,2020-12-31 22:33:19.026905,54.134437,175.7432,оставлено прежнее значение,False,False,lookup_by_new_ID_step,False,True
Solovieva_PL_crop_01277_ID_220201213780_step_1,1277,220201213780,1,2020-12-31,01:00:00,2020-12-31 01:00:00,50.25,151.25,974.20813,30.693000000000005,2020-12-31 00:41:45.765671,48.142328,151.78517,50.553953980277775,151.17401150493055,0.0,1.0,2020-12-31 00:00:00,2020-12-31 01:00:00,0.6960460197222222,271.78780281323054,237.5648907056389,0.3039539802777777,296.10412123545274,same_id,interpolated_track_position_nearest_track_point_for_targets,ok,True,True,220201213780,1,2020-12-31 05:00:00,50.25,151.25,974.20813,30.693000000000005,False,False,512,512,Solovieva_diploma_PL_training_images/png/Solovieva_PL_crop_01277_ID_220201213780_step_1.png,Solovieva_diploma_PL_training_images/npy/Solovieva_PL_crop_01277_ID_220201213780_step_1.npy,crop_01277_ID_220201213780_step_1_bb81dbcb31.png,/content/drive/MyDrive/sentinel3/SLSTR/ml_manual_crops_010526/png/crop_01277_ID_220201213780_step_1_bb81dbcb31.png,True,S3A_SL_1_RBT____20201231T004049_20201231T004349_20210101T062640_0179_066_373_2160_LN2_O_NT_004,,,,,,crop_01277_ID_220201213780_step_1_bb81dbcb31.png,1277,220201213780,1,220201213780,1,2020-12-31 01:00:00,50.25,151.25,974.20813,,2020-12-31 00:41:45.765671,48.142328,151.78517,pred_valid_20260508_1839.csv:rel_vort_850_smth,False,False,lookup_by_new_ID_step,False,True
