image_id,crop_number,ID,step,date,time_utc,datetime,lat,lon,slp,rel_vort_850_smth,image_width_px,image_height_px,png_relative_path,npy_relative_path,source_png_filename,source_png_path,is_matched
Solovieva_PL_crop_00001_ID_120200107090_step_35,1,120200107090,35,2020-01-12,14:00:00,2020-01-12 14:00:00,66.5,-3.0,970.90997,24.22300000000001,512,512,Solovieva_diploma_PL_training_images/png/Solovieva_PL_crop_00001_ID_120200107090_step_35.png,Solovieva_diploma_PL_training_images/npy/Solovieva_PL_crop_00001_ID_120200107090_step_35.npy,crop_00001_ID_120200107090_step_35_a8fb589c6a.png,/content/drive/MyDrive/sentinel3/SLSTR/ml_manual_crops_010526/png/crop_00001_ID_120200107090_step_35_a8fb589c6a.png,True
Solovieva_PL_crop_00004_ID_120200107090_step_35,4,120200107090,35,2020-01-12,14:00:00,2020-01-12 14:00:00,66.5,-3.0,970.90997,24.22300000000001,512,512,Solovieva_diploma_PL_training_images/png/Solovieva_PL_crop_00004_ID_120200107090_step_35.png,Solovieva_diploma_PL_training_images/npy/Solovieva_PL_crop_00004_ID_120200107090_step_35.npy,crop_00004_ID_120200107090_step_35_a8fb589c6a.png,/content/drive/MyDrive/sentinel3/SLSTR/ml_manual_crops_010526/png/crop_00004_ID_120200107090_step_35_a8fb589c6a.png,True
Solovieva_PL_crop_00004_ID_120200107090_step_36,4,120200107090,36,2020-01-12,15:00:00,2020-01-12 15:00:00,66.75,-2.0,971.16058,25.625,512,512,Solovieva_diploma_PL_training_images/png/Solovieva_PL_crop_00004_ID_120200107090_step_36.png,Solovieva_diploma_PL_training_images/npy/Solovieva_PL_crop_00004_ID_120200107090_step_36.npy,crop_00004_ID_120200107090_step_36_ffab607109.png,/content/drive/MyDrive/sentinel3/SLSTR/ml_manual_crops_010526/png/crop_00004_ID_120200107090_step_36_ffab607109.png,True
Solovieva_PL_crop_00008_ID_120200107090_step_43,8,120200107090,43,2020-01-12,22:00:00,2020-01-12 22:00:00,68.5,2.75,972.1806,28.181999999999995,512,512,Solovieva_diploma_PL_training_images/png/Solovieva_PL_crop_00008_ID_120200107090_step_43.png,Solovieva_diploma_PL_training_images/npy/Solovieva_PL_crop_00008_ID_120200107090_step_43.npy,crop_00008_ID_120200107090_step_43_c1b882af1b.png,/content/drive/MyDrive/sentinel3/SLSTR/ml_manual_crops_010526/png/crop_00008_ID_120200107090_step_43_c1b882af1b.png,True
Solovieva_PL_crop_00009_ID_120200107090_step_44,9,120200107090,44,2020-01-12,23:00:00,2020-01-12 23:00:00,68.5,2.75,973.16125,28.549000000000003,512,512,Solovieva_diploma_PL_training_images/png/Solovieva_PL_crop_00009_ID_120200107090_step_44.png,Solovieva_diploma_PL_training_images/npy/Solovieva_PL_crop_00009_ID_120200107090_step_44.npy,crop_00009_ID_120200107090_step_44_25122e9b84.png,/content/drive/MyDrive/sentinel3/SLSTR/ml_manual_crops_010526/png/crop_00009_ID_120200107090_step_44_25122e9b84.png,True
Solovieva_PL_crop_00005_ID_120200107800_step_13,5,120200107800,13,2020-01-13,00:00:00,2020-01-13 00:00:00,53.0,-34.5,985.44501,15.755999999999998,512,512,Solovieva_diploma_PL_training_images/png/Solovieva_PL_crop_00005_ID_120200107800_step_13.png,Solovieva_diploma_PL_training_images/npy/Solovieva_PL_crop_00005_ID_120200107800_step_13.npy,crop_00005_ID_120200107800_step_13_0dd4e75033.png,/content/drive/MyDrive/sentinel3/SLSTR/ml_manual_crops_010526/png/crop_00005_ID_120200107800_step_13_0dd4e75033.png,True
Solovieva_PL_crop_00006_ID_120200108210_step_13,6,120200108210,13,2020-01-13,15:00:00,2020-01-13 15:00:00,61.0,-35.5,970.08685,29.37,512,512,Solovieva_diploma_PL_training_images/png/Solovieva_PL_crop_00006_ID_120200108210_step_13.png,Solovieva_diploma_PL_training_images/npy/Solovieva_PL_crop_00006_ID_120200108210_step_13.npy,crop_00006_ID_120200108210_step_13_df4e6be14c.png,/content/drive/MyDrive/sentinel3/SLSTR/ml_manual_crops_010526/png/crop_00006_ID_120200108210_step_13_df4e6be14c.png,True
Solovieva_PL_crop_00010_ID_120200108210_step_21,10,120200108210,21,2020-01-13,23:00:00,2020-01-13 23:00:00,57.25,-33.5,971.62933,25.268,512,512,Solovieva_diploma_PL_training_images/png/Solovieva_PL_crop_00010_ID_120200108210_step_21.png,Solovieva_diploma_PL_training_images/npy/Solovieva_PL_crop_00010_ID_120200108210_step_21.npy,crop_00010_ID_120200108210_step_21_fe21f25af1.png,/content/drive/MyDrive/sentinel3/SLSTR/ml_manual_crops_010526/png/crop_00010_ID_120200108210_step_21_fe21f25af1.png,True
Solovieva_PL_crop_00014_ID_120200108210_step_23,14,120200108210,23,2020-01-14,01:00:00,2020-01-14 01:00:00,56.5,-31.75,971.08997,21.249,512,512,Solovieva_diploma_PL_training_images/png/Solovieva_PL_crop_00014_ID_120200108210_step_23.png,Solovieva_diploma_PL_training_images/npy/Solovieva_PL_crop_00014_ID_120200108210_step_23.npy,crop_00014_ID_120200108210_step_23_2183b5ed9e.png,/content/drive/MyDrive/sentinel3/SLSTR/ml_manual_crops_010526/png/crop_00014_ID_120200108210_step_23_2183b5ed9e.png,True
Solovieva_PL_crop_00016_ID_120200109640_step_12,16,120200109640,12,2020-01-15,23:00:00,2020-01-15 23:00:00,54.25,-32.25,992.60809,17.447000000000003,512,512,Solovieva_diploma_PL_training_images/png/Solovieva_PL_crop_00016_ID_120200109640_step_12.png,Solovieva_diploma_PL_training_images/npy/Solovieva_PL_crop_00016_ID_120200109640_step_12.npy,crop_00016_ID_120200109640_step_12_31a78092de.png,/content/drive/MyDrive/sentinel3/SLSTR/ml_manual_crops_010526/png/crop_00016_ID_120200109640_step_12_31a78092de.png,True
Solovieva_PL_crop_00029_ID_120200109640_step_22,29,120200109640,22,2020-01-16,09:00:00,2020-01-16 09:00:00,53.25,-27.25,995.06561,18.729000000000003,512,512,Solovieva_diploma_PL_training_images/png/Solovieva_PL_crop_00029_ID_120200109640_step_22.png,Solovieva_diploma_PL_training_images/npy/Solovieva_PL_crop_00029_ID_120200109640_step_22.npy,crop_00029_ID_120200109640_step_22_0d818bd202.png,/content/drive/MyDrive/sentinel3/SLSTR/ml_manual_crops_010526/png/crop_00029_ID_120200109640_step_22_0d818bd202.png,True
Solovieva_PL_crop_00030_ID_120200109640_step_23,30,120200109640,23,2020-01-16,10:00:00,2020-01-16 10:00:00,53.25,-27.0,995.96997,18.309,512,512,Solovieva_diploma_PL_training_images/png/Solovieva_PL_crop_00030_ID_120200109640_step_23.png,Solovieva_diploma_PL_training_images/npy/Solovieva_PL_crop_00030_ID_120200109640_step_23.npy,crop_00030_ID_120200109640_step_23_86c5ab2378.png,/content/drive/MyDrive/sentinel3/SLSTR/ml_manual_crops_010526/png/crop_00030_ID_120200109640_step_23_86c5ab2378.png,True
Solovieva_PL_crop_00023_ID_120200109680_step_14,23,120200109680,14,2020-01-16,03:00:00,2020-01-16 03:00:00,65.25,-58.25,993.50061,30.124,512,512,Solovieva_diploma_PL_training_images/png/Solovieva_PL_crop_00023_ID_120200109680_step_14.png,Solovieva_diploma_PL_training_images/npy/Solovieva_PL_crop_00023_ID_120200109680_step_14.npy,crop_00023_ID_120200109680_step_14_b822110300.png,/content/drive/MyDrive/sentinel3/SLSTR/ml_manual_crops_010526/png/crop_00023_ID_120200109680_step_14_b822110300.png,True
Solovieva_PL_crop_00033_ID_120200109680_step_25,33,120200109680,25,2020-01-16,14:00:00,2020-01-16 14:00:00,64.75,-58.0,994.09808,26.134,512,512,Solovieva_diploma_PL_training_images/png/Solovieva_PL_crop_00033_ID_120200109680_step_25.png,Solovieva_diploma_PL_training_images/npy/Solovieva_PL_crop_00033_ID_120200109680_step_25.npy,crop_00033_ID_120200109680_step_25_d7d1df36f3.png,/content/drive/MyDrive/sentinel3/SLSTR/ml_manual_crops_010526/png/crop_00033_ID_120200109680_step_25_d7d1df36f3.png,True
Solovieva_PL_crop_00027_ID_120200110030_step_20,27,120200110030,20,2020-01-16,22:00:00,2020-01-16 22:00:00,78.5,0.25,1005.9281,22.25,512,512,Solovieva_diploma_PL_training_images/png/Solovieva_PL_crop_00027_ID_120200110030_step_20.png,Solovieva_diploma_PL_training_images/npy/Solovieva_PL_crop_00027_ID_120200110030_step_20.npy,crop_00027_ID_120200110030_step_20_006004e530.png,/content/drive/MyDrive/sentinel3/SLSTR/ml_manual_crops_010526/png/crop_00027_ID_120200110030_step_20_006004e530.png,True
Solovieva_PL_crop_00028_ID_120200110030_step_21,28,120200110030,21,2020-01-16,23:00:00,2020-01-16 23:00:00,78.5,1.0,1005.57562,22.33,512,512,Solovieva_diploma_PL_training_images/png/Solovieva_PL_crop_00028_ID_120200110030_step_21.png,Solovieva_diploma_PL_training_images/npy/Solovieva_PL_crop_00028_ID_120200110030_step_21.npy,crop_00028_ID_120200110030_step_21_f7a635471d.png,/content/drive/MyDrive/sentinel3/SLSTR/ml_manual_crops_010526/png/crop_00028_ID_120200110030_step_21_f7a635471d.png,True
Solovieva_PL_crop_00022_ID_120200110110_step_13,22,120200110110,13,2020-01-16,20:00:00,2020-01-16 20:00:00,66.5,-30.25,987.35559,30.121,512,512,Solovieva_diploma_PL_training_images/png/Solovieva_PL_crop_00022_ID_120200110110_step_13.png,Solovieva_diploma_PL_training_images/npy/Solovieva_PL_crop_00022_ID_120200110110_step_13.npy,crop_00022_ID_120200110110_step_13_dcc531346f.png,/content/drive/MyDrive/sentinel3/SLSTR/ml_manual_crops_010526/png/crop_00022_ID_120200110110_step_13_dcc531346f.png,True
Solovieva_PL_crop_00024_ID_120200110110_step_14,24,120200110110,14,2020-01-16,21:00:00,2020-01-16 21:00:00,66.5,-30.5,987.35809,30.919,512,512,Solovieva_diploma_PL_training_images/png/Solovieva_PL_crop_00024_ID_120200110110_step_14.png,Solovieva_diploma_PL_training_images/npy/Solovieva_PL_crop_00024_ID_120200110110_step_14.npy,crop_00024_ID_120200110110_step_14_2cc95e4780.png,/content/drive/MyDrive/sentinel3/SLSTR/ml_manual_crops_010526/png/crop_00024_ID_120200110110_step_14_2cc95e4780.png,True
Solovieva_PL_crop_00044_ID_120200110110_step_22,44,120200110110,22,2020-01-17,05:00:00,2020-01-17 05:00:00,66.25,-28.25,986.73999,29.683000000000003,512,512,Solovieva_diploma_PL_training_images/png/Solovieva_PL_crop_00044_ID_120200110110_step_22.png,Solovieva_diploma_PL_training_images/npy/Solovieva_PL_crop_00044_ID_120200110110_step_22.npy,crop_00044_ID_120200110110_step_22_b05630ea48.png,/content/drive/MyDrive/sentinel3/SLSTR/ml_manual_crops_010526/png/crop_00044_ID_120200110110_step_22_b05630ea48.png,True
Solovieva_PL_crop_00046_ID_120200110110_step_23,46,120200110110,23,2020-01-17,06:00:00,2020-01-17 06:00:00,66.75,-30.5,988.6106,31.651,512,512,Solovieva_diploma_PL_training_images/png/Solovieva_PL_crop_00046_ID_120200110110_step_23.png,Solovieva_diploma_PL_training_images/npy/Solovieva_PL_crop_00046_ID_120200110110_step_23.npy,crop_00046_ID_120200110110_step_23_0053cc0c12.png,/content/drive/MyDrive/sentinel3/SLSTR/ml_manual_crops_010526/png/crop_00046_ID_120200110110_step_23_0053cc0c12.png,True
Solovieva_PL_crop_00041_ID_120200110530_step_14,41,120200110530,14,2020-01-17,09:00:00,2020-01-17 09:00:00,59.25,-56.0,991.1181,40.58,512,512,Solovieva_diploma_PL_training_images/png/Solovieva_PL_crop_00041_ID_120200110530_step_14.png,Solovieva_diploma_PL_training_images/npy/Solovieva_PL_crop_00041_ID_120200110530_step_14.npy,crop_00041_ID_120200110530_step_14_9efd4cbfe6.png,/content/drive/MyDrive/sentinel3/SLSTR/ml_manual_crops_010526/png/crop_00041_ID_120200110530_step_14_9efd4cbfe6.png,True
Solovieva_PL_crop_00042_ID_120200110530_step_15,42,120200110530,15,2020-01-17,10:00:00,2020-01-17 10:00:00,59.0,-55.5,989.96686,40.476,512,512,Solovieva_diploma_PL_training_images/png/Solovieva_PL_crop_00042_ID_120200110530_step_15.png,Solovieva_diploma_PL_training_images/npy/Solovieva_PL_crop_00042_ID_120200110530_step_15.npy,crop_00042_ID_120200110530_step_15_0b98544f9b.png,/content/drive/MyDrive/sentinel3/SLSTR/ml_manual_crops_010526/png/crop_00042_ID_120200110530_step_15_0b98544f9b.png,True
Solovieva_PL_crop_00047_ID_120200110530_step_24,47,120200110530,24,2020-01-17,19:00:00,2020-01-17 19:00:00,58.75,-51.0,992.65375,31.409,512,512,Solovieva_diploma_PL_training_images/png/Solovieva_PL_crop_00047_ID_120200110530_step_24.png,Solovieva_diploma_PL_training_images/npy/Solovieva_PL_crop_00047_ID_120200110530_step_24.npy,crop_00047_ID_120200110530_step_24_8160bd0f13.png,/content/drive/MyDrive/sentinel3/SLSTR/ml_manual_crops_010526/png/crop_00047_ID_120200110530_step_24_8160bd0f13.png,True
Solovieva_PL_crop_00048_ID_120200110530_step_25,48,120200110530,25,2020-01-17,20:00:00,2020-01-17 20:00:00,58.75,-50.5,993.31061,30.842,512,512,Solovieva_diploma_PL_training_images/png/Solovieva_PL_crop_00048_ID_120200110530_step_25.png,Solovieva_diploma_PL_training_images/npy/Solovieva_PL_crop_00048_ID_120200110530_step_25.npy,crop_00048_ID_120200110530_step_25_4a7a176ab0.png,/content/drive/MyDrive/sentinel3/SLSTR/ml_manual_crops_010526/png/crop_00048_ID_120200110530_step_25_4a7a176ab0.png,True
Solovieva_PL_crop_00061_ID_120200113080_step_15,61,120200113080,15,2020-01-21,04:00:00,2020-01-21 04:00:00,76.0,45.5,973.13934,23.402,512,512,Solovieva_diploma_PL_training_images/png/Solovieva_PL_crop_00061_ID_120200113080_step_15.png,Solovieva_diploma_PL_training_images/npy/Solovieva_PL_crop_00061_ID_120200113080_step_15.npy,crop_00061_ID_120200113080_step_15_7004c370dd.png,/content/drive/MyDrive/sentinel3/SLSTR/ml_manual_crops_010526/png/crop_00061_ID_120200113080_step_15_7004c370dd.png,True
Solovieva_PL_crop_00064_ID_120200113080_step_16,64,120200113080,16,2020-01-21,05:00:00,2020-01-21 05:00:00,76.0,46.0,972.77124,24.012,512,512,Solovieva_diploma_PL_training_images/png/Solovieva_PL_crop_00064_ID_120200113080_step_16.png,Solovieva_diploma_PL_training_images/npy/Solovieva_PL_crop_00064_ID_120200113080_step_16.npy,crop_00064_ID_120200113080_step_16_809db3f23c.png,/content/drive/MyDrive/sentinel3/SLSTR/ml_manual_crops_010526/png/crop_00064_ID_120200113080_step_16_809db3f23c.png,True
Solovieva_PL_crop_00066_ID_120200113080_step_17,66,120200113080,17,2020-01-21,06:00:00,2020-01-21 06:00:00,76.0,46.5,972.13812,23.531,512,512,Solovieva_diploma_PL_training_images/png/Solovieva_PL_crop_00066_ID_120200113080_step_17.png,Solovieva_diploma_PL_training_images/npy/Solovieva_PL_crop_00066_ID_120200113080_step_17.npy,crop_00066_ID_120200113080_step_17_ee29193c8f.png,/content/drive/MyDrive/sentinel3/SLSTR/ml_manual_crops_010526/png/crop_00066_ID_120200113080_step_17_ee29193c8f.png,True
Solovieva_PL_crop_00068_ID_120200113080_step_18,68,120200113080,18,2020-01-21,07:00:00,2020-01-21 07:00:00,76.0,46.75,971.74249,22.523,512,512,Solovieva_diploma_PL_training_images/png/Solovieva_PL_crop_00068_ID_120200113080_step_18.png,Solovieva_diploma_PL_training_images/npy/Solovieva_PL_crop_00068_ID_120200113080_step_18.npy,crop_00068_ID_120200113080_step_18_13b969803a.png,/content/drive/MyDrive/sentinel3/SLSTR/ml_manual_crops_010526/png/crop_00068_ID_120200113080_step_18_13b969803a.png,True
Solovieva_PL_crop_00070_ID_120200113080_step_19,70,120200113080,19,2020-01-21,08:00:00,2020-01-21 08:00:00,76.0,46.75,971.61621,21.742,512,512,Solovieva_diploma_PL_training_images/png/Solovieva_PL_crop_00070_ID_120200113080_step_19.png,Solovieva_diploma_PL_training_images/npy/Solovieva_PL_crop_00070_ID_120200113080_step_19.npy,crop_00070_ID_120200113080_step_19_4192cfad70.png,/content/drive/MyDrive/sentinel3/SLSTR/ml_manual_crops_010526/png/crop_00070_ID_120200113080_step_19_4192cfad70.png,True
Solovieva_PL_crop_00062_ID_120200113390_step_15,62,120200113390,15,2020-01-21,14:00:00,2020-01-21 14:00:00,71.0,-64.5,992.14813,27.621,512,512,Solovieva_diploma_PL_training_images/png/Solovieva_PL_crop_00062_ID_120200113390_step_15.png,Solovieva_diploma_PL_training_images/npy/Solovieva_PL_crop_00062_ID_120200113390_step_15.npy,crop_00062_ID_120200113390_step_15_dd010ac157.png,/content/drive/MyDrive/sentinel3/SLSTR/ml_manual_crops_010526/png/crop_00062_ID_120200113390_step_15_dd010ac157.png,True
Solovieva_PL_crop_00065_ID_120200113390_step_16,65,120200113390,16,2020-01-21,15:00:00,2020-01-21 15:00:00,71.25,-65.0,992.01746,27.365,512,512,Solovieva_diploma_PL_training_images/png/Solovieva_PL_crop_00065_ID_120200113390_step_16.png,Solovieva_diploma_PL_training_images/npy/Solovieva_PL_crop_00065_ID_120200113390_step_16.npy,crop_00065_ID_120200113390_step_16_057d2204b9.png,/content/drive/MyDrive/sentinel3/SLSTR/ml_manual_crops_010526/png/crop_00065_ID_120200113390_step_16_057d2204b9.png,True
Solovieva_PL_crop_00058_ID_120200113400_step_1,58,120200113400,1,2020-01-21,00:00:00,2020-01-21 00:00:00,61.25,-57.5,994.55499,19.772,512,512,Solovieva_diploma_PL_training_images/png/Solovieva_PL_crop_00058_ID_120200113400_step_1.png,Solovieva_diploma_PL_training_images/npy/Solovieva_PL_crop_00058_ID_120200113400_step_1.npy,crop_00058_ID_120200113400_step_1_17d7cf7609.png,/content/drive/MyDrive/sentinel3/SLSTR/ml_manual_crops_010526/png/crop_00058_ID_120200113400_step_1_17d7cf7609.png,True
Solovieva_PL_crop_00089_ID_120200114860_step_19,89,120200114860,19,2020-01-24,03:00:00,2020-01-24 03:00:00,71.75,-4.75,974.11188,18.462,512,512,Solovieva_diploma_PL_training_images/png/Solovieva_PL_crop_00089_ID_120200114860_step_19.png,Solovieva_diploma_PL_training_images/npy/Solovieva_PL_crop_00089_ID_120200114860_step_19.npy,crop_00089_ID_120200114860_step_19_9dfb726510.png,/content/drive/MyDrive/sentinel3/SLSTR/ml_manual_crops_010526/png/crop_00089_ID_120200114860_step_19_9dfb726510.png,True
Solovieva_PL_crop_00091_ID_120200114860_step_20,91,120200114860,20,2020-01-24,04:00:00,2020-01-24 04:00:00,71.75,-4.5,974.27557,18.896,512,512,Solovieva_diploma_PL_training_images/png/Solovieva_PL_crop_00091_ID_120200114860_step_20.png,Solovieva_diploma_PL_training_images/npy/Solovieva_PL_crop_00091_ID_120200114860_step_20.npy,crop_00091_ID_120200114860_step_20_f5db5df322.png,/content/drive/MyDrive/sentinel3/SLSTR/ml_manual_crops_010526/png/crop_00091_ID_120200114860_step_20_f5db5df322.png,True
Solovieva_PL_crop_00092_ID_120200114860_step_21,92,120200114860,21,2020-01-24,05:00:00,2020-01-24 05:00:00,71.75,-4.25,974.70996,18.288,512,512,Solovieva_diploma_PL_training_images/png/Solovieva_PL_crop_00092_ID_120200114860_step_21.png,Solovieva_diploma_PL_training_images/npy/Solovieva_PL_crop_00092_ID_120200114860_step_21.npy,crop_00092_ID_120200114860_step_21_b7834308be.png,/content/drive/MyDrive/sentinel3/SLSTR/ml_manual_crops_010526/png/crop_00092_ID_120200114860_step_21_b7834308be.png,True
Solovieva_PL_crop_00093_ID_120200114860_step_22,93,120200114860,22,2020-01-24,06:00:00,2020-01-24 06:00:00,71.75,-4.25,975.40808,17.474999999999998,512,512,Solovieva_diploma_PL_training_images/png/Solovieva_PL_crop_00093_ID_120200114860_step_22.png,Solovieva_diploma_PL_training_images/npy/Solovieva_PL_crop_00093_ID_120200114860_step_22.npy,crop_00093_ID_120200114860_step_22_ae05c81347.png,/content/drive/MyDrive/sentinel3/SLSTR/ml_manual_crops_010526/png/crop_00093_ID_120200114860_step_22_ae05c81347.png,True
Solovieva_PL_crop_00085_ID_120200115130_step_13,85,120200115130,13,2020-01-24,10:00:00,2020-01-24 10:00:00,65.75,-56.0,977.04938,44.551,512,512,Solovieva_diploma_PL_training_images/png/Solovieva_PL_crop_00085_ID_120200115130_step_13.png,Solovieva_diploma_PL_training_images/npy/Solovieva_PL_crop_00085_ID_120200115130_step_13.npy,crop_00085_ID_120200115130_step_13_12e303b1d9.png,/content/drive/MyDrive/sentinel3/SLSTR/ml_manual_crops_010526/png/crop_00085_ID_120200115130_step_13_12e303b1d9.png,True
Solovieva_PL_crop_00088_ID_120200115290_step_18,88,120200115290,18,2020-01-24,21:00:00,2020-01-24 21:00:00,72.75,-2.75,986.76062,30.379,512,512,Solovieva_diploma_PL_training_images/png/Solovieva_PL_crop_00088_ID_120200115290_step_18.png,Solovieva_diploma_PL_training_images/npy/Solovieva_PL_crop_00088_ID_120200115290_step_18.npy,crop_00088_ID_120200115290_step_18_3ed13f132e.png,/content/drive/MyDrive/sentinel3/SLSTR/ml_manual_crops_010526/png/crop_00088_ID_120200115290_step_18_3ed13f132e.png,True
Solovieva_PL_crop_00105_ID_120200115290_step_22,105,120200115290,22,2020-01-25,01:00:00,2020-01-25 01:00:00,72.0,-4.0,989.77875,24.051,512,512,Solovieva_diploma_PL_training_images/png/Solovieva_PL_crop_00105_ID_120200115290_step_22.png,Solovieva_diploma_PL_training_images/npy/Solovieva_PL_crop_00105_ID_120200115290_step_22.npy,crop_00105_ID_120200115290_step_22_289f1a9afa.png,/content/drive/MyDrive/sentinel3/SLSTR/ml_manual_crops_010526/png/crop_00105_ID_120200115290_step_22_289f1a9afa.png,True
Solovieva_PL_crop_00106_ID_120200115290_step_23,106,120200115290,23,2020-01-25,02:00:00,2020-01-25 02:00:00,71.75,-4.25,990.47247,24.39800000000001,512,512,Solovieva_diploma_PL_training_images/png/Solovieva_PL_crop_00106_ID_120200115290_step_23.png,Solovieva_diploma_PL_training_images/npy/Solovieva_PL_crop_00106_ID_120200115290_step_23.npy,crop_00106_ID_120200115290_step_23_1139546b81.png,/content/drive/MyDrive/sentinel3/SLSTR/ml_manual_crops_010526/png/crop_00106_ID_120200115290_step_23_1139546b81.png,True
Solovieva_PL_crop_00097_ID_120200115440_step_13,97,120200115440,13,2020-01-25,00:00:00,2020-01-25 00:00:00,70.25,-12.75,993.37372,20.539,512,512,Solovieva_diploma_PL_training_images/png/Solovieva_PL_crop_00097_ID_120200115440_step_13.png,Solovieva_diploma_PL_training_images/npy/Solovieva_PL_crop_00097_ID_120200115440_step_13.npy,crop_00097_ID_120200115440_step_13_e36478e7ae.png,/content/drive/MyDrive/sentinel3/SLSTR/ml_manual_crops_010526/png/crop_00097_ID_120200115440_step_13_e36478e7ae.png,True
Solovieva_PL_crop_00095_ID_120200115820_step_11,95,120200115820,11,2020-01-25,11:00:00,2020-01-25 11:00:00,72.0,38.25,985.51874,37.519000000000005,512,512,Solovieva_diploma_PL_training_images/png/Solovieva_PL_crop_00095_ID_120200115820_step_11.png,Solovieva_diploma_PL_training_images/npy/Solovieva_PL_crop_00095_ID_120200115820_step_11.npy,crop_00095_ID_120200115820_step_11_b1b271165a.png,/content/drive/MyDrive/sentinel3/SLSTR/ml_manual_crops_010526/png/crop_00095_ID_120200115820_step_11_b1b271165a.png,True
Solovieva_PL_crop_00101_ID_120200115820_step_18,101,120200115820,18,2020-01-25,18:00:00,2020-01-25 18:00:00,71.75,36.5,988.00623,36.366,512,512,Solovieva_diploma_PL_training_images/png/Solovieva_PL_crop_00101_ID_120200115820_step_18.png,Solovieva_diploma_PL_training_images/npy/Solovieva_PL_crop_00101_ID_120200115820_step_18.npy,crop_00101_ID_120200115820_step_18_8b5ccd268a.png,/content/drive/MyDrive/sentinel3/SLSTR/ml_manual_crops_010526/png/crop_00101_ID_120200115820_step_18_8b5ccd268a.png,True
Solovieva_PL_crop_00102_ID_120200115820_step_19,102,120200115820,19,2020-01-25,19:00:00,2020-01-25 19:00:00,71.5,36.25,987.85999,35.449000000000005,512,512,Solovieva_diploma_PL_training_images/png/Solovieva_PL_crop_00102_ID_120200115820_step_19.png,Solovieva_diploma_PL_training_images/npy/Solovieva_PL_crop_00102_ID_120200115820_step_19.npy,crop_00102_ID_120200115820_step_19_20ad628580.png,/content/drive/MyDrive/sentinel3/SLSTR/ml_manual_crops_010526/png/crop_00102_ID_120200115820_step_19_20ad628580.png,True
Solovieva_PL_crop_00103_ID_120200115820_step_20,103,120200115820,20,2020-01-25,20:00:00,2020-01-25 20:00:00,71.5,36.5,987.97559,37.147,512,512,Solovieva_diploma_PL_training_images/png/Solovieva_PL_crop_00103_ID_120200115820_step_20.png,Solovieva_diploma_PL_training_images/npy/Solovieva_PL_crop_00103_ID_120200115820_step_20.npy,crop_00103_ID_120200115820_step_20_0e3705210a.png,/content/drive/MyDrive/sentinel3/SLSTR/ml_manual_crops_010526/png/crop_00103_ID_120200115820_step_20_0e3705210a.png,True
Solovieva_PL_crop_00111_ID_120200115980_step_12,111,120200115980,12,2020-01-26,00:00:00,2020-01-26 00:00:00,58.25,-22.5,978.45746,19.998,512,512,Solovieva_diploma_PL_training_images/png/Solovieva_PL_crop_00111_ID_120200115980_step_12.png,Solovieva_diploma_PL_training_images/npy/Solovieva_PL_crop_00111_ID_120200115980_step_12.npy,crop_00111_ID_120200115980_step_12_6ac3ee2845.png,/content/drive/MyDrive/sentinel3/SLSTR/ml_manual_crops_010526/png/crop_00111_ID_120200115980_step_12_6ac3ee2845.png,True
Solovieva_PL_crop_00113_ID_120200115980_step_13,113,120200115980,13,2020-01-26,01:00:00,2020-01-26 01:00:00,58.25,-20.75,977.64185,19.757,512,512,Solovieva_diploma_PL_training_images/png/Solovieva_PL_crop_00113_ID_120200115980_step_13.png,Solovieva_diploma_PL_training_images/npy/Solovieva_PL_crop_00113_ID_120200115980_step_13.npy,crop_00113_ID_120200115980_step_13_c9c1ab9b52.png,/content/drive/MyDrive/sentinel3/SLSTR/ml_manual_crops_010526/png/crop_00113_ID_120200115980_step_13_c9c1ab9b52.png,True
Solovieva_PL_crop_00115_ID_120200116060_step_14,115,120200116060,14,2020-01-26,09:00:00,2020-01-26 09:00:00,58.75,-26.25,968.07562,28.527,512,512,Solovieva_diploma_PL_training_images/png/Solovieva_PL_crop_00115_ID_120200116060_step_14.png,Solovieva_diploma_PL_training_images/npy/Solovieva_PL_crop_00115_ID_120200116060_step_14.npy,crop_00115_ID_120200116060_step_14_45bb5e4a6d.png,/content/drive/MyDrive/sentinel3/SLSTR/ml_manual_crops_010526/png/crop_00115_ID_120200116060_step_14_45bb5e4a6d.png,True
Solovieva_PL_crop_00118_ID_120200116060_step_23,118,120200116060,23,2020-01-26,18:00:00,2020-01-26 18:00:00,60.0,-22.5,965.25873,24.048000000000005,512,512,Solovieva_diploma_PL_training_images/png/Solovieva_PL_crop_00118_ID_120200116060_step_23.png,Solovieva_diploma_PL_training_images/npy/Solovieva_PL_crop_00118_ID_120200116060_step_23.npy,crop_00118_ID_120200116060_step_23_67d1f68ce0.png,/content/drive/MyDrive/sentinel3/SLSTR/ml_manual_crops_010526/png/crop_00118_ID_120200116060_step_23_67d1f68ce0.png,True
Solovieva_PL_crop_00119_ID_120200116060_step_24,119,120200116060,24,2020-01-26,19:00:00,2020-01-26 19:00:00,60.25,-22.0,965.03937,23.984,512,512,Solovieva_diploma_PL_training_images/png/Solovieva_PL_crop_00119_ID_120200116060_step_24.png,Solovieva_diploma_PL_training_images/npy/Solovieva_PL_crop_00119_ID_120200116060_step_24.npy,crop_00119_ID_120200116060_step_24_d24f955b63.png,/content/drive/MyDrive/sentinel3/SLSTR/ml_manual_crops_010526/png/crop_00119_ID_120200116060_step_24_d24f955b63.png,True
Solovieva_PL_crop_00110_ID_120200116100_step_11,110,120200116100,11,2020-01-26,12:00:00,2020-01-26 12:00:00,62.75,-22.0,963.13873,34.215999999999994,512,512,Solovieva_diploma_PL_training_images/png/Solovieva_PL_crop_00110_ID_120200116100_step_11.png,Solovieva_diploma_PL_training_images/npy/Solovieva_PL_crop_00110_ID_120200116100_step_11.npy,crop_00110_ID_120200116100_step_11_208b1cbe27.png,/content/drive/MyDrive/sentinel3/SLSTR/ml_manual_crops_010526/png/crop_00110_ID_120200116100_step_11_208b1cbe27.png,True
Solovieva_PL_crop_00112_ID_120200116100_step_12,112,120200116100,12,2020-01-26,13:00:00,2020-01-26 13:00:00,63.0,-21.75,962.44562,33.548,512,512,Solovieva_diploma_PL_training_images/png/Solovieva_PL_crop_00112_ID_120200116100_step_12.png,Solovieva_diploma_PL_training_images/npy/Solovieva_PL_crop_00112_ID_120200116100_step_12.npy,crop_00112_ID_120200116100_step_12_0e9ca81b65.png,/content/drive/MyDrive/sentinel3/SLSTR/ml_manual_crops_010526/png/crop_00112_ID_120200116100_step_12_0e9ca81b65.png,True
Solovieva_PL_crop_00114_ID_120200116100_step_13,114,120200116100,13,2020-01-26,14:00:00,2020-01-26 14:00:00,63.5,-21.5,962.65558,35.253,512,512,Solovieva_diploma_PL_training_images/png/Solovieva_PL_crop_00114_ID_120200116100_step_13.png,Solovieva_diploma_PL_training_images/npy/Solovieva_PL_crop_00114_ID_120200116100_step_13.npy,crop_00114_ID_120200116100_step_13_3c7d6f1645.png,/content/drive/MyDrive/sentinel3/SLSTR/ml_manual_crops_010526/png/crop_00114_ID_120200116100_step_13_3c7d6f1645.png,True
Solovieva_PL_crop_00108_ID_120200116250_step_10,108,120200116250,10,2020-01-26,18:00:00,2020-01-26 18:00:00,70.75,41.5,997.15625,30.669,512,512,Solovieva_diploma_PL_training_images/png/Solovieva_PL_crop_00108_ID_120200116250_step_10.png,Solovieva_diploma_PL_training_images/npy/Solovieva_PL_crop_00108_ID_120200116250_step_10.npy,crop_00108_ID_120200116250_step_10_ba42538e0c.png,/content/drive/MyDrive/sentinel3/SLSTR/ml_manual_crops_010526/png/crop_00108_ID_120200116250_step_10_ba42538e0c.png,True
Solovieva_PL_crop_00131_ID_120200116250_step_17,131,120200116250,17,2020-01-27,01:00:00,2020-01-27 01:00:00,70.5,39.5,1000.315,31.298,512,512,Solovieva_diploma_PL_training_images/png/Solovieva_PL_crop_00131_ID_120200116250_step_17.png,Solovieva_diploma_PL_training_images/npy/Solovieva_PL_crop_00131_ID_120200116250_step_17.npy,crop_00131_ID_120200116250_step_17_f03058d1ba.png,/content/drive/MyDrive/sentinel3/SLSTR/ml_manual_crops_010526/png/crop_00131_ID_120200116250_step_17_f03058d1ba.png,True
Solovieva_PL_crop_00132_ID_120200116250_step_18,132,120200116250,18,2020-01-27,02:00:00,2020-01-27 02:00:00,70.0,39.25,1000.22247,29.334,512,512,Solovieva_diploma_PL_training_images/png/Solovieva_PL_crop_00132_ID_120200116250_step_18.png,Solovieva_diploma_PL_training_images/npy/Solovieva_PL_crop_00132_ID_120200116250_step_18.npy,crop_00132_ID_120200116250_step_18_d52567be5f.png,/content/drive/MyDrive/sentinel3/SLSTR/ml_manual_crops_010526/png/crop_00132_ID_120200116250_step_18_d52567be5f.png,True
Solovieva_PL_crop_00133_ID_120200116250_step_19,133,120200116250,19,2020-01-27,03:00:00,2020-01-27 03:00:00,69.75,39.0,1000.84808,28.734,512,512,Solovieva_diploma_PL_training_images/png/Solovieva_PL_crop_00133_ID_120200116250_step_19.png,Solovieva_diploma_PL_training_images/npy/Solovieva_PL_crop_00133_ID_120200116250_step_19.npy,crop_00133_ID_120200116250_step_19_9e2bcb78f0.png,/content/drive/MyDrive/sentinel3/SLSTR/ml_manual_crops_010526/png/crop_00133_ID_120200116250_step_19_9e2bcb78f0.png,True
Solovieva_PL_crop_00125_ID_120200116360_step_12,125,120200116360,12,2020-01-27,01:00:00,2020-01-27 01:00:00,57.0,-8.0,985.4975,28.845,512,512,Solovieva_diploma_PL_training_images/png/Solovieva_PL_crop_00125_ID_120200116360_step_12.png,Solovieva_diploma_PL_training_images/npy/Solovieva_PL_crop_00125_ID_120200116360_step_12.npy,crop_00125_ID_120200116360_step_12_8eecb58154.png,/content/drive/MyDrive/sentinel3/SLSTR/ml_manual_crops_010526/png/crop_00125_ID_120200116360_step_12_8eecb58154.png,True
Solovieva_PL_crop_00126_ID_120200116500_step_12,126,120200116500,12,2020-01-27,09:00:00,2020-01-27 09:00:00,62.75,-28.25,960.26184,23.78,512,512,Solovieva_diploma_PL_training_images/png/Solovieva_PL_crop_00126_ID_120200116500_step_12.png,Solovieva_diploma_PL_training_images/npy/Solovieva_PL_crop_00126_ID_120200116500_step_12.npy,crop_00126_ID_120200116500_step_12_cca9cab730.png,/content/drive/MyDrive/sentinel3/SLSTR/ml_manual_crops_010526/png/crop_00126_ID_120200116500_step_12_cca9cab730.png,True
Solovieva_PL_crop_00137_ID_120200116500_step_22,137,120200116500,22,2020-01-27,19:00:00,2020-01-27 19:00:00,61.25,-31.75,967.68121,20.365,512,512,Solovieva_diploma_PL_training_images/png/Solovieva_PL_crop_00137_ID_120200116500_step_22.png,Solovieva_diploma_PL_training_images/npy/Solovieva_PL_crop_00137_ID_120200116500_step_22.npy,crop_00137_ID_120200116500_step_22_2efe5e19f0.png,/content/drive/MyDrive/sentinel3/SLSTR/ml_manual_crops_010526/png/crop_00137_ID_120200116500_step_22_2efe5e19f0.png,True
Solovieva_PL_crop_00138_ID_120200117100_step_12,138,120200117100,12,2020-01-28,08:00:00,2020-01-28 08:00:00,59.25,-24.75,976.82562,19.127,512,512,Solovieva_diploma_PL_training_images/png/Solovieva_PL_crop_00138_ID_120200117100_step_12.png,Solovieva_diploma_PL_training_images/npy/Solovieva_PL_crop_00138_ID_120200117100_step_12.npy,crop_00138_ID_120200117100_step_12_1c314c1378.png,/content/drive/MyDrive/sentinel3/SLSTR/ml_manual_crops_010526/png/crop_00138_ID_120200117100_step_12_1c314c1378.png,True
Solovieva_PL_crop_00147_ID_120200117100_step_22,147,120200117100,22,2020-01-28,18:00:00,2020-01-28 18:00:00,59.5,-16.5,980.78748,18.812,512,512,Solovieva_diploma_PL_training_images/png/Solovieva_PL_crop_00147_ID_120200117100_step_22.png,Solovieva_diploma_PL_training_images/npy/Solovieva_PL_crop_00147_ID_120200117100_step_22.npy,crop_00147_ID_120200117100_step_22_ddef1b9f78.png,/content/drive/MyDrive/sentinel3/SLSTR/ml_manual_crops_010526/png/crop_00147_ID_120200117100_step_22_ddef1b9f78.png,True
Solovieva_PL_crop_00145_ID_120200117130_step_20,145,120200117130,20,2020-01-28,18:00:00,2020-01-28 18:00:00,66.0,-7.25,980.16498,18.602,512,512,Solovieva_diploma_PL_training_images/png/Solovieva_PL_crop_00145_ID_120200117130_step_20.png,Solovieva_diploma_PL_training_images/npy/Solovieva_PL_crop_00145_ID_120200117130_step_20.npy,crop_00145_ID_120200117130_step_20_cda77f65c8.png,/content/drive/MyDrive/sentinel3/SLSTR/ml_manual_crops_010526/png/crop_00145_ID_120200117130_step_20_cda77f65c8.png,True
Solovieva_PL_crop_00146_ID_120200117130_step_21,146,120200117130,21,2020-01-28,19:00:00,2020-01-28 19:00:00,66.25,-7.5,980.48871,19.302,512,512,Solovieva_diploma_PL_training_images/png/Solovieva_PL_crop_00146_ID_120200117130_step_21.png,Solovieva_diploma_PL_training_images/npy/Solovieva_PL_crop_00146_ID_120200117130_step_21.npy,crop_00146_ID_120200117130_step_21_b3b1b015fc.png,/content/drive/MyDrive/sentinel3/SLSTR/ml_manual_crops_010526/png/crop_00146_ID_120200117130_step_21_b3b1b015fc.png,True
Solovieva_PL_crop_00148_ID_120200117130_step_22,148,120200117130,22,2020-01-28,20:00:00,2020-01-28 20:00:00,66.25,-8.0,980.73871,19.077,512,512,Solovieva_diploma_PL_training_images/png/Solovieva_PL_crop_00148_ID_120200117130_step_22.png,Solovieva_diploma_PL_training_images/npy/Solovieva_PL_crop_00148_ID_120200117130_step_22.npy,crop_00148_ID_120200117130_step_22_3d6ef7aca2.png,/content/drive/MyDrive/sentinel3/SLSTR/ml_manual_crops_010526/png/crop_00148_ID_120200117130_step_22_3d6ef7aca2.png,True
Solovieva_PL_crop_00149_ID_120200117130_step_23,149,120200117130,23,2020-01-28,21:00:00,2020-01-28 21:00:00,66.25,-8.5,980.78247,18.283,512,512,Solovieva_diploma_PL_training_images/png/Solovieva_PL_crop_00149_ID_120200117130_step_23.png,Solovieva_diploma_PL_training_images/npy/Solovieva_PL_crop_00149_ID_120200117130_step_23.npy,crop_00149_ID_120200117130_step_23_b7040caa81.png,/content/drive/MyDrive/sentinel3/SLSTR/ml_manual_crops_010526/png/crop_00149_ID_120200117130_step_23_b7040caa81.png,True
Solovieva_PL_crop_00179_ID_120200200550_step_13,179,120200200550,13,2020-02-02,07:00:00,2020-02-02 07:00:00,61.25,-39.25,985.26495,20.044,512,512,Solovieva_diploma_PL_training_images/png/Solovieva_PL_crop_00179_ID_120200200550_step_13.png,Solovieva_diploma_PL_training_images/npy/Solovieva_PL_crop_00179_ID_120200200550_step_13.npy,crop_00179_ID_120200200550_step_13_b8bcb1e630.png,/content/drive/MyDrive/sentinel3/SLSTR/ml_manual_crops_010526/png/crop_00179_ID_120200200550_step_13_b8bcb1e630.png,True
Solovieva_PL_crop_00183_ID_120200200570_step_18,183,120200200570,18,2020-02-02,13:00:00,2020-02-02 13:00:00,72.5,22.5,970.03876,25.180000000000003,512,512,Solovieva_diploma_PL_training_images/png/Solovieva_PL_crop_00183_ID_120200200570_step_18.png,Solovieva_diploma_PL_training_images/npy/Solovieva_PL_crop_00183_ID_120200200570_step_18.npy,crop_00183_ID_120200200570_step_18_531dd425ba.png,/content/drive/MyDrive/sentinel3/SLSTR/ml_manual_crops_010526/png/crop_00183_ID_120200200570_step_18_531dd425ba.png,True
Solovieva_PL_crop_00189_ID_120200201310_step_14,189,120200201310,14,2020-02-03,12:00:00,2020-02-03 12:00:00,63.25,-29.25,995.21246,26.946,512,512,Solovieva_diploma_PL_training_images/png/Solovieva_PL_crop_00189_ID_120200201310_step_14.png,Solovieva_diploma_PL_training_images/npy/Solovieva_PL_crop_00189_ID_120200201310_step_14.npy,crop_00189_ID_120200201310_step_14_f82001808a.png,/content/drive/MyDrive/sentinel3/SLSTR/ml_manual_crops_010526/png/crop_00189_ID_120200201310_step_14_f82001808a.png,True
Solovieva_PL_crop_00195_ID_120200202060_step_17,195,120200202060,17,2020-02-04,17:00:00,2020-02-04 17:00:00,75.75,-3.5,993.60498,21.344,512,512,Solovieva_diploma_PL_training_images/png/Solovieva_PL_crop_00195_ID_120200202060_step_17.png,Solovieva_diploma_PL_training_images/npy/Solovieva_PL_crop_00195_ID_120200202060_step_17.npy,crop_00195_ID_120200202060_step_17_bc2cb277a0.png,/content/drive/MyDrive/sentinel3/SLSTR/ml_manual_crops_010526/png/crop_00195_ID_120200202060_step_17_bc2cb277a0.png,True
Solovieva_PL_crop_00197_ID_120200202060_step_19,197,120200202060,19,2020-02-04,19:00:00,2020-02-04 19:00:00,75.0,-2.75,994.50122,19.81,512,512,Solovieva_diploma_PL_training_images/png/Solovieva_PL_crop_00197_ID_120200202060_step_19.png,Solovieva_diploma_PL_training_images/npy/Solovieva_PL_crop_00197_ID_120200202060_step_19.npy,crop_00197_ID_120200202060_step_19_5d5920a50e.png,/content/drive/MyDrive/sentinel3/SLSTR/ml_manual_crops_010526/png/crop_00197_ID_120200202060_step_19_5d5920a50e.png,True
Solovieva_PL_crop_00198_ID_120200202060_step_20,198,120200202060,20,2020-02-04,20:00:00,2020-02-04 20:00:00,74.75,-2.25,994.59058,18.858,512,512,Solovieva_diploma_PL_training_images/png/Solovieva_PL_crop_00198_ID_120200202060_step_20.png,Solovieva_diploma_PL_training_images/npy/Solovieva_PL_crop_00198_ID_120200202060_step_20.npy,crop_00198_ID_120200202060_step_20_310dab7ba1.png,/content/drive/MyDrive/sentinel3/SLSTR/ml_manual_crops_010526/png/crop_00198_ID_120200202060_step_20_310dab7ba1.png,True
Solovieva_PL_crop_00211_ID_120200202620_step_18,211,120200202620,18,2020-02-05,10:00:00,2020-02-05 10:00:00,74.25,28.0,976.30371,29.270000000000003,512,512,Solovieva_diploma_PL_training_images/png/Solovieva_PL_crop_00211_ID_120200202620_step_18.png,Solovieva_diploma_PL_training_images/npy/Solovieva_PL_crop_00211_ID_120200202620_step_18.npy,crop_00211_ID_120200202620_step_18_13495d4a73.png,/content/drive/MyDrive/sentinel3/SLSTR/ml_manual_crops_010526/png/crop_00211_ID_120200202620_step_18_13495d4a73.png,True
Solovieva_PL_crop_00213_ID_120200202620_step_19,213,120200202620,19,2020-02-05,11:00:00,2020-02-05 11:00:00,74.5,27.25,976.89246,31.719,512,512,Solovieva_diploma_PL_training_images/png/Solovieva_PL_crop_00213_ID_120200202620_step_19.png,Solovieva_diploma_PL_training_images/npy/Solovieva_PL_crop_00213_ID_120200202620_step_19.npy,crop_00213_ID_120200202620_step_19_2d926a68b1.png,/content/drive/MyDrive/sentinel3/SLSTR/ml_manual_crops_010526/png/crop_00213_ID_120200202620_step_19_2d926a68b1.png,True
Solovieva_PL_crop_00202_ID_120200202690_step_11,202,120200202690,11,2020-02-05,05:00:00,2020-02-05 05:00:00,75.75,31.0,981.82434,23.549,512,512,Solovieva_diploma_PL_training_images/png/Solovieva_PL_crop_00202_ID_120200202690_step_11.png,Solovieva_diploma_PL_training_images/npy/Solovieva_PL_crop_00202_ID_120200202690_step_11.npy,crop_00202_ID_120200202690_step_11_1f7f5c4acf.png,/content/drive/MyDrive/sentinel3/SLSTR/ml_manual_crops_010526/png/crop_00202_ID_120200202690_step_11_1f7f5c4acf.png,True
Solovieva_PL_crop_00214_ID_120200202700_step_19,214,120200202700,19,2020-02-05,13:00:00,2020-02-05 13:00:00,74.0,14.75,988.57373,26.369000000000003,512,512,Solovieva_diploma_PL_training_images/png/Solovieva_PL_crop_00214_ID_120200202700_step_19.png,Solovieva_diploma_PL_training_images/npy/Solovieva_PL_crop_00214_ID_120200202700_step_19.npy,crop_00214_ID_120200202700_step_19_7e0bf8fef8.png,/content/drive/MyDrive/sentinel3/SLSTR/ml_manual_crops_010526/png/crop_00214_ID_120200202700_step_19_7e0bf8fef8.png,True
Solovieva_PL_crop_00208_ID_120200202710_step_15,208,120200202710,15,2020-02-05,11:00:00,2020-02-05 11:00:00,74.0,42.25,979.5412,32.297,512,512,Solovieva_diploma_PL_training_images/png/Solovieva_PL_crop_00208_ID_120200202710_step_15.png,Solovieva_diploma_PL_training_images/npy/Solovieva_PL_crop_00208_ID_120200202710_step_15.npy,crop_00208_ID_120200202710_step_15_27322279f2.png,/content/drive/MyDrive/sentinel3/SLSTR/ml_manual_crops_010526/png/crop_00208_ID_120200202710_step_15_27322279f2.png,True
Solovieva_PL_crop_00209_ID_120200202710_step_16,209,120200202710,16,2020-02-05,12:00:00,2020-02-05 12:00:00,74.0,42.0,978.83435,31.551,512,512,Solovieva_diploma_PL_training_images/png/Solovieva_PL_crop_00209_ID_120200202710_step_16.png,Solovieva_diploma_PL_training_images/npy/Solovieva_PL_crop_00209_ID_120200202710_step_16.npy,crop_00209_ID_120200202710_step_16_43a9b4bfd6.png,/content/drive/MyDrive/sentinel3/SLSTR/ml_manual_crops_010526/png/crop_00209_ID_120200202710_step_16_43a9b4bfd6.png,True
Solovieva_PL_crop_00210_ID_120200202710_step_17,210,120200202710,17,2020-02-05,13:00:00,2020-02-05 13:00:00,74.25,42.25,978.19745,33.344,512,512,Solovieva_diploma_PL_training_images/png/Solovieva_PL_crop_00210_ID_120200202710_step_17.png,Solovieva_diploma_PL_training_images/npy/Solovieva_PL_crop_00210_ID_120200202710_step_17.npy,crop_00210_ID_120200202710_step_17_d70fac5731.png,/content/drive/MyDrive/sentinel3/SLSTR/ml_manual_crops_010526/png/crop_00210_ID_120200202710_step_17_d70fac5731.png,True
Solovieva_PL_crop_00212_ID_120200202710_step_18,212,120200202710,18,2020-02-05,14:00:00,2020-02-05 14:00:00,74.25,42.25,977.39563,34.165,512,512,Solovieva_diploma_PL_training_images/png/Solovieva_PL_crop_00212_ID_120200202710_step_18.png,Solovieva_diploma_PL_training_images/npy/Solovieva_PL_crop_00212_ID_120200202710_step_18.npy,crop_00212_ID_120200202710_step_18_b00b90997f.png,/content/drive/MyDrive/sentinel3/SLSTR/ml_manual_crops_010526/png/crop_00212_ID_120200202710_step_18_b00b90997f.png,True
Solovieva_PL_crop_00224_ID_120200203710_step_1,224,120200203710,1,2020-02-06,03:00:00,2020-02-06 03:00:00,52.0,-46.25,983.01685,17.894000000000002,512,512,Solovieva_diploma_PL_training_images/png/Solovieva_PL_crop_00224_ID_120200203710_step_1.png,Solovieva_diploma_PL_training_images/npy/Solovieva_PL_crop_00224_ID_120200203710_step_1.npy,crop_00224_ID_120200203710_step_1_037fdbb48f.png,/content/drive/MyDrive/sentinel3/SLSTR/ml_manual_crops_010526/png/crop_00224_ID_120200203710_step_1_037fdbb48f.png,True
Solovieva_PL_crop_00230_ID_120200203710_step_14,230,120200203710,14,2020-02-06,16:00:00,2020-02-06 16:00:00,55.75,-39.75,978.61932,21.798,512,512,Solovieva_diploma_PL_training_images/png/Solovieva_PL_crop_00230_ID_120200203710_step_14.png,Solovieva_diploma_PL_training_images/npy/Solovieva_PL_crop_00230_ID_120200203710_step_14.npy,crop_00230_ID_120200203710_step_14_a82db7b957.png,/content/drive/MyDrive/sentinel3/SLSTR/ml_manual_crops_010526/png/crop_00230_ID_120200203710_step_14_a82db7b957.png,True
Solovieva_PL_crop_00222_ID_120200204200_step_0,222,120200204200,0,2020-02-06,16:00:00,2020-02-06 16:00:00,58.0,-54.5,976.3006,19.655,512,512,Solovieva_diploma_PL_training_images/png/Solovieva_PL_crop_00222_ID_120200204200_step_0.png,Solovieva_diploma_PL_training_images/npy/Solovieva_PL_crop_00222_ID_120200204200_step_0.npy,crop_00222_ID_120200204200_step_0_23823702cc.png,/content/drive/MyDrive/sentinel3/SLSTR/ml_manual_crops_010526/png/crop_00222_ID_120200204200_step_0_23823702cc.png,True
Solovieva_PL_crop_00241_ID_120200206610_step_14,241,120200206610,14,2020-02-10,15:00:00,2020-02-10 15:00:00,64.5,-37.25,979.0506,17.749000000000002,512,512,Solovieva_diploma_PL_training_images/png/Solovieva_PL_crop_00241_ID_120200206610_step_14.png,Solovieva_diploma_PL_training_images/npy/Solovieva_PL_crop_00241_ID_120200206610_step_14.npy,crop_00241_ID_120200206610_step_14_3a5160146a.png,/content/drive/MyDrive/sentinel3/SLSTR/ml_manual_crops_010526/png/crop_00241_ID_120200206610_step_14_3a5160146a.png,True
Solovieva_PL_crop_00270_ID_120200207550_step_23,270,120200207550,23,2020-02-12,15:00:00,2020-02-12 15:00:00,59.0,-5.0,997.07434,20.101,512,512,Solovieva_diploma_PL_training_images/png/Solovieva_PL_crop_00270_ID_120200207550_step_23.png,Solovieva_diploma_PL_training_images/npy/Solovieva_PL_crop_00270_ID_120200207550_step_23.npy,crop_00270_ID_120200207550_step_23_31cf3ad52f.png,/content/drive/MyDrive/sentinel3/SLSTR/ml_manual_crops_010526/png/crop_00270_ID_120200207550_step_23_31cf3ad52f.png,True
Solovieva_PL_crop_00263_ID_120200207780_step_12,263,120200207780,12,2020-02-12,13:00:00,2020-02-12 13:00:00,64.75,1.75,979.11249,21.146,512,512,Solovieva_diploma_PL_training_images/png/Solovieva_PL_crop_00263_ID_120200207780_step_12.png,Solovieva_diploma_PL_training_images/npy/Solovieva_PL_crop_00263_ID_120200207780_step_12.npy,crop_00263_ID_120200207780_step_12_f0d2661ebd.png,/content/drive/MyDrive/sentinel3/SLSTR/ml_manual_crops_010526/png/crop_00263_ID_120200207780_step_12_f0d2661ebd.png,True
Solovieva_PL_crop_00264_ID_120200207780_step_19,264,120200207780,19,2020-02-12,20:00:00,2020-02-12 20:00:00,63.5,7.0,983.73309,19.186,512,512,Solovieva_diploma_PL_training_images/png/Solovieva_PL_crop_00264_ID_120200207780_step_19.png,Solovieva_diploma_PL_training_images/npy/Solovieva_PL_crop_00264_ID_120200207780_step_19.npy,crop_00264_ID_120200207780_step_19_12375372a9.png,/content/drive/MyDrive/sentinel3/SLSTR/ml_manual_crops_010526/png/crop_00264_ID_120200207780_step_19_12375372a9.png,True
Solovieva_PL_crop_00269_ID_120200207780_step_22,269,120200207780,22,2020-02-12,23:00:00,2020-02-12 23:00:00,63.5,6.25,984.81061,23.185,512,512,Solovieva_diploma_PL_training_images/png/Solovieva_PL_crop_00269_ID_120200207780_step_22.png,Solovieva_diploma_PL_training_images/npy/Solovieva_PL_crop_00269_ID_120200207780_step_22.npy,crop_00269_ID_120200207780_step_22_110e12794f.png,/content/drive/MyDrive/sentinel3/SLSTR/ml_manual_crops_010526/png/crop_00269_ID_120200207780_step_22_110e12794f.png,True
Solovieva_PL_crop_00265_ID_120200207810_step_19,265,120200207810,19,2020-02-12,21:00:00,2020-02-12 21:00:00,70.25,-5.5,984.78308,18.744,512,512,Solovieva_diploma_PL_training_images/png/Solovieva_PL_crop_00265_ID_120200207810_step_19.png,Solovieva_diploma_PL_training_images/npy/Solovieva_PL_crop_00265_ID_120200207810_step_19.npy,crop_00265_ID_120200207810_step_19_6997fc9577.png,/content/drive/MyDrive/sentinel3/SLSTR/ml_manual_crops_010526/png/crop_00265_ID_120200207810_step_19_6997fc9577.png,True
Solovieva_PL_crop_00278_ID_120200208210_step_14,278,120200208210,14,2020-02-13,04:00:00,2020-02-13 04:00:00,61.0,-60.0,978.38995,51.881,512,512,Solovieva_diploma_PL_training_images/png/Solovieva_PL_crop_00278_ID_120200208210_step_14.png,Solovieva_diploma_PL_training_images/npy/Solovieva_PL_crop_00278_ID_120200208210_step_14.npy,crop_00278_ID_120200208210_step_14_ff906272fc.png,/content/drive/MyDrive/sentinel3/SLSTR/ml_manual_crops_010526/png/crop_00278_ID_120200208210_step_14_ff906272fc.png,True
Solovieva_PL_crop_00279_ID_120200208210_step_15,279,120200208210,15,2020-02-13,05:00:00,2020-02-13 05:00:00,61.0,-60.0,977.20245,49.342,512,512,Solovieva_diploma_PL_training_images/png/Solovieva_PL_crop_00279_ID_120200208210_step_15.png,Solovieva_diploma_PL_training_images/npy/Solovieva_PL_crop_00279_ID_120200208210_step_15.npy,crop_00279_ID_120200208210_step_15_c93f2125ad.png,/content/drive/MyDrive/sentinel3/SLSTR/ml_manual_crops_010526/png/crop_00279_ID_120200208210_step_15_c93f2125ad.png,True
Solovieva_PL_crop_00282_ID_120200208210_step_25,282,120200208210,25,2020-02-13,15:00:00,2020-02-13 15:00:00,60.75,-61.0,972.25562,43.173,512,512,Solovieva_diploma_PL_training_images/png/Solovieva_PL_crop_00282_ID_120200208210_step_25.png,Solovieva_diploma_PL_training_images/npy/Solovieva_PL_crop_00282_ID_120200208210_step_25.npy,crop_00282_ID_120200208210_step_25_c6b88e60ae.png,/content/drive/MyDrive/sentinel3/SLSTR/ml_manual_crops_010526/png/crop_00282_ID_120200208210_step_25_c6b88e60ae.png,True
Solovieva_PL_crop_00283_ID_120200208210_step_26,283,120200208210,26,2020-02-13,16:00:00,2020-02-13 16:00:00,60.75,-61.25,971.6181,44.435,512,512,Solovieva_diploma_PL_training_images/png/Solovieva_PL_crop_00283_ID_120200208210_step_26.png,Solovieva_diploma_PL_training_images/npy/Solovieva_PL_crop_00283_ID_120200208210_step_26.npy,crop_00283_ID_120200208210_step_26_e6b0a5e644.png,/content/drive/MyDrive/sentinel3/SLSTR/ml_manual_crops_010526/png/crop_00283_ID_120200208210_step_26_e6b0a5e644.png,True
Solovieva_PL_crop_00275_ID_120200208260_step_11,275,120200208260,11,2020-02-13,03:00:00,2020-02-13 03:00:00,61.5,-12.0,994.49188,22.216,512,512,Solovieva_diploma_PL_training_images/png/Solovieva_PL_crop_00275_ID_120200208260_step_11.png,Solovieva_diploma_PL_training_images/npy/Solovieva_PL_crop_00275_ID_120200208260_step_11.npy,crop_00275_ID_120200208260_step_11_b2e7a14894.png,/content/drive/MyDrive/sentinel3/SLSTR/ml_manual_crops_010526/png/crop_00275_ID_120200208260_step_11_b2e7a14894.png,True
Solovieva_PL_crop_00276_ID_120200208260_step_12,276,120200208260,12,2020-02-13,04:00:00,2020-02-13 04:00:00,61.5,-12.0,994.58496,21.957,512,512,Solovieva_diploma_PL_training_images/png/Solovieva_PL_crop_00276_ID_120200208260_step_12.png,Solovieva_diploma_PL_training_images/npy/Solovieva_PL_crop_00276_ID_120200208260_step_12.npy,crop_00276_ID_120200208260_step_12_71653084e1.png,/content/drive/MyDrive/sentinel3/SLSTR/ml_manual_crops_010526/png/crop_00276_ID_120200208260_step_12_71653084e1.png,True
Solovieva_PL_crop_00274_ID_120200208400_step_10,274,120200208400,10,2020-02-13,08:00:00,2020-02-13 08:00:00,62.25,-18.0,998.2962,15.317999999999998,512,512,Solovieva_diploma_PL_training_images/png/Solovieva_PL_crop_00274_ID_120200208400_step_10.png,Solovieva_diploma_PL_training_images/npy/Solovieva_PL_crop_00274_ID_120200208400_step_10.npy,crop_00274_ID_120200208400_step_10_109a7febc2.png,/content/drive/MyDrive/sentinel3/SLSTR/ml_manual_crops_010526/png/crop_00274_ID_120200208400_step_10_109a7febc2.png,True
Solovieva_PL_crop_00271_ID_120200208740_step_0,271,120200208740,0,2020-02-13,09:00:00,2020-02-13 09:00:00,55.75,-59.25,985.76245,18.851,512,512,Solovieva_diploma_PL_training_images/png/Solovieva_PL_crop_00271_ID_120200208740_step_0.png,Solovieva_diploma_PL_training_images/npy/Solovieva_PL_crop_00271_ID_120200208740_step_0.npy,crop_00271_ID_120200208740_step_0_04b257fb1b.png,/content/drive/MyDrive/sentinel3/SLSTR/ml_manual_crops_010526/png/crop_00271_ID_120200208740_step_0_04b257fb1b.png,True
Solovieva_PL_crop_00272_ID_120200208740_step_1,272,120200208740,1,2020-02-13,10:00:00,2020-02-13 10:00:00,56.0,-59.75,983.62622,20.606,512,512,Solovieva_diploma_PL_training_images/png/Solovieva_PL_crop_00272_ID_120200208740_step_1.png,Solovieva_diploma_PL_training_images/npy/Solovieva_PL_crop_00272_ID_120200208740_step_1.npy,crop_00272_ID_120200208740_step_1_bc4183b768.png,/content/drive/MyDrive/sentinel3/SLSTR/ml_manual_crops_010526/png/crop_00272_ID_120200208740_step_1_bc4183b768.png,True
Solovieva_PL_crop_00286_ID_120200208740_step_15,286,120200208740,15,2020-02-14,00:00:00,2020-02-14 00:00:00,55.75,-55.25,974.78558,34.129,512,512,Solovieva_diploma_PL_training_images/png/Solovieva_PL_crop_00286_ID_120200208740_step_15.png,Solovieva_diploma_PL_training_images/npy/Solovieva_PL_crop_00286_ID_120200208740_step_15.npy,crop_00286_ID_120200208740_step_15_da65667c53.png,/content/drive/MyDrive/sentinel3/SLSTR/ml_manual_crops_010526/png/crop_00286_ID_120200208740_step_15_da65667c53.png,True
Solovieva_PL_crop_00284_ID_120200209120_step_13,284,120200209120,13,2020-02-14,15:00:00,2020-02-14 15:00:00,54.75,-45.5,961.9187,22.017,512,512,Solovieva_diploma_PL_training_images/png/Solovieva_PL_crop_00284_ID_120200209120_step_13.png,Solovieva_diploma_PL_training_images/npy/Solovieva_PL_crop_00284_ID_120200209120_step_13.npy,crop_00284_ID_120200209120_step_13_dead2a7070.png,/content/drive/MyDrive/sentinel3/SLSTR/ml_manual_crops_010526/png/crop_00284_ID_120200209120_step_13_dead2a7070.png,True
Solovieva_PL_crop_00285_ID_120200209120_step_14,285,120200209120,14,2020-02-14,16:00:00,2020-02-14 16:00:00,54.5,-45.25,961.9906,19.482,512,512,Solovieva_diploma_PL_training_images/png/Solovieva_PL_crop_00285_ID_120200209120_step_14.png,Solovieva_diploma_PL_training_images/npy/Solovieva_PL_crop_00285_ID_120200209120_step_14.npy,crop_00285_ID_120200209120_step_14_a8a5595d50.png,/content/drive/MyDrive/sentinel3/SLSTR/ml_manual_crops_010526/png/crop_00285_ID_120200209120_step_14_a8a5595d50.png,True
Solovieva_PL_crop_00289_ID_120200209420_step_13,289,120200209420,13,2020-02-15,04:00:00,2020-02-15 04:00:00,50.75,-47.25,983.07373,20.591,512,512,Solovieva_diploma_PL_training_images/png/Solovieva_PL_crop_00289_ID_120200209420_step_13.png,Solovieva_diploma_PL_training_images/npy/Solovieva_PL_crop_00289_ID_120200209420_step_13.npy,crop_00289_ID_120200209420_step_13_fb775ed256.png,/content/drive/MyDrive/sentinel3/SLSTR/ml_manual_crops_010526/png/crop_00289_ID_120200209420_step_13_fb775ed256.png,True
Solovieva_PL_crop_00302_ID_120200211340_step_14,302,120200211340,14,2020-02-18,04:00:00,2020-02-18 04:00:00,57.75,-49.75,998.71436,16.342000000000002,512,512,Solovieva_diploma_PL_training_images/png/Solovieva_PL_crop_00302_ID_120200211340_step_14.png,Solovieva_diploma_PL_training_images/npy/Solovieva_PL_crop_00302_ID_120200211340_step_14.npy,crop_00302_ID_120200211340_step_14_fdc584a07f.png,/content/drive/MyDrive/sentinel3/SLSTR/ml_manual_crops_010526/png/crop_00302_ID_120200211340_step_14_fdc584a07f.png,True
Solovieva_PL_crop_00303_ID_120200211340_step_15,303,120200211340,15,2020-02-18,05:00:00,2020-02-18 05:00:00,57.75,-49.0,998.96686,16.117,512,512,Solovieva_diploma_PL_training_images/png/Solovieva_PL_crop_00303_ID_120200211340_step_15.png,Solovieva_diploma_PL_training_images/npy/Solovieva_PL_crop_00303_ID_120200211340_step_15.npy,crop_00303_ID_120200211340_step_15_ebd45ca8cd.png,/content/drive/MyDrive/sentinel3/SLSTR/ml_manual_crops_010526/png/crop_00303_ID_120200211340_step_15_ebd45ca8cd.png,True
Solovieva_PL_crop_00304_ID_120200212110_step_0,304,120200212110,0,2020-02-19,10:00:00,2020-02-19 10:00:00,61.75,-36.5,976.185,18.772,512,512,Solovieva_diploma_PL_training_images/png/Solovieva_PL_crop_00304_ID_120200212110_step_0.png,Solovieva_diploma_PL_training_images/npy/Solovieva_PL_crop_00304_ID_120200212110_step_0.npy,crop_00304_ID_120200212110_step_0_2eb932a1e3.png,/content/drive/MyDrive/sentinel3/SLSTR/ml_manual_crops_010526/png/crop_00304_ID_120200212110_step_0_2eb932a1e3.png,True
Solovieva_PL_crop_00306_ID_120200212110_step_12,306,120200212110,12,2020-02-19,22:00:00,2020-02-19 22:00:00,59.5,-30.25,982.17249,15.095999999999998,512,512,Solovieva_diploma_PL_training_images/png/Solovieva_PL_crop_00306_ID_120200212110_step_12.png,Solovieva_diploma_PL_training_images/npy/Solovieva_PL_crop_00306_ID_120200212110_step_12.npy,crop_00306_ID_120200212110_step_12_b7dbf21317.png,/content/drive/MyDrive/sentinel3/SLSTR/ml_manual_crops_010526/png/crop_00306_ID_120200212110_step_12_b7dbf21317.png,True
Solovieva_PL_crop_00315_ID_120200213470_step_11,315,120200213470,11,2020-02-21,23:00:00,2020-02-21 23:00:00,73.75,4.0,961.43811,22.168000000000003,512,512,Solovieva_diploma_PL_training_images/png/Solovieva_PL_crop_00315_ID_120200213470_step_11.png,Solovieva_diploma_PL_training_images/npy/Solovieva_PL_crop_00315_ID_120200213470_step_11.npy,crop_00315_ID_120200213470_step_11_07fd14bc83.png,/content/drive/MyDrive/sentinel3/SLSTR/ml_manual_crops_010526/png/crop_00315_ID_120200213470_step_11_07fd14bc83.png,True
Solovieva_PL_crop_00322_ID_120200213470_step_12,322,120200213470,12,2020-02-22,00:00:00,2020-02-22 00:00:00,73.5,3.25,960.7912,20.203,512,512,Solovieva_diploma_PL_training_images/png/Solovieva_PL_crop_00322_ID_120200213470_step_12.png,Solovieva_diploma_PL_training_images/npy/Solovieva_PL_crop_00322_ID_120200213470_step_12.npy,crop_00322_ID_120200213470_step_12_e0bc4ec195.png,/content/drive/MyDrive/sentinel3/SLSTR/ml_manual_crops_010526/png/crop_00322_ID_120200213470_step_12_e0bc4ec195.png,True
Solovieva_PL_crop_00325_ID_120200213470_step_13,325,120200213470,13,2020-02-22,01:00:00,2020-02-22 01:00:00,73.5,3.0,960.81812,20.042,512,512,Solovieva_diploma_PL_training_images/png/Solovieva_PL_crop_00325_ID_120200213470_step_13.png,Solovieva_diploma_PL_training_images/npy/Solovieva_PL_crop_00325_ID_120200213470_step_13.npy,crop_00325_ID_120200213470_step_13_8e71d8c1fc.png,/content/drive/MyDrive/sentinel3/SLSTR/ml_manual_crops_010526/png/crop_00325_ID_120200213470_step_13_8e71d8c1fc.png,True
Solovieva_PL_crop_00330_ID_120200213470_step_20,330,120200213470,20,2020-02-22,08:00:00,2020-02-22 08:00:00,71.5,-1.5,961.3725,17.824,512,512,Solovieva_diploma_PL_training_images/png/Solovieva_PL_crop_00330_ID_120200213470_step_20.png,Solovieva_diploma_PL_training_images/npy/Solovieva_PL_crop_00330_ID_120200213470_step_20.npy,crop_00330_ID_120200213470_step_20_7f0a9b60fd.png,/content/drive/MyDrive/sentinel3/SLSTR/ml_manual_crops_010526/png/crop_00330_ID_120200213470_step_20_7f0a9b60fd.png,True
Solovieva_PL_crop_00332_ID_120200213470_step_21,332,120200213470,21,2020-02-22,09:00:00,2020-02-22 09:00:00,71.25,-2.0,961.73187,18.982000000000003,512,512,Solovieva_diploma_PL_training_images/png/Solovieva_PL_crop_00332_ID_120200213470_step_21.png,Solovieva_diploma_PL_training_images/npy/Solovieva_PL_crop_00332_ID_120200213470_step_21.npy,crop_00332_ID_120200213470_step_21_af422a734e.png,/content/drive/MyDrive/sentinel3/SLSTR/ml_manual_crops_010526/png/crop_00332_ID_120200213470_step_21_af422a734e.png,True
Solovieva_PL_crop_00334_ID_120200213470_step_22,334,120200213470,22,2020-02-22,10:00:00,2020-02-22 10:00:00,70.75,-2.25,962.02936,20.124,512,512,Solovieva_diploma_PL_training_images/png/Solovieva_PL_crop_00334_ID_120200213470_step_22.png,Solovieva_diploma_PL_training_images/npy/Solovieva_PL_crop_00334_ID_120200213470_step_22.npy,crop_00334_ID_120200213470_step_22_36a3f1c380.png,/content/drive/MyDrive/sentinel3/SLSTR/ml_manual_crops_010526/png/crop_00334_ID_120200213470_step_22_36a3f1c380.png,True
Solovieva_PL_crop_00343_ID_120200213470_step_34,343,120200213470,34,2020-02-22,22:00:00,2020-02-22 22:00:00,67.5,-0.75,970.55872,24.02,512,512,Solovieva_diploma_PL_training_images/png/Solovieva_PL_crop_00343_ID_120200213470_step_34.png,Solovieva_diploma_PL_training_images/npy/Solovieva_PL_crop_00343_ID_120200213470_step_34.npy,crop_00343_ID_120200213470_step_34_c05137395a.png,/content/drive/MyDrive/sentinel3/SLSTR/ml_manual_crops_010526/png/crop_00343_ID_120200213470_step_34_c05137395a.png,True
Solovieva_PL_crop_00319_ID_120200213490_step_10,319,120200213490,10,2020-02-22,00:00:00,2020-02-22 00:00:00,73.5,14.5,958.26624,19.532,512,512,Solovieva_diploma_PL_training_images/png/Solovieva_PL_crop_00319_ID_120200213490_step_10.png,Solovieva_diploma_PL_training_images/npy/Solovieva_PL_crop_00319_ID_120200213490_step_10.npy,crop_00319_ID_120200213490_step_10_db15019cab.png,/content/drive/MyDrive/sentinel3/SLSTR/ml_manual_crops_010526/png/crop_00319_ID_120200213490_step_10_db15019cab.png,True
Solovieva_PL_crop_00320_ID_120200213490_step_11,320,120200213490,11,2020-02-22,01:00:00,2020-02-22 01:00:00,73.5,14.0,957.55811,19.129,512,512,Solovieva_diploma_PL_training_images/png/Solovieva_PL_crop_00320_ID_120200213490_step_11.png,Solovieva_diploma_PL_training_images/npy/Solovieva_PL_crop_00320_ID_120200213490_step_11.npy,crop_00320_ID_120200213490_step_11_021a821c44.png,/content/drive/MyDrive/sentinel3/SLSTR/ml_manual_crops_010526/png/crop_00320_ID_120200213490_step_11_021a821c44.png,True
Solovieva_PL_crop_00323_ID_120200213490_step_12,323,120200213490,12,2020-02-22,02:00:00,2020-02-22 02:00:00,73.75,14.5,957.79999,19.864,512,512,Solovieva_diploma_PL_training_images/png/Solovieva_PL_crop_00323_ID_120200213490_step_12.png,Solovieva_diploma_PL_training_images/npy/Solovieva_PL_crop_00323_ID_120200213490_step_12.npy,crop_00323_ID_120200213490_step_12_f644e9d738.png,/content/drive/MyDrive/sentinel3/SLSTR/ml_manual_crops_010526/png/crop_00323_ID_120200213490_step_12_f644e9d738.png,True
Solovieva_PL_crop_00326_ID_120200213490_step_13,326,120200213490,13,2020-02-22,03:00:00,2020-02-22 03:00:00,73.75,14.25,957.07562,20.622,512,512,Solovieva_diploma_PL_training_images/png/Solovieva_PL_crop_00326_ID_120200213490_step_13.png,Solovieva_diploma_PL_training_images/npy/Solovieva_PL_crop_00326_ID_120200213490_step_13.npy,crop_00326_ID_120200213490_step_13_5381ef5886.png,/content/drive/MyDrive/sentinel3/SLSTR/ml_manual_crops_010526/png/crop_00326_ID_120200213490_step_13_5381ef5886.png,True
Solovieva_PL_crop_00321_ID_120200213620_step_11,321,120200213620,11,2020-02-22,07:00:00,2020-02-22 07:00:00,59.75,-13.0,973.78186,16.344,512,512,Solovieva_diploma_PL_training_images/png/Solovieva_PL_crop_00321_ID_120200213620_step_11.png,Solovieva_diploma_PL_training_images/npy/Solovieva_PL_crop_00321_ID_120200213620_step_11.npy,crop_00321_ID_120200213620_step_11_a9d6617414.png,/content/drive/MyDrive/sentinel3/SLSTR/ml_manual_crops_010526/png/crop_00321_ID_120200213620_step_11_a9d6617414.png,True
Solovieva_PL_crop_00324_ID_120200213620_step_12,324,120200213620,12,2020-02-22,08:00:00,2020-02-22 08:00:00,60.0,-11.5,974.19,18.379,512,512,Solovieva_diploma_PL_training_images/png/Solovieva_PL_crop_00324_ID_120200213620_step_12.png,Solovieva_diploma_PL_training_images/npy/Solovieva_PL_crop_00324_ID_120200213620_step_12.npy,crop_00324_ID_120200213620_step_12_3f16e021d3.png,/content/drive/MyDrive/sentinel3/SLSTR/ml_manual_crops_010526/png/crop_00324_ID_120200213620_step_12_3f16e021d3.png,True
Solovieva_PL_crop_00327_ID_120200213620_step_13,327,120200213620,13,2020-02-22,09:00:00,2020-02-22 09:00:00,60.0,-10.25,974.95184,19.919,512,512,Solovieva_diploma_PL_training_images/png/Solovieva_PL_crop_00327_ID_120200213620_step_13.png,Solovieva_diploma_PL_training_images/npy/Solovieva_PL_crop_00327_ID_120200213620_step_13.npy,crop_00327_ID_120200213620_step_13_8aeb6806ca.png,/content/drive/MyDrive/sentinel3/SLSTR/ml_manual_crops_010526/png/crop_00327_ID_120200213620_step_13_8aeb6806ca.png,True
Solovieva_PL_crop_00331_ID_120200213620_step_20,331,120200213620,20,2020-02-22,16:00:00,2020-02-22 16:00:00,60.25,-1.0,978.46063,18.889,512,512,Solovieva_diploma_PL_training_images/png/Solovieva_PL_crop_00331_ID_120200213620_step_20.png,Solovieva_diploma_PL_training_images/npy/Solovieva_PL_crop_00331_ID_120200213620_step_20.npy,crop_00331_ID_120200213620_step_20_043b066104.png,/content/drive/MyDrive/sentinel3/SLSTR/ml_manual_crops_010526/png/crop_00331_ID_120200213620_step_20_043b066104.png,True
Solovieva_PL_crop_00336_ID_120200213620_step_23,336,120200213620,23,2020-02-22,19:00:00,2020-02-22 19:00:00,59.75,1.75,983.39813,16.895,512,512,Solovieva_diploma_PL_training_images/png/Solovieva_PL_crop_00336_ID_120200213620_step_23.png,Solovieva_diploma_PL_training_images/npy/Solovieva_PL_crop_00336_ID_120200213620_step_23.npy,crop_00336_ID_120200213620_step_23_f20cfb5328.png,/content/drive/MyDrive/sentinel3/SLSTR/ml_manual_crops_010526/png/crop_00336_ID_120200213620_step_23_f20cfb5328.png,True
Solovieva_PL_crop_00317_ID_120200214010_step_1,317,120200214010,1,2020-02-22,17:00:00,2020-02-22 17:00:00,61.25,-53.25,989.21997,16.4,512,512,Solovieva_diploma_PL_training_images/png/Solovieva_PL_crop_00317_ID_120200214010_step_1.png,Solovieva_diploma_PL_training_images/npy/Solovieva_PL_crop_00317_ID_120200214010_step_1.npy,crop_00317_ID_120200214010_step_1_e5711d89ce.png,/content/drive/MyDrive/sentinel3/SLSTR/ml_manual_crops_010526/png/crop_00317_ID_120200214010_step_1_e5711d89ce.png,True
Solovieva_PL_crop_00318_ID_120200214010_step_2,318,120200214010,2,2020-02-22,18:00:00,2020-02-22 18:00:00,61.25,-54.25,987.83435,17.026,512,512,Solovieva_diploma_PL_training_images/png/Solovieva_PL_crop_00318_ID_120200214010_step_2.png,Solovieva_diploma_PL_training_images/npy/Solovieva_PL_crop_00318_ID_120200214010_step_2.npy,crop_00318_ID_120200214010_step_2_8be26576a7.png,/content/drive/MyDrive/sentinel3/SLSTR/ml_manual_crops_010526/png/crop_00318_ID_120200214010_step_2_8be26576a7.png,True
Solovieva_PL_crop_00348_ID_120200214010_step_13,348,120200214010,13,2020-02-23,05:00:00,2020-02-23 05:00:00,63.0,-51.5,985.49561,27.194000000000003,512,512,Solovieva_diploma_PL_training_images/png/Solovieva_PL_crop_00348_ID_120200214010_step_13.png,Solovieva_diploma_PL_training_images/npy/Solovieva_PL_crop_00348_ID_120200214010_step_13.npy,crop_00348_ID_120200214010_step_13_052f3e34aa.png,/content/drive/MyDrive/sentinel3/SLSTR/ml_manual_crops_010526/png/crop_00348_ID_120200214010_step_13_052f3e34aa.png,True
Solovieva_PL_crop_00349_ID_120200214010_step_14,349,120200214010,14,2020-02-23,06:00:00,2020-02-23 06:00:00,63.0,-51.5,985.42749,28.926,512,512,Solovieva_diploma_PL_training_images/png/Solovieva_PL_crop_00349_ID_120200214010_step_14.png,Solovieva_diploma_PL_training_images/npy/Solovieva_PL_crop_00349_ID_120200214010_step_14.npy,crop_00349_ID_120200214010_step_14_932074cc1e.png,/content/drive/MyDrive/sentinel3/SLSTR/ml_manual_crops_010526/png/crop_00349_ID_120200214010_step_14_932074cc1e.png,True
Solovieva_PL_crop_00351_ID_120200214010_step_15,351,120200214010,15,2020-02-23,07:00:00,2020-02-23 07:00:00,62.75,-51.25,986.32935,30.37,512,512,Solovieva_diploma_PL_training_images/png/Solovieva_PL_crop_00351_ID_120200214010_step_15.png,Solovieva_diploma_PL_training_images/npy/Solovieva_PL_crop_00351_ID_120200214010_step_15.npy,crop_00351_ID_120200214010_step_15_44c5596345.png,/content/drive/MyDrive/sentinel3/SLSTR/ml_manual_crops_010526/png/crop_00351_ID_120200214010_step_15_44c5596345.png,True
Solovieva_PL_crop_00346_ID_120200214110_step_11,346,120200214110,11,2020-02-23,09:00:00,2020-02-23 09:00:00,66.25,-27.0,988.98999,21.049,512,512,Solovieva_diploma_PL_training_images/png/Solovieva_PL_crop_00346_ID_120200214110_step_11.png,Solovieva_diploma_PL_training_images/npy/Solovieva_PL_crop_00346_ID_120200214110_step_11.npy,crop_00346_ID_120200214110_step_11_6b57ed246a.png,/content/drive/MyDrive/sentinel3/SLSTR/ml_manual_crops_010526/png/crop_00346_ID_120200214110_step_11_6b57ed246a.png,True
Solovieva_PL_crop_00347_ID_120200214110_step_12,347,120200214110,12,2020-02-23,10:00:00,2020-02-23 10:00:00,66.25,-26.5,989.43683,23.687,512,512,Solovieva_diploma_PL_training_images/png/Solovieva_PL_crop_00347_ID_120200214110_step_12.png,Solovieva_diploma_PL_training_images/npy/Solovieva_PL_crop_00347_ID_120200214110_step_12.npy,crop_00347_ID_120200214110_step_12_bf03752a24.png,/content/drive/MyDrive/sentinel3/SLSTR/ml_manual_crops_010526/png/crop_00347_ID_120200214110_step_12_bf03752a24.png,True
Solovieva_PL_crop_00353_ID_120200214110_step_21,353,120200214110,21,2020-02-23,19:00:00,2020-02-23 19:00:00,67.5,-21.0,992.57312,25.563,512,512,Solovieva_diploma_PL_training_images/png/Solovieva_PL_crop_00353_ID_120200214110_step_21.png,Solovieva_diploma_PL_training_images/npy/Solovieva_PL_crop_00353_ID_120200214110_step_21.npy,crop_00353_ID_120200214110_step_21_1dbecfa086.png,/content/drive/MyDrive/sentinel3/SLSTR/ml_manual_crops_010526/png/crop_00353_ID_120200214110_step_21_1dbecfa086.png,True
Solovieva_PL_crop_00355_ID_120200214110_step_22,355,120200214110,22,2020-02-23,20:00:00,2020-02-23 20:00:00,67.5,-21.0,993.50684,24.839,512,512,Solovieva_diploma_PL_training_images/png/Solovieva_PL_crop_00355_ID_120200214110_step_22.png,Solovieva_diploma_PL_training_images/npy/Solovieva_PL_crop_00355_ID_120200214110_step_22.npy,crop_00355_ID_120200214110_step_22_a95b89c16b.png,/content/drive/MyDrive/sentinel3/SLSTR/ml_manual_crops_010526/png/crop_00355_ID_120200214110_step_22_a95b89c16b.png,True
Solovieva_PL_crop_00337_ID_120200214390_step_0,337,120200214390,0,2020-02-23,08:00:00,2020-02-23 08:00:00,62.75,-38.5,991.77936,17.177999999999997,512,512,Solovieva_diploma_PL_training_images/png/Solovieva_PL_crop_00337_ID_120200214390_step_0.png,Solovieva_diploma_PL_training_images/npy/Solovieva_PL_crop_00337_ID_120200214390_step_0.npy,crop_00337_ID_120200214390_step_0_f67d161318.png,/content/drive/MyDrive/sentinel3/SLSTR/ml_manual_crops_010526/png/crop_00337_ID_120200214390_step_0_f67d161318.png,True
Solovieva_PL_crop_00338_ID_120200214390_step_1,338,120200214390,1,2020-02-23,09:00:00,2020-02-23 09:00:00,62.75,-38.5,991.87,20.491,512,512,Solovieva_diploma_PL_training_images/png/Solovieva_PL_crop_00338_ID_120200214390_step_1.png,Solovieva_diploma_PL_training_images/npy/Solovieva_PL_crop_00338_ID_120200214390_step_1.npy,crop_00338_ID_120200214390_step_1_702b557c13.png,/content/drive/MyDrive/sentinel3/SLSTR/ml_manual_crops_010526/png/crop_00338_ID_120200214390_step_1_702b557c13.png,True
Solovieva_PL_crop_00363_ID_120200214390_step_22,363,120200214390,22,2020-02-24,06:00:00,2020-02-24 06:00:00,63.75,-33.75,990.39435,18.016,512,512,Solovieva_diploma_PL_training_images/png/Solovieva_PL_crop_00363_ID_120200214390_step_22.png,Solovieva_diploma_PL_training_images/npy/Solovieva_PL_crop_00363_ID_120200214390_step_22.npy,crop_00363_ID_120200214390_step_22_8ee57af3b2.png,/content/drive/MyDrive/sentinel3/SLSTR/ml_manual_crops_010526/png/crop_00363_ID_120200214390_step_22_8ee57af3b2.png,True
Solovieva_PL_crop_00364_ID_120200214390_step_23,364,120200214390,23,2020-02-24,07:00:00,2020-02-24 07:00:00,63.75,-33.75,990.40997,19.192,512,512,Solovieva_diploma_PL_training_images/png/Solovieva_PL_crop_00364_ID_120200214390_step_23.png,Solovieva_diploma_PL_training_images/npy/Solovieva_PL_crop_00364_ID_120200214390_step_23.npy,crop_00364_ID_120200214390_step_23_7bb8ec2b03.png,/content/drive/MyDrive/sentinel3/SLSTR/ml_manual_crops_010526/png/crop_00364_ID_120200214390_step_23_7bb8ec2b03.png,True
Solovieva_PL_crop_00365_ID_120200214390_step_24,365,120200214390,24,2020-02-24,08:00:00,2020-02-24 08:00:00,63.5,-33.75,989.87,19.492,512,512,Solovieva_diploma_PL_training_images/png/Solovieva_PL_crop_00365_ID_120200214390_step_24.png,Solovieva_diploma_PL_training_images/npy/Solovieva_PL_crop_00365_ID_120200214390_step_24.npy,crop_00365_ID_120200214390_step_24_97e7514366.png,/content/drive/MyDrive/sentinel3/SLSTR/ml_manual_crops_010526/png/crop_00365_ID_120200214390_step_24_97e7514366.png,True
Solovieva_PL_crop_00344_ID_120200214440_step_10,344,120200214440,10,2020-02-23,20:00:00,2020-02-23 20:00:00,70.0,17.25,970.05188,23.807,512,512,Solovieva_diploma_PL_training_images/png/Solovieva_PL_crop_00344_ID_120200214440_step_10.png,Solovieva_diploma_PL_training_images/npy/Solovieva_PL_crop_00344_ID_120200214440_step_10.npy,crop_00344_ID_120200214440_step_10_cd789ad13d.png,/content/drive/MyDrive/sentinel3/SLSTR/ml_manual_crops_010526/png/crop_00344_ID_120200214440_step_10_cd789ad13d.png,True
Solovieva_PL_crop_00360_ID_120200214880_step_11,360,120200214880,11,2020-02-24,23:00:00,2020-02-24 23:00:00,63.25,-11.75,987.7381,21.324,512,512,Solovieva_diploma_PL_training_images/png/Solovieva_PL_crop_00360_ID_120200214880_step_11.png,Solovieva_diploma_PL_training_images/npy/Solovieva_PL_crop_00360_ID_120200214880_step_11.npy,crop_00360_ID_120200214880_step_11_0ebc7def8f.png,/content/drive/MyDrive/sentinel3/SLSTR/ml_manual_crops_010526/png/crop_00360_ID_120200214880_step_11_0ebc7def8f.png,True
Solovieva_PL_crop_00370_ID_120200214880_step_12,370,120200214880,12,2020-02-25,00:00:00,2020-02-25 00:00:00,63.5,-11.25,987.16687,21.631,512,512,Solovieva_diploma_PL_training_images/png/Solovieva_PL_crop_00370_ID_120200214880_step_12.png,Solovieva_diploma_PL_training_images/npy/Solovieva_PL_crop_00370_ID_120200214880_step_12.npy,crop_00370_ID_120200214880_step_12_94f6f2640d.png,/content/drive/MyDrive/sentinel3/SLSTR/ml_manual_crops_010526/png/crop_00370_ID_120200214880_step_12_94f6f2640d.png,True
Solovieva_PL_crop_00371_ID_120200215020_step_12,371,120200215020,12,2020-02-25,05:00:00,2020-02-25 05:00:00,59.5,-35.0,999.2981,16.821,512,512,Solovieva_diploma_PL_training_images/png/Solovieva_PL_crop_00371_ID_120200215020_step_12.png,Solovieva_diploma_PL_training_images/npy/Solovieva_PL_crop_00371_ID_120200215020_step_12.npy,crop_00371_ID_120200215020_step_12_a9b89e8799.png,/content/drive/MyDrive/sentinel3/SLSTR/ml_manual_crops_010526/png/crop_00371_ID_120200215020_step_12_a9b89e8799.png,True
Solovieva_PL_crop_00372_ID_120200215020_step_13,372,120200215020,13,2020-02-25,06:00:00,2020-02-25 06:00:00,59.25,-34.25,999.97375,16.034000000000002,512,512,Solovieva_diploma_PL_training_images/png/Solovieva_PL_crop_00372_ID_120200215020_step_13.png,Solovieva_diploma_PL_training_images/npy/Solovieva_PL_crop_00372_ID_120200215020_step_13.npy,crop_00372_ID_120200215020_step_13_5540e18599.png,/content/drive/MyDrive/sentinel3/SLSTR/ml_manual_crops_010526/png/crop_00372_ID_120200215020_step_13_5540e18599.png,True
Solovieva_PL_crop_00373_ID_120200215060_step_13,373,120200215060,13,2020-02-25,08:00:00,2020-02-25 08:00:00,64.25,-29.5,985.26184,28.714,512,512,Solovieva_diploma_PL_training_images/png/Solovieva_PL_crop_00373_ID_120200215060_step_13.png,Solovieva_diploma_PL_training_images/npy/Solovieva_PL_crop_00373_ID_120200215060_step_13.npy,crop_00373_ID_120200215060_step_13_8218a7fce7.png,/content/drive/MyDrive/sentinel3/SLSTR/ml_manual_crops_010526/png/crop_00373_ID_120200215060_step_13_8218a7fce7.png,True
Solovieva_PL_crop_00375_ID_120200215060_step_22,375,120200215060,22,2020-02-25,17:00:00,2020-02-25 17:00:00,63.25,-28.75,989.29498,30.479,512,512,Solovieva_diploma_PL_training_images/png/Solovieva_PL_crop_00375_ID_120200215060_step_22.png,Solovieva_diploma_PL_training_images/npy/Solovieva_PL_crop_00375_ID_120200215060_step_22.npy,crop_00375_ID_120200215060_step_22_57e1db6e5e.png,/content/drive/MyDrive/sentinel3/SLSTR/ml_manual_crops_010526/png/crop_00375_ID_120200215060_step_22_57e1db6e5e.png,True
Solovieva_PL_crop_00367_ID_120200215460_step_9,367,120200215460,9,2020-02-25,21:00:00,2020-02-25 21:00:00,57.75,9.25,983.97998,22.946,512,512,Solovieva_diploma_PL_training_images/png/Solovieva_PL_crop_00367_ID_120200215460_step_9.png,Solovieva_diploma_PL_training_images/npy/Solovieva_PL_crop_00367_ID_120200215460_step_9.npy,crop_00367_ID_120200215460_step_9_2e9269d368.png,/content/drive/MyDrive/sentinel3/SLSTR/ml_manual_crops_010526/png/crop_00367_ID_120200215460_step_9_2e9269d368.png,True
Solovieva_PL_crop_00368_ID_120200215520_step_9,368,120200215520,9,2020-02-25,22:00:00,2020-02-25 22:00:00,69.0,13.25,991.70813,28.099,512,512,Solovieva_diploma_PL_training_images/png/Solovieva_PL_crop_00368_ID_120200215520_step_9.png,Solovieva_diploma_PL_training_images/npy/Solovieva_PL_crop_00368_ID_120200215520_step_9.npy,crop_00368_ID_120200215520_step_9_122df5b9cb.png,/content/drive/MyDrive/sentinel3/SLSTR/ml_manual_crops_010526/png/crop_00368_ID_120200215520_step_9_122df5b9cb.png,True
Solovieva_PL_crop_00380_ID_120200215520_step_11,380,120200215520,11,2020-02-26,00:00:00,2020-02-26 00:00:00,69.25,14.75,992.4975,24.887,512,512,Solovieva_diploma_PL_training_images/png/Solovieva_PL_crop_00380_ID_120200215520_step_11.png,Solovieva_diploma_PL_training_images/npy/Solovieva_PL_crop_00380_ID_120200215520_step_11.npy,crop_00380_ID_120200215520_step_11_e61f18a912.png,/content/drive/MyDrive/sentinel3/SLSTR/ml_manual_crops_010526/png/crop_00380_ID_120200215520_step_11_e61f18a912.png,True
Solovieva_PL_crop_00366_ID_120200215530_step_8,366,120200215530,8,2020-02-25,22:00:00,2020-02-25 22:00:00,72.0,33.0,989.29559,23.37,512,512,Solovieva_diploma_PL_training_images/png/Solovieva_PL_crop_00366_ID_120200215530_step_8.png,Solovieva_diploma_PL_training_images/npy/Solovieva_PL_crop_00366_ID_120200215530_step_8.npy,crop_00366_ID_120200215530_step_8_4e1884c9fd.png,/content/drive/MyDrive/sentinel3/SLSTR/ml_manual_crops_010526/png/crop_00366_ID_120200215530_step_8_4e1884c9fd.png,True
Solovieva_PL_crop_00381_ID_120200215530_step_11,381,120200215530,11,2020-02-26,01:00:00,2020-02-26 01:00:00,72.25,35.0,988.65308,23.476,512,512,Solovieva_diploma_PL_training_images/png/Solovieva_PL_crop_00381_ID_120200215530_step_11.png,Solovieva_diploma_PL_training_images/npy/Solovieva_PL_crop_00381_ID_120200215530_step_11.npy,crop_00381_ID_120200215530_step_11_9e58f6abf2.png,/content/drive/MyDrive/sentinel3/SLSTR/ml_manual_crops_010526/png/crop_00381_ID_120200215530_step_11_9e58f6abf2.png,True
Solovieva_PL_crop_00383_ID_120200215530_step_12,383,120200215530,12,2020-02-26,02:00:00,2020-02-26 02:00:00,72.5,35.75,988.56433,24.158,512,512,Solovieva_diploma_PL_training_images/png/Solovieva_PL_crop_00383_ID_120200215530_step_12.png,Solovieva_diploma_PL_training_images/npy/Solovieva_PL_crop_00383_ID_120200215530_step_12.npy,crop_00383_ID_120200215530_step_12_f0f46f112b.png,/content/drive/MyDrive/sentinel3/SLSTR/ml_manual_crops_010526/png/crop_00383_ID_120200215530_step_12_f0f46f112b.png,True
Solovieva_PL_crop_00388_ID_120200215530_step_15,388,120200215530,15,2020-02-26,05:00:00,2020-02-26 05:00:00,73.25,37.75,988.43121,23.158,512,512,Solovieva_diploma_PL_training_images/png/Solovieva_PL_crop_00388_ID_120200215530_step_15.png,Solovieva_diploma_PL_training_images/npy/Solovieva_PL_crop_00388_ID_120200215530_step_15.npy,crop_00388_ID_120200215530_step_15_2f9501bf5b.png,/content/drive/MyDrive/sentinel3/SLSTR/ml_manual_crops_010526/png/crop_00388_ID_120200215530_step_15_2f9501bf5b.png,True
Solovieva_PL_crop_00389_ID_120200215530_step_16,389,120200215530,16,2020-02-26,06:00:00,2020-02-26 06:00:00,73.5,38.5,988.49432,24.698,512,512,Solovieva_diploma_PL_training_images/png/Solovieva_PL_crop_00389_ID_120200215530_step_16.png,Solovieva_diploma_PL_training_images/npy/Solovieva_PL_crop_00389_ID_120200215530_step_16.npy,crop_00389_ID_120200215530_step_16_b2f4f44b36.png,/content/drive/MyDrive/sentinel3/SLSTR/ml_manual_crops_010526/png/crop_00389_ID_120200215530_step_16_b2f4f44b36.png,True
Solovieva_PL_crop_00390_ID_120200215530_step_17,390,120200215530,17,2020-02-26,07:00:00,2020-02-26 07:00:00,73.75,39.25,988.59686,25.731,512,512,Solovieva_diploma_PL_training_images/png/Solovieva_PL_crop_00390_ID_120200215530_step_17.png,Solovieva_diploma_PL_training_images/npy/Solovieva_PL_crop_00390_ID_120200215530_step_17.npy,crop_00390_ID_120200215530_step_17_a67c86eb63.png,/content/drive/MyDrive/sentinel3/SLSTR/ml_manual_crops_010526/png/crop_00390_ID_120200215530_step_17_a67c86eb63.png,True
Solovieva_PL_crop_00391_ID_120200215530_step_18,391,120200215530,18,2020-02-26,08:00:00,2020-02-26 08:00:00,73.75,40.0,989.0412,25.192,512,512,Solovieva_diploma_PL_training_images/png/Solovieva_PL_crop_00391_ID_120200215530_step_18.png,Solovieva_diploma_PL_training_images/npy/Solovieva_PL_crop_00391_ID_120200215530_step_18.npy,crop_00391_ID_120200215530_step_18_c7467d048f.png,/content/drive/MyDrive/sentinel3/SLSTR/ml_manual_crops_010526/png/crop_00391_ID_120200215530_step_18_c7467d048f.png,True
Solovieva_PL_crop_00386_ID_120200215790_step_13,386,120200215790,13,2020-02-26,16:00:00,2020-02-26 16:00:00,61.25,-8.75,987.13123,17.588,512,512,Solovieva_diploma_PL_training_images/png/Solovieva_PL_crop_00386_ID_120200215790_step_13.png,Solovieva_diploma_PL_training_images/npy/Solovieva_PL_crop_00386_ID_120200215790_step_13.npy,crop_00386_ID_120200215790_step_13_38b4adec61.png,/content/drive/MyDrive/sentinel3/SLSTR/ml_manual_crops_010526/png/crop_00386_ID_120200215790_step_13_38b4adec61.png,True
Solovieva_PL_crop_00385_ID_120200215910_step_12,385,120200215910,12,2020-02-26,20:00:00,2020-02-26 20:00:00,63.5,-10.25,986.41058,17.638,512,512,Solovieva_diploma_PL_training_images/png/Solovieva_PL_crop_00385_ID_120200215910_step_12.png,Solovieva_diploma_PL_training_images/npy/Solovieva_PL_crop_00385_ID_120200215910_step_12.npy,crop_00385_ID_120200215910_step_12_16252c6f6b.png,/content/drive/MyDrive/sentinel3/SLSTR/ml_manual_crops_010526/png/crop_00385_ID_120200215910_step_12_16252c6f6b.png,True
Solovieva_PL_crop_00387_ID_120200215910_step_13,387,120200215910,13,2020-02-26,21:00:00,2020-02-26 21:00:00,63.5,-10.0,986.125,18.02,512,512,Solovieva_diploma_PL_training_images/png/Solovieva_PL_crop_00387_ID_120200215910_step_13.png,Solovieva_diploma_PL_training_images/npy/Solovieva_PL_crop_00387_ID_120200215910_step_13.npy,crop_00387_ID_120200215910_step_13_06a7ff236d.png,/content/drive/MyDrive/sentinel3/SLSTR/ml_manual_crops_010526/png/crop_00387_ID_120200215910_step_13_06a7ff236d.png,True
Solovieva_PL_crop_00403_ID_120200216170_step_12,403,120200216170,12,2020-02-27,07:00:00,2020-02-27 07:00:00,62.75,-30.5,985.01312,27.796,512,512,Solovieva_diploma_PL_training_images/png/Solovieva_PL_crop_00403_ID_120200216170_step_12.png,Solovieva_diploma_PL_training_images/npy/Solovieva_PL_crop_00403_ID_120200216170_step_12.npy,crop_00403_ID_120200216170_step_12_c76b425104.png,/content/drive/MyDrive/sentinel3/SLSTR/ml_manual_crops_010526/png/crop_00403_ID_120200216170_step_12_c76b425104.png,True
Solovieva_PL_crop_00406_ID_120200216170_step_13,406,120200216170,13,2020-02-27,08:00:00,2020-02-27 08:00:00,62.75,-30.5,985.08313,27.786,512,512,Solovieva_diploma_PL_training_images/png/Solovieva_PL_crop_00406_ID_120200216170_step_13.png,Solovieva_diploma_PL_training_images/npy/Solovieva_PL_crop_00406_ID_120200216170_step_13.npy,crop_00406_ID_120200216170_step_13_3a19dfd4b2.png,/content/drive/MyDrive/sentinel3/SLSTR/ml_manual_crops_010526/png/crop_00406_ID_120200216170_step_13_3a19dfd4b2.png,True
Solovieva_PL_crop_00409_ID_120200216170_step_14,409,120200216170,14,2020-02-27,09:00:00,2020-02-27 09:00:00,62.75,-30.25,984.87811,27.766,512,512,Solovieva_diploma_PL_training_images/png/Solovieva_PL_crop_00409_ID_120200216170_step_14.png,Solovieva_diploma_PL_training_images/npy/Solovieva_PL_crop_00409_ID_120200216170_step_14.npy,crop_00409_ID_120200216170_step_14_4df6e95e65.png,/content/drive/MyDrive/sentinel3/SLSTR/ml_manual_crops_010526/png/crop_00409_ID_120200216170_step_14_4df6e95e65.png,True
Solovieva_PL_crop_00420_ID_120200216170_step_22,420,120200216170,22,2020-02-27,17:00:00,2020-02-27 17:00:00,63.75,-30.5,983.00623,25.066,512,512,Solovieva_diploma_PL_training_images/png/Solovieva_PL_crop_00420_ID_120200216170_step_22.png,Solovieva_diploma_PL_training_images/npy/Solovieva_PL_crop_00420_ID_120200216170_step_22.npy,crop_00420_ID_120200216170_step_22_d440dfe6fd.png,/content/drive/MyDrive/sentinel3/SLSTR/ml_manual_crops_010526/png/crop_00420_ID_120200216170_step_22_d440dfe6fd.png,True
Solovieva_PL_crop_00444_ID_120200216170_step_36,444,120200216170,36,2020-02-28,07:00:00,2020-02-28 07:00:00,61.25,-35.5,980.83313,26.15300000000001,512,512,Solovieva_diploma_PL_training_images/png/Solovieva_PL_crop_00444_ID_120200216170_step_36.png,Solovieva_diploma_PL_training_images/npy/Solovieva_PL_crop_00444_ID_120200216170_step_36.npy,crop_00444_ID_120200216170_step_36_f4a7e20c9a.png,/content/drive/MyDrive/sentinel3/SLSTR/ml_manual_crops_010526/png/crop_00444_ID_120200216170_step_36_f4a7e20c9a.png,True
Solovieva_PL_crop_00447_ID_120200216170_step_37,447,120200216170,37,2020-02-28,08:00:00,2020-02-28 08:00:00,61.0,-35.25,980.745,26.544,512,512,Solovieva_diploma_PL_training_images/png/Solovieva_PL_crop_00447_ID_120200216170_step_37.png,Solovieva_diploma_PL_training_images/npy/Solovieva_PL_crop_00447_ID_120200216170_step_37.npy,crop_00447_ID_120200216170_step_37_610fb91dbd.png,/content/drive/MyDrive/sentinel3/SLSTR/ml_manual_crops_010526/png/crop_00447_ID_120200216170_step_37_610fb91dbd.png,True
Solovieva_PL_crop_00458_ID_120200216170_step_48,458,120200216170,48,2020-02-28,19:00:00,2020-02-28 19:00:00,59.25,-32.0,979.34186,24.21,512,512,Solovieva_diploma_PL_training_images/png/Solovieva_PL_crop_00458_ID_120200216170_step_48.png,Solovieva_diploma_PL_training_images/npy/Solovieva_PL_crop_00458_ID_120200216170_step_48.npy,crop_00458_ID_120200216170_step_48_cdc564757f.png,/content/drive/MyDrive/sentinel3/SLSTR/ml_manual_crops_010526/png/crop_00458_ID_120200216170_step_48_cdc564757f.png,True
Solovieva_PL_crop_00397_ID_120200216280_step_10,397,120200216280,10,2020-02-27,08:00:00,2020-02-27 08:00:00,70.5,18.25,987.45563,31.981,512,512,Solovieva_diploma_PL_training_images/png/Solovieva_PL_crop_00397_ID_120200216280_step_10.png,Solovieva_diploma_PL_training_images/npy/Solovieva_PL_crop_00397_ID_120200216280_step_10.npy,crop_00397_ID_120200216280_step_10_8ab2cc4d78.png,/content/drive/MyDrive/sentinel3/SLSTR/ml_manual_crops_010526/png/crop_00397_ID_120200216280_step_10_8ab2cc4d78.png,True
Solovieva_PL_crop_00404_ID_120200216280_step_12,404,120200216280,12,2020-02-27,10:00:00,2020-02-27 10:00:00,70.5,18.25,987.39746,33.075,512,512,Solovieva_diploma_PL_training_images/png/Solovieva_PL_crop_00404_ID_120200216280_step_12.png,Solovieva_diploma_PL_training_images/npy/Solovieva_PL_crop_00404_ID_120200216280_step_12.npy,crop_00404_ID_120200216280_step_12_7c66c1a8b0.png,/content/drive/MyDrive/sentinel3/SLSTR/ml_manual_crops_010526/png/crop_00404_ID_120200216280_step_12_7c66c1a8b0.png,True
Solovieva_PL_crop_00394_ID_120200216340_step_0,394,120200216340,0,2020-02-27,00:00:00,2020-02-27 00:00:00,58.5,-38.0,992.6275,25.766,512,512,Solovieva_diploma_PL_training_images/png/Solovieva_PL_crop_00394_ID_120200216340_step_0.png,Solovieva_diploma_PL_training_images/npy/Solovieva_PL_crop_00394_ID_120200216340_step_0.npy,crop_00394_ID_120200216340_step_0_b8ee52d36f.png,/content/drive/MyDrive/sentinel3/SLSTR/ml_manual_crops_010526/png/crop_00394_ID_120200216340_step_0_b8ee52d36f.png,True
Solovieva_PL_crop_00401_ID_120200216340_step_11,401,120200216340,11,2020-02-27,11:00:00,2020-02-27 11:00:00,58.5,-31.75,990.89496,21.671,512,512,Solovieva_diploma_PL_training_images/png/Solovieva_PL_crop_00401_ID_120200216340_step_11.png,Solovieva_diploma_PL_training_images/npy/Solovieva_PL_crop_00401_ID_120200216340_step_11.npy,crop_00401_ID_120200216340_step_11_526de28487.png,/content/drive/MyDrive/sentinel3/SLSTR/ml_manual_crops_010526/png/crop_00401_ID_120200216340_step_11_526de28487.png,True
Solovieva_PL_crop_00405_ID_120200216340_step_12,405,120200216340,12,2020-02-27,12:00:00,2020-02-27 12:00:00,58.75,-30.75,989.98187,21.353000000000005,512,512,Solovieva_diploma_PL_training_images/png/Solovieva_PL_crop_00405_ID_120200216340_step_12.png,Solovieva_diploma_PL_training_images/npy/Solovieva_PL_crop_00405_ID_120200216340_step_12.npy,crop_00405_ID_120200216340_step_12_5758a209f7.png,/content/drive/MyDrive/sentinel3/SLSTR/ml_manual_crops_010526/png/crop_00405_ID_120200216340_step_12_5758a209f7.png,True
Solovieva_PL_crop_00407_ID_120200216340_step_13,407,120200216340,13,2020-02-27,13:00:00,2020-02-27 13:00:00,59.0,-29.75,989.50311,21.057,512,512,Solovieva_diploma_PL_training_images/png/Solovieva_PL_crop_00407_ID_120200216340_step_13.png,Solovieva_diploma_PL_training_images/npy/Solovieva_PL_crop_00407_ID_120200216340_step_13.npy,crop_00407_ID_120200216340_step_13_592afe8e7f.png,/content/drive/MyDrive/sentinel3/SLSTR/ml_manual_crops_010526/png/crop_00407_ID_120200216340_step_13_592afe8e7f.png,True
Solovieva_PL_crop_00411_ID_120200216380_step_14,411,120200216380,14,2020-02-27,14:00:00,2020-02-27 14:00:00,61.25,-21.75,986.52435,29.603,512,512,Solovieva_diploma_PL_training_images/png/Solovieva_PL_crop_00411_ID_120200216380_step_14.png,Solovieva_diploma_PL_training_images/npy/Solovieva_PL_crop_00411_ID_120200216380_step_14.npy,crop_00411_ID_120200216380_step_14_0f46b1463e.png,/content/drive/MyDrive/sentinel3/SLSTR/ml_manual_crops_010526/png/crop_00411_ID_120200216380_step_14_0f46b1463e.png,True
Solovieva_PL_crop_00412_ID_120200216400_step_14,412,120200216400,14,2020-02-27,15:00:00,2020-02-27 15:00:00,77.5,40.0,985.20563,25.841,512,512,Solovieva_diploma_PL_training_images/png/Solovieva_PL_crop_00412_ID_120200216400_step_14.png,Solovieva_diploma_PL_training_images/npy/Solovieva_PL_crop_00412_ID_120200216400_step_14.npy,crop_00412_ID_120200216400_step_14_e437d4650d.png,/content/drive/MyDrive/sentinel3/SLSTR/ml_manual_crops_010526/png/crop_00412_ID_120200216400_step_14_e437d4650d.png,True
Solovieva_PL_crop_00414_ID_120200216400_step_16,414,120200216400,16,2020-02-27,17:00:00,2020-02-27 17:00:00,77.5,40.5,985.14996,27.781,512,512,Solovieva_diploma_PL_training_images/png/Solovieva_PL_crop_00414_ID_120200216400_step_16.png,Solovieva_diploma_PL_training_images/npy/Solovieva_PL_crop_00414_ID_120200216400_step_16.npy,crop_00414_ID_120200216400_step_16_85246f9874.png,/content/drive/MyDrive/sentinel3/SLSTR/ml_manual_crops_010526/png/crop_00414_ID_120200216400_step_16_85246f9874.png,True
Solovieva_PL_crop_00415_ID_120200216400_step_17,415,120200216400,17,2020-02-27,18:00:00,2020-02-27 18:00:00,77.5,40.75,985.25873,26.421,512,512,Solovieva_diploma_PL_training_images/png/Solovieva_PL_crop_00415_ID_120200216400_step_17.png,Solovieva_diploma_PL_training_images/npy/Solovieva_PL_crop_00415_ID_120200216400_step_17.npy,crop_00415_ID_120200216400_step_17_c846ff887a.png,/content/drive/MyDrive/sentinel3/SLSTR/ml_manual_crops_010526/png/crop_00415_ID_120200216400_step_17_c846ff887a.png,True
Solovieva_PL_crop_00417_ID_120200216400_step_18,417,120200216400,18,2020-02-27,19:00:00,2020-02-27 19:00:00,77.5,41.25,985.21307,24.698,512,512,Solovieva_diploma_PL_training_images/png/Solovieva_PL_crop_00417_ID_120200216400_step_18.png,Solovieva_diploma_PL_training_images/npy/Solovieva_PL_crop_00417_ID_120200216400_step_18.npy,crop_00417_ID_120200216400_step_18_890b8725d3.png,/content/drive/MyDrive/sentinel3/SLSTR/ml_manual_crops_010526/png/crop_00417_ID_120200216400_step_18_890b8725d3.png,True
Solovieva_PL_crop_00418_ID_120200216400_step_19,418,120200216400,19,2020-02-27,20:00:00,2020-02-27 20:00:00,77.5,41.75,985.505,23.507,512,512,Solovieva_diploma_PL_training_images/png/Solovieva_PL_crop_00418_ID_120200216400_step_19.png,Solovieva_diploma_PL_training_images/npy/Solovieva_PL_crop_00418_ID_120200216400_step_19.npy,crop_00418_ID_120200216400_step_19_aa40445cd4.png,/content/drive/MyDrive/sentinel3/SLSTR/ml_manual_crops_010526/png/crop_00418_ID_120200216400_step_19_aa40445cd4.png,True
Solovieva_PL_crop_00454_ID_120200216400_step_42,454,120200216400,42,2020-02-28,19:00:00,2020-02-28 19:00:00,78.75,58.0,990.56183,21.92,512,512,Solovieva_diploma_PL_training_images/png/Solovieva_PL_crop_00454_ID_120200216400_step_42.png,Solovieva_diploma_PL_training_images/npy/Solovieva_PL_crop_00454_ID_120200216400_step_42.npy,crop_00454_ID_120200216400_step_42_9aef30afaf.png,/content/drive/MyDrive/sentinel3/SLSTR/ml_manual_crops_010526/png/crop_00454_ID_120200216400_step_42_9aef30afaf.png,True
Solovieva_PL_crop_00398_ID_120200216700_step_10,398,120200216700,10,2020-02-27,22:00:00,2020-02-27 22:00:00,57.25,7.75,996.92188,19.585,512,512,Solovieva_diploma_PL_training_images/png/Solovieva_PL_crop_00398_ID_120200216700_step_10.png,Solovieva_diploma_PL_training_images/npy/Solovieva_PL_crop_00398_ID_120200216700_step_10.npy,crop_00398_ID_120200216700_step_10_3fc52d59fd.png,/content/drive/MyDrive/sentinel3/SLSTR/ml_manual_crops_010526/png/crop_00398_ID_120200216700_step_10_3fc52d59fd.png,True
Solovieva_PL_crop_00402_ID_120200216700_step_11,402,120200216700,11,2020-02-27,23:00:00,2020-02-27 23:00:00,57.25,8.0,997.2475,19.213,512,512,Solovieva_diploma_PL_training_images/png/Solovieva_PL_crop_00402_ID_120200216700_step_11.png,Solovieva_diploma_PL_training_images/npy/Solovieva_PL_crop_00402_ID_120200216700_step_11.npy,crop_00402_ID_120200216700_step_11_dbd8e865ad.png,/content/drive/MyDrive/sentinel3/SLSTR/ml_manual_crops_010526/png/crop_00402_ID_120200216700_step_11_dbd8e865ad.png,True
Solovieva_PL_crop_00399_ID_120200216770_step_10,399,120200216770,10,2020-02-27,23:00:00,2020-02-27 23:00:00,68.5,9.25,984.87372,31.596000000000004,512,512,Solovieva_diploma_PL_training_images/png/Solovieva_PL_crop_00399_ID_120200216770_step_10.png,Solovieva_diploma_PL_training_images/npy/Solovieva_PL_crop_00399_ID_120200216770_step_10.npy,crop_00399_ID_120200216770_step_10_70438b8553.png,/content/drive/MyDrive/sentinel3/SLSTR/ml_manual_crops_010526/png/crop_00399_ID_120200216770_step_10_70438b8553.png,True
Solovieva_PL_crop_00427_ID_120200216770_step_11,427,120200216770,11,2020-02-28,00:00:00,2020-02-28 00:00:00,68.5,10.0,985.08246,32.127,512,512,Solovieva_diploma_PL_training_images/png/Solovieva_PL_crop_00427_ID_120200216770_step_11.png,Solovieva_diploma_PL_training_images/npy/Solovieva_PL_crop_00427_ID_120200216770_step_11.npy,crop_00427_ID_120200216770_step_11_c5df1d6413.png,/content/drive/MyDrive/sentinel3/SLSTR/ml_manual_crops_010526/png/crop_00427_ID_120200216770_step_11_c5df1d6413.png,True
Solovieva_PL_crop_00424_ID_120200216800_step_9,424,120200216800,9,2020-02-28,00:00:00,2020-02-28 00:00:00,73.25,52.5,991.08246,17.889000000000003,512,512,Solovieva_diploma_PL_training_images/png/Solovieva_PL_crop_00424_ID_120200216800_step_9.png,Solovieva_diploma_PL_training_images/npy/Solovieva_PL_crop_00424_ID_120200216800_step_9.npy,crop_00424_ID_120200216800_step_9_7a9f375a18.png,/content/drive/MyDrive/sentinel3/SLSTR/ml_manual_crops_010526/png/crop_00424_ID_120200216800_step_9_7a9f375a18.png,True
Solovieva_PL_crop_00396_ID_120200216810_step_1,396,120200216810,1,2020-02-27,17:00:00,2020-02-27 17:00:00,60.5,-47.25,1001.91748,27.223000000000003,512,512,Solovieva_diploma_PL_training_images/png/Solovieva_PL_crop_00396_ID_120200216810_step_1.png,Solovieva_diploma_PL_training_images/npy/Solovieva_PL_crop_00396_ID_120200216810_step_1.npy,crop_00396_ID_120200216810_step_1_c42cb0898e.png,/content/drive/MyDrive/sentinel3/SLSTR/ml_manual_crops_010526/png/crop_00396_ID_120200216810_step_1_c42cb0898e.png,True
Solovieva_PL_crop_00433_ID_120200216810_step_13,433,120200216810,13,2020-02-28,05:00:00,2020-02-28 05:00:00,57.0,-40.0,995.84558,16.985,512,512,Solovieva_diploma_PL_training_images/png/Solovieva_PL_crop_00433_ID_120200216810_step_13.png,Solovieva_diploma_PL_training_images/npy/Solovieva_PL_crop_00433_ID_120200216810_step_13.npy,crop_00433_ID_120200216810_step_13_d8efff6b08.png,/content/drive/MyDrive/sentinel3/SLSTR/ml_manual_crops_010526/png/crop_00433_ID_120200216810_step_13_d8efff6b08.png,True
Solovieva_PL_crop_00435_ID_120200216960_step_14,435,120200216960,14,2020-02-28,11:00:00,2020-02-28 11:00:00,64.5,-28.25,981.14935,23.991,512,512,Solovieva_diploma_PL_training_images/png/Solovieva_PL_crop_00435_ID_120200216960_step_14.png,Solovieva_diploma_PL_training_images/npy/Solovieva_PL_crop_00435_ID_120200216960_step_14.npy,crop_00435_ID_120200216960_step_14_bf32d26eae.png,/content/drive/MyDrive/sentinel3/SLSTR/ml_manual_crops_010526/png/crop_00435_ID_120200216960_step_14_bf32d26eae.png,True
Solovieva_PL_crop_00436_ID_120200216960_step_22,436,120200216960,22,2020-02-28,19:00:00,2020-02-28 19:00:00,63.0,-33.25,979.5481,27.294,512,512,Solovieva_diploma_PL_training_images/png/Solovieva_PL_crop_00436_ID_120200216960_step_22.png,Solovieva_diploma_PL_training_images/npy/Solovieva_PL_crop_00436_ID_120200216960_step_22.npy,crop_00436_ID_120200216960_step_22_40fdda8d35.png,/content/drive/MyDrive/sentinel3/SLSTR/ml_manual_crops_010526/png/crop_00436_ID_120200216960_step_22_40fdda8d35.png,True
Solovieva_PL_crop_00437_ID_120200216960_step_23,437,120200216960,23,2020-02-28,20:00:00,2020-02-28 20:00:00,62.5,-33.5,979.57996,26.243,512,512,Solovieva_diploma_PL_training_images/png/Solovieva_PL_crop_00437_ID_120200216960_step_23.png,Solovieva_diploma_PL_training_images/npy/Solovieva_PL_crop_00437_ID_120200216960_step_23.npy,crop_00437_ID_120200216960_step_23_5fc07d8624.png,/content/drive/MyDrive/sentinel3/SLSTR/ml_manual_crops_010526/png/crop_00437_ID_120200216960_step_23_5fc07d8624.png,True
Solovieva_PL_crop_00439_ID_120200216960_step_24,439,120200216960,24,2020-02-28,21:00:00,2020-02-28 21:00:00,62.0,-33.75,979.36871,25.02,512,512,Solovieva_diploma_PL_training_images/png/Solovieva_PL_crop_00439_ID_120200216960_step_24.png,Solovieva_diploma_PL_training_images/npy/Solovieva_PL_crop_00439_ID_120200216960_step_24.npy,crop_00439_ID_120200216960_step_24_7b3635907e.png,/content/drive/MyDrive/sentinel3/SLSTR/ml_manual_crops_010526/png/crop_00439_ID_120200216960_step_24_7b3635907e.png,True
Solovieva_PL_crop_00425_ID_120200217310_step_9,425,120200217310,9,2020-02-28,17:00:00,2020-02-28 17:00:00,71.75,16.0,987.46875,37.832,512,512,Solovieva_diploma_PL_training_images/png/Solovieva_PL_crop_00425_ID_120200217310_step_9.png,Solovieva_diploma_PL_training_images/npy/Solovieva_PL_crop_00425_ID_120200217310_step_9.npy,crop_00425_ID_120200217310_step_9_9e48c7717f.png,/content/drive/MyDrive/sentinel3/SLSTR/ml_manual_crops_010526/png/crop_00425_ID_120200217310_step_9_9e48c7717f.png,True
Solovieva_PL_crop_00426_ID_120200217310_step_10,426,120200217310,10,2020-02-28,18:00:00,2020-02-28 18:00:00,71.75,16.25,987.74249,38.499,512,512,Solovieva_diploma_PL_training_images/png/Solovieva_PL_crop_00426_ID_120200217310_step_10.png,Solovieva_diploma_PL_training_images/npy/Solovieva_PL_crop_00426_ID_120200217310_step_10.npy,crop_00426_ID_120200217310_step_10_4847a26386.png,/content/drive/MyDrive/sentinel3/SLSTR/ml_manual_crops_010526/png/crop_00426_ID_120200217310_step_10_4847a26386.png,True
Solovieva_PL_crop_00428_ID_120200217310_step_11,428,120200217310,11,2020-02-28,19:00:00,2020-02-28 19:00:00,72.0,17.25,987.73438,39.781,512,512,Solovieva_diploma_PL_training_images/png/Solovieva_PL_crop_00428_ID_120200217310_step_11.png,Solovieva_diploma_PL_training_images/npy/Solovieva_PL_crop_00428_ID_120200217310_step_11.npy,crop_00428_ID_120200217310_step_11_6255852f11.png,/content/drive/MyDrive/sentinel3/SLSTR/ml_manual_crops_010526/png/crop_00428_ID_120200217310_step_11_6255852f11.png,True
Solovieva_PL_crop_00431_ID_120200217310_step_12,431,120200217310,12,2020-02-28,20:00:00,2020-02-28 20:00:00,72.0,17.25,988.06,40.366,512,512,Solovieva_diploma_PL_training_images/png/Solovieva_PL_crop_00431_ID_120200217310_step_12.png,Solovieva_diploma_PL_training_images/npy/Solovieva_PL_crop_00431_ID_120200217310_step_12.npy,crop_00431_ID_120200217310_step_12_d6b486a034.png,/content/drive/MyDrive/sentinel3/SLSTR/ml_manual_crops_010526/png/crop_00431_ID_120200217310_step_12_d6b486a034.png,True
Solovieva_PL_crop_00455_ID_120200217310_step_19,455,120200217310,19,2020-02-29,03:00:00,2020-02-29 03:00:00,73.0,21.25,988.25995,33.86300000000001,512,512,Solovieva_diploma_PL_training_images/png/Solovieva_PL_crop_00455_ID_120200217310_step_19.png,Solovieva_diploma_PL_training_images/npy/Solovieva_PL_crop_00455_ID_120200217310_step_19.npy,crop_00455_ID_120200217310_step_19_a2b8f8d0a4.png,/content/drive/MyDrive/sentinel3/SLSTR/ml_manual_crops_010526/png/crop_00455_ID_120200217310_step_19_a2b8f8d0a4.png,True
Solovieva_PL_crop_00456_ID_120200217310_step_20,456,120200217310,20,2020-02-29,04:00:00,2020-02-29 04:00:00,73.0,21.0,988.43182,34.061,512,512,Solovieva_diploma_PL_training_images/png/Solovieva_PL_crop_00456_ID_120200217310_step_20.png,Solovieva_diploma_PL_training_images/npy/Solovieva_PL_crop_00456_ID_120200217310_step_20.npy,crop_00456_ID_120200217310_step_20_438bf26120.png,/content/drive/MyDrive/sentinel3/SLSTR/ml_manual_crops_010526/png/crop_00456_ID_120200217310_step_20_438bf26120.png,True
Solovieva_PL_crop_00460_ID_120200217310_step_34,460,120200217310,34,2020-02-29,18:00:00,2020-02-29 18:00:00,74.25,22.5,986.53687,34.89,512,512,Solovieva_diploma_PL_training_images/png/Solovieva_PL_crop_00460_ID_120200217310_step_34.png,Solovieva_diploma_PL_training_images/npy/Solovieva_PL_crop_00460_ID_120200217310_step_34.npy,crop_00460_ID_120200217310_step_34_6d7fb3b333.png,/content/drive/MyDrive/sentinel3/SLSTR/ml_manual_crops_010526/png/crop_00460_ID_120200217310_step_34_6d7fb3b333.png,True
Solovieva_PL_crop_00461_ID_120200217310_step_35,461,120200217310,35,2020-02-29,19:00:00,2020-02-29 19:00:00,74.25,20.5,991.49432,33.586,512,512,Solovieva_diploma_PL_training_images/png/Solovieva_PL_crop_00461_ID_120200217310_step_35.png,Solovieva_diploma_PL_training_images/npy/Solovieva_PL_crop_00461_ID_120200217310_step_35.npy,crop_00461_ID_120200217310_step_35_dc18bce269.png,/content/drive/MyDrive/sentinel3/SLSTR/ml_manual_crops_010526/png/crop_00461_ID_120200217310_step_35_dc18bce269.png,True
Solovieva_PL_crop_00464_ID_120200217310_step_37,464,120200217310,37,2020-02-29,21:00:00,2020-02-29 21:00:00,74.25,19.25,993.53998,35.19,512,512,Solovieva_diploma_PL_training_images/png/Solovieva_PL_crop_00464_ID_120200217310_step_37.png,Solovieva_diploma_PL_training_images/npy/Solovieva_PL_crop_00464_ID_120200217310_step_37.npy,crop_00464_ID_120200217310_step_37_a7a414ae8e.png,/content/drive/MyDrive/sentinel3/SLSTR/ml_manual_crops_010526/png/crop_00464_ID_120200217310_step_37_a7a414ae8e.png,True
Solovieva_PL_crop_00468_ID_120200218240_step_23,468,120200218240,23,2020-03-01,09:00:00,2020-03-01 09:00:00,63.5,-36.25,976.48749,26.861,512,512,Solovieva_diploma_PL_training_images/png/Solovieva_PL_crop_00468_ID_120200218240_step_23.png,Solovieva_diploma_PL_training_images/npy/Solovieva_PL_crop_00468_ID_120200218240_step_23.npy,crop_00468_ID_120200218240_step_23_4a1b07b5d8.png,/content/drive/MyDrive/sentinel3/SLSTR/ml_manual_crops_010526/png/crop_00468_ID_120200218240_step_23_4a1b07b5d8.png,True
Solovieva_PL_crop_00469_ID_120200218240_step_24,469,120200218240,24,2020-03-01,10:00:00,2020-03-01 10:00:00,63.5,-36.5,977.92249,28.106,512,512,Solovieva_diploma_PL_training_images/png/Solovieva_PL_crop_00469_ID_120200218240_step_24.png,Solovieva_diploma_PL_training_images/npy/Solovieva_PL_crop_00469_ID_120200218240_step_24.npy,crop_00469_ID_120200218240_step_24_af56a18085.png,/content/drive/MyDrive/sentinel3/SLSTR/ml_manual_crops_010526/png/crop_00469_ID_120200218240_step_24_af56a18085.png,True
Solovieva_PL_crop_00440_ID_120200218620_step_0,440,120200218620,0,2020-02-29,20:00:00,2020-02-29 20:00:00,61.0,-38.25,982.51184,16.245,512,512,Solovieva_diploma_PL_training_images/png/Solovieva_PL_crop_00440_ID_120200218620_step_0.png,Solovieva_diploma_PL_training_images/npy/Solovieva_PL_crop_00440_ID_120200218620_step_0.npy,crop_00440_ID_120200218620_step_0_15a736ec18.png,/content/drive/MyDrive/sentinel3/SLSTR/ml_manual_crops_010526/png/crop_00440_ID_120200218620_step_0_15a736ec18.png,True
Solovieva_PL_crop_00465_ID_120200218620_step_13,465,120200218620,13,2020-03-01,09:00:00,2020-03-01 09:00:00,58.0,-34.5,979.73248,18.443,512,512,Solovieva_diploma_PL_training_images/png/Solovieva_PL_crop_00465_ID_120200218620_step_13.png,Solovieva_diploma_PL_training_images/npy/Solovieva_PL_crop_00465_ID_120200218620_step_13.npy,crop_00465_ID_120200218620_step_13_d344ae6d8a.png,/content/drive/MyDrive/sentinel3/SLSTR/ml_manual_crops_010526/png/crop_00465_ID_120200218620_step_13_d344ae6d8a.png,True
Solovieva_PL_crop_00472_ID_120200300640_step_12,472,120200300640,12,2020-03-02,00:00:00,2020-03-02 00:00:00,72.5,24.0,989.80933,22.587,512,512,Solovieva_diploma_PL_training_images/png/Solovieva_PL_crop_00472_ID_120200300640_step_12.png,Solovieva_diploma_PL_training_images/npy/Solovieva_PL_crop_00472_ID_120200300640_step_12.npy,crop_00472_ID_120200300640_step_12_45a1b9a12e.png,/content/drive/MyDrive/sentinel3/SLSTR/ml_manual_crops_010526/png/crop_00472_ID_120200300640_step_12_45a1b9a12e.png,True
Solovieva_PL_crop_00459_ID_120200300710_step_0,459,120200300710,0,2020-03-01,15:00:00,2020-03-01 15:00:00,59.75,-43.0,988.00995,18.962,512,512,Solovieva_diploma_PL_training_images/png/Solovieva_PL_crop_00459_ID_120200300710_step_0.png,Solovieva_diploma_PL_training_images/npy/Solovieva_PL_crop_00459_ID_120200300710_step_0.npy,crop_00459_ID_120200300710_step_0_9263d91463.png,/content/drive/MyDrive/sentinel3/SLSTR/ml_manual_crops_010526/png/crop_00459_ID_120200300710_step_0_9263d91463.png,True
Solovieva_PL_crop_00484_ID_120200300710_step_24,484,120200300710,24,2020-03-02,15:00:00,2020-03-02 15:00:00,59.75,-41.75,981.63,30.873,512,512,Solovieva_diploma_PL_training_images/png/Solovieva_PL_crop_00484_ID_120200300710_step_24.png,Solovieva_diploma_PL_training_images/npy/Solovieva_PL_crop_00484_ID_120200300710_step_24.npy,crop_00484_ID_120200300710_step_24_665a9f7a13.png,/content/drive/MyDrive/sentinel3/SLSTR/ml_manual_crops_010526/png/crop_00484_ID_120200300710_step_24_665a9f7a13.png,True
Solovieva_PL_crop_00496_ID_120200301130_step_15,496,120200301130,15,2020-03-03,01:00:00,2020-03-03 01:00:00,76.75,40.5,986.99683,42.732,512,512,Solovieva_diploma_PL_training_images/png/Solovieva_PL_crop_00496_ID_120200301130_step_15.png,Solovieva_diploma_PL_training_images/npy/Solovieva_PL_crop_00496_ID_120200301130_step_15.npy,crop_00496_ID_120200301130_step_15_221873eee2.png,/content/drive/MyDrive/sentinel3/SLSTR/ml_manual_crops_010526/png/crop_00496_ID_120200301130_step_15_221873eee2.png,True
Solovieva_PL_crop_00497_ID_120200301130_step_16,497,120200301130,16,2020-03-03,02:00:00,2020-03-03 02:00:00,76.75,41.25,986.07001,41.97,512,512,Solovieva_diploma_PL_training_images/png/Solovieva_PL_crop_00497_ID_120200301130_step_16.png,Solovieva_diploma_PL_training_images/npy/Solovieva_PL_crop_00497_ID_120200301130_step_16.npy,crop_00497_ID_120200301130_step_16_3598e265c5.png,/content/drive/MyDrive/sentinel3/SLSTR/ml_manual_crops_010526/png/crop_00497_ID_120200301130_step_16_3598e265c5.png,True
Solovieva_PL_crop_00499_ID_120200301130_step_17,499,120200301130,17,2020-03-03,03:00:00,2020-03-03 03:00:00,76.75,41.75,986.54999,40.274,512,512,Solovieva_diploma_PL_training_images/png/Solovieva_PL_crop_00499_ID_120200301130_step_17.png,Solovieva_diploma_PL_training_images/npy/Solovieva_PL_crop_00499_ID_120200301130_step_17.npy,crop_00499_ID_120200301130_step_17_992092dba2.png,/content/drive/MyDrive/sentinel3/SLSTR/ml_manual_crops_010526/png/crop_00499_ID_120200301130_step_17_992092dba2.png,True
Solovieva_PL_crop_00492_ID_120200301260_step_12,492,120200301260,12,2020-03-03,02:00:00,2020-03-03 02:00:00,62.5,-39.75,973.63623,22.46,512,512,Solovieva_diploma_PL_training_images/png/Solovieva_PL_crop_00492_ID_120200301260_step_12.png,Solovieva_diploma_PL_training_images/npy/Solovieva_PL_crop_00492_ID_120200301260_step_12.npy,crop_00492_ID_120200301260_step_12_ee3265849d.png,/content/drive/MyDrive/sentinel3/SLSTR/ml_manual_crops_010526/png/crop_00492_ID_120200301260_step_12_ee3265849d.png,True
Solovieva_PL_crop_00493_ID_120200301260_step_13,493,120200301260,13,2020-03-03,03:00:00,2020-03-03 03:00:00,62.5,-39.75,973.30249,20.454,512,512,Solovieva_diploma_PL_training_images/png/Solovieva_PL_crop_00493_ID_120200301260_step_13.png,Solovieva_diploma_PL_training_images/npy/Solovieva_PL_crop_00493_ID_120200301260_step_13.npy,crop_00493_ID_120200301260_step_13_f10ac9e918.png,/content/drive/MyDrive/sentinel3/SLSTR/ml_manual_crops_010526/png/crop_00493_ID_120200301260_step_13_f10ac9e918.png,True
Solovieva_PL_crop_00503_ID_120200301260_step_22,503,120200301260,22,2020-03-03,12:00:00,2020-03-03 12:00:00,62.5,-36.25,976.6756,20.786,512,512,Solovieva_diploma_PL_training_images/png/Solovieva_PL_crop_00503_ID_120200301260_step_22.png,Solovieva_diploma_PL_training_images/npy/Solovieva_PL_crop_00503_ID_120200301260_step_22.npy,crop_00503_ID_120200301260_step_22_27f9fb6160.png,/content/drive/MyDrive/sentinel3/SLSTR/ml_manual_crops_010526/png/crop_00503_ID_120200301260_step_22_27f9fb6160.png,True
Solovieva_PL_crop_00505_ID_120200301260_step_23,505,120200301260,23,2020-03-03,13:00:00,2020-03-03 13:00:00,62.5,-36.25,977.24188,19.899,512,512,Solovieva_diploma_PL_training_images/png/Solovieva_PL_crop_00505_ID_120200301260_step_23.png,Solovieva_diploma_PL_training_images/npy/Solovieva_PL_crop_00505_ID_120200301260_step_23.npy,crop_00505_ID_120200301260_step_23_5c60bf4d2f.png,/content/drive/MyDrive/sentinel3/SLSTR/ml_manual_crops_010526/png/crop_00505_ID_120200301260_step_23_5c60bf4d2f.png,True
Solovieva_PL_crop_00507_ID_120200301260_step_24,507,120200301260,24,2020-03-03,14:00:00,2020-03-03 14:00:00,62.5,-36.0,977.43561,19.477,512,512,Solovieva_diploma_PL_training_images/png/Solovieva_PL_crop_00507_ID_120200301260_step_24.png,Solovieva_diploma_PL_training_images/npy/Solovieva_PL_crop_00507_ID_120200301260_step_24.npy,crop_00507_ID_120200301260_step_24_f5523ec170.png,/content/drive/MyDrive/sentinel3/SLSTR/ml_manual_crops_010526/png/crop_00507_ID_120200301260_step_24_f5523ec170.png,True
Solovieva_PL_crop_00498_ID_120200301560_step_16,498,120200301560,16,2020-03-03,18:00:00,2020-03-03 18:00:00,69.5,57.75,988.56561,27.388,512,512,Solovieva_diploma_PL_training_images/png/Solovieva_PL_crop_00498_ID_120200301560_step_16.png,Solovieva_diploma_PL_training_images/npy/Solovieva_PL_crop_00498_ID_120200301560_step_16.npy,crop_00498_ID_120200301560_step_16_a39d8c7469.png,/content/drive/MyDrive/sentinel3/SLSTR/ml_manual_crops_010526/png/crop_00498_ID_120200301560_step_16_a39d8c7469.png,True
Solovieva_PL_crop_00508_ID_120200302580_step_0,508,120200302580,0,2020-03-04,18:00:00,2020-03-04 18:00:00,54.0,-31.25,999.41559,16.265,512,512,Solovieva_diploma_PL_training_images/png/Solovieva_PL_crop_00508_ID_120200302580_step_0.png,Solovieva_diploma_PL_training_images/npy/Solovieva_PL_crop_00508_ID_120200302580_step_0.npy,crop_00508_ID_120200302580_step_0_226063f673.png,/content/drive/MyDrive/sentinel3/SLSTR/ml_manual_crops_010526/png/crop_00508_ID_120200302580_step_0_226063f673.png,True
Solovieva_PL_crop_00513_ID_120200302580_step_12,513,120200302580,12,2020-03-05,06:00:00,2020-03-05 06:00:00,54.75,-20.75,992.83313,23.625,512,512,Solovieva_diploma_PL_training_images/png/Solovieva_PL_crop_00513_ID_120200302580_step_12.png,Solovieva_diploma_PL_training_images/npy/Solovieva_PL_crop_00513_ID_120200302580_step_12.npy,crop_00513_ID_120200302580_step_12_060ef84a8c.png,/content/drive/MyDrive/sentinel3/SLSTR/ml_manual_crops_010526/png/crop_00513_ID_120200302580_step_12_060ef84a8c.png,True
Solovieva_PL_crop_00515_ID_120200302580_step_13,515,120200302580,13,2020-03-05,07:00:00,2020-03-05 07:00:00,55.0,-20.25,992.27313,23.59300000000001,512,512,Solovieva_diploma_PL_training_images/png/Solovieva_PL_crop_00515_ID_120200302580_step_13.png,Solovieva_diploma_PL_training_images/npy/Solovieva_PL_crop_00515_ID_120200302580_step_13.npy,crop_00515_ID_120200302580_step_13_e1f43bfe29.png,/content/drive/MyDrive/sentinel3/SLSTR/ml_manual_crops_010526/png/crop_00515_ID_120200302580_step_13_e1f43bfe29.png,True
Solovieva_PL_crop_00512_ID_120200303140_step_11,512,120200303140,11,2020-03-05,22:00:00,2020-03-05 22:00:00,72.5,-7.0,990.69183,21.524,512,512,Solovieva_diploma_PL_training_images/png/Solovieva_PL_crop_00512_ID_120200303140_step_11.png,Solovieva_diploma_PL_training_images/npy/Solovieva_PL_crop_00512_ID_120200303140_step_11.npy,crop_00512_ID_120200303140_step_11_dc195753dd.png,/content/drive/MyDrive/sentinel3/SLSTR/ml_manual_crops_010526/png/crop_00512_ID_120200303140_step_11_dc195753dd.png,True
Solovieva_PL_crop_00516_ID_120200303140_step_13,516,120200303140,13,2020-03-06,00:00:00,2020-03-06 00:00:00,72.5,-7.5,990.98999,23.553,512,512,Solovieva_diploma_PL_training_images/png/Solovieva_PL_crop_00516_ID_120200303140_step_13.png,Solovieva_diploma_PL_training_images/npy/Solovieva_PL_crop_00516_ID_120200303140_step_13.npy,crop_00516_ID_120200303140_step_13_5330c489d7.png,/content/drive/MyDrive/sentinel3/SLSTR/ml_manual_crops_010526/png/crop_00516_ID_120200303140_step_13_5330c489d7.png,True
Solovieva_PL_crop_00518_ID_120200303140_step_19,518,120200303140,19,2020-03-06,06:00:00,2020-03-06 06:00:00,71.75,-7.25,991.11121,19.516,512,512,Solovieva_diploma_PL_training_images/png/Solovieva_PL_crop_00518_ID_120200303140_step_19.png,Solovieva_diploma_PL_training_images/npy/Solovieva_PL_crop_00518_ID_120200303140_step_19.npy,crop_00518_ID_120200303140_step_19_17376f0b8f.png,/content/drive/MyDrive/sentinel3/SLSTR/ml_manual_crops_010526/png/crop_00518_ID_120200303140_step_19_17376f0b8f.png,True
Solovieva_PL_crop_00519_ID_120200303140_step_20,519,120200303140,20,2020-03-06,07:00:00,2020-03-06 07:00:00,71.75,-7.25,991.59686,19.165,512,512,Solovieva_diploma_PL_training_images/png/Solovieva_PL_crop_00519_ID_120200303140_step_20.png,Solovieva_diploma_PL_training_images/npy/Solovieva_PL_crop_00519_ID_120200303140_step_20.npy,crop_00519_ID_120200303140_step_20_caf1326bbe.png,/content/drive/MyDrive/sentinel3/SLSTR/ml_manual_crops_010526/png/crop_00519_ID_120200303140_step_20_caf1326bbe.png,True
Solovieva_PL_crop_00520_ID_120200303140_step_21,520,120200303140,21,2020-03-06,08:00:00,2020-03-06 08:00:00,71.5,-7.25,992.00751,18.681,512,512,Solovieva_diploma_PL_training_images/png/Solovieva_PL_crop_00520_ID_120200303140_step_21.png,Solovieva_diploma_PL_training_images/npy/Solovieva_PL_crop_00520_ID_120200303140_step_21.npy,crop_00520_ID_120200303140_step_21_ac993842b8.png,/content/drive/MyDrive/sentinel3/SLSTR/ml_manual_crops_010526/png/crop_00520_ID_120200303140_step_21_ac993842b8.png,True
Solovieva_PL_crop_00521_ID_120200303140_step_22,521,120200303140,22,2020-03-06,09:00:00,2020-03-06 09:00:00,71.5,-7.0,992.14246,18.106,512,512,Solovieva_diploma_PL_training_images/png/Solovieva_PL_crop_00521_ID_120200303140_step_22.png,Solovieva_diploma_PL_training_images/npy/Solovieva_PL_crop_00521_ID_120200303140_step_22.npy,crop_00521_ID_120200303140_step_22_75eb6f550c.png,/content/drive/MyDrive/sentinel3/SLSTR/ml_manual_crops_010526/png/crop_00521_ID_120200303140_step_22_75eb6f550c.png,True
Solovieva_PL_crop_00523_ID_120200303800_step_11,523,120200303800,11,2020-03-07,01:00:00,2020-03-07 01:00:00,64.25,-3.5,995.06873,23.531,512,512,Solovieva_diploma_PL_training_images/png/Solovieva_PL_crop_00523_ID_120200303800_step_11.png,Solovieva_diploma_PL_training_images/npy/Solovieva_PL_crop_00523_ID_120200303800_step_11.npy,crop_00523_ID_120200303800_step_11_76a1c90dfb.png,/content/drive/MyDrive/sentinel3/SLSTR/ml_manual_crops_010526/png/crop_00523_ID_120200303800_step_11_76a1c90dfb.png,True
Solovieva_PL_crop_00524_ID_120200303800_step_12,524,120200303800,12,2020-03-07,02:00:00,2020-03-07 02:00:00,64.25,-3.25,994.46997,24.426,512,512,Solovieva_diploma_PL_training_images/png/Solovieva_PL_crop_00524_ID_120200303800_step_12.png,Solovieva_diploma_PL_training_images/npy/Solovieva_PL_crop_00524_ID_120200303800_step_12.npy,crop_00524_ID_120200303800_step_12_d8358195e2.png,/content/drive/MyDrive/sentinel3/SLSTR/ml_manual_crops_010526/png/crop_00524_ID_120200303800_step_12_d8358195e2.png,True
Solovieva_PL_crop_00522_ID_120200304290_step_10,522,120200304290,10,2020-03-07,21:00:00,2020-03-07 21:00:00,70.0,17.25,997.64685,17.558,512,512,Solovieva_diploma_PL_training_images/png/Solovieva_PL_crop_00522_ID_120200304290_step_10.png,Solovieva_diploma_PL_training_images/npy/Solovieva_PL_crop_00522_ID_120200304290_step_10.npy,crop_00522_ID_120200304290_step_10_32601e0ffc.png,/content/drive/MyDrive/sentinel3/SLSTR/ml_manual_crops_010526/png/crop_00522_ID_120200304290_step_10_32601e0ffc.png,True
Solovieva_PL_crop_00527_ID_120200304880_step_1,527,120200304880,1,2020-03-08,18:00:00,2020-03-08 18:00:00,62.0,-64.0,992.60999,16.534000000000002,512,512,Solovieva_diploma_PL_training_images/png/Solovieva_PL_crop_00527_ID_120200304880_step_1.png,Solovieva_diploma_PL_training_images/npy/Solovieva_PL_crop_00527_ID_120200304880_step_1.npy,crop_00527_ID_120200304880_step_1_bf2355fccf.png,/content/drive/MyDrive/sentinel3/SLSTR/ml_manual_crops_010526/png/crop_00527_ID_120200304880_step_1_bf2355fccf.png,True
Solovieva_PL_crop_00545_ID_120200304880_step_25,545,120200304880,25,2020-03-09,18:00:00,2020-03-09 18:00:00,60.25,-60.25,997.61871,20.486,512,512,Solovieva_diploma_PL_training_images/png/Solovieva_PL_crop_00545_ID_120200304880_step_25.png,Solovieva_diploma_PL_training_images/npy/Solovieva_PL_crop_00545_ID_120200304880_step_25.npy,crop_00545_ID_120200304880_step_25_9862c0b544.png,/content/drive/MyDrive/sentinel3/SLSTR/ml_manual_crops_010526/png/crop_00545_ID_120200304880_step_25_9862c0b544.png,True
Solovieva_PL_crop_00546_ID_120200304880_step_26,546,120200304880,26,2020-03-09,19:00:00,2020-03-09 19:00:00,60.25,-60.25,998.05872,20.574,512,512,Solovieva_diploma_PL_training_images/png/Solovieva_PL_crop_00546_ID_120200304880_step_26.png,Solovieva_diploma_PL_training_images/npy/Solovieva_PL_crop_00546_ID_120200304880_step_26.npy,crop_00546_ID_120200304880_step_26_54c87d048b.png,/content/drive/MyDrive/sentinel3/SLSTR/ml_manual_crops_010526/png/crop_00546_ID_120200304880_step_26_54c87d048b.png,True
Solovieva_PL_crop_00537_ID_120200304930_step_13,537,120200304930,13,2020-03-09,11:00:00,2020-03-09 11:00:00,58.0,-51.0,987.05249,28.277,512,512,Solovieva_diploma_PL_training_images/png/Solovieva_PL_crop_00537_ID_120200304930_step_13.png,Solovieva_diploma_PL_training_images/npy/Solovieva_PL_crop_00537_ID_120200304930_step_13.npy,crop_00537_ID_120200304930_step_13_4a8aa1c713.png,/content/drive/MyDrive/sentinel3/SLSTR/ml_manual_crops_010526/png/crop_00537_ID_120200304930_step_13_4a8aa1c713.png,True
Solovieva_PL_crop_00539_ID_120200304930_step_14,539,120200304930,14,2020-03-09,12:00:00,2020-03-09 12:00:00,58.0,-50.75,986.79437,28.660000000000004,512,512,Solovieva_diploma_PL_training_images/png/Solovieva_PL_crop_00539_ID_120200304930_step_14.png,Solovieva_diploma_PL_training_images/npy/Solovieva_PL_crop_00539_ID_120200304930_step_14.npy,crop_00539_ID_120200304930_step_14_371ce5596a.png,/content/drive/MyDrive/sentinel3/SLSTR/ml_manual_crops_010526/png/crop_00539_ID_120200304930_step_14_371ce5596a.png,True
Solovieva_PL_crop_00543_ID_120200304930_step_24,543,120200304930,24,2020-03-09,22:00:00,2020-03-09 22:00:00,58.5,-48.25,982.47687,31.754,512,512,Solovieva_diploma_PL_training_images/png/Solovieva_PL_crop_00543_ID_120200304930_step_24.png,Solovieva_diploma_PL_training_images/npy/Solovieva_PL_crop_00543_ID_120200304930_step_24.npy,crop_00543_ID_120200304930_step_24_2236772298.png,/content/drive/MyDrive/sentinel3/SLSTR/ml_manual_crops_010526/png/crop_00543_ID_120200304930_step_24_2236772298.png,True
Solovieva_PL_crop_00534_ID_120200305380_step_0,534,120200305380,0,2020-03-09,17:00:00,2020-03-09 17:00:00,63.25,-53.5,985.21436,17.91,512,512,Solovieva_diploma_PL_training_images/png/Solovieva_PL_crop_00534_ID_120200305380_step_0.png,Solovieva_diploma_PL_training_images/npy/Solovieva_PL_crop_00534_ID_120200305380_step_0.npy,crop_00534_ID_120200305380_step_0_dcf90c421c.png,/content/drive/MyDrive/sentinel3/SLSTR/ml_manual_crops_010526/png/crop_00534_ID_120200305380_step_0_dcf90c421c.png,True
Solovieva_PL_crop_00548_ID_120200305380_step_13,548,120200305380,13,2020-03-10,06:00:00,2020-03-10 06:00:00,60.5,-54.25,989.74811,16.025,512,512,Solovieva_diploma_PL_training_images/png/Solovieva_PL_crop_00548_ID_120200305380_step_13.png,Solovieva_diploma_PL_training_images/npy/Solovieva_PL_crop_00548_ID_120200305380_step_13.npy,crop_00548_ID_120200305380_step_13_48554960ca.png,/content/drive/MyDrive/sentinel3/SLSTR/ml_manual_crops_010526/png/crop_00548_ID_120200305380_step_13_48554960ca.png,True
Solovieva_PL_crop_00550_ID_120200305380_step_14,550,120200305380,14,2020-03-10,07:00:00,2020-03-10 07:00:00,60.25,-54.0,989.88184,15.405,512,512,Solovieva_diploma_PL_training_images/png/Solovieva_PL_crop_00550_ID_120200305380_step_14.png,Solovieva_diploma_PL_training_images/npy/Solovieva_PL_crop_00550_ID_120200305380_step_14.npy,crop_00550_ID_120200305380_step_14_f44bfec72b.png,/content/drive/MyDrive/sentinel3/SLSTR/ml_manual_crops_010526/png/crop_00550_ID_120200305380_step_14_f44bfec72b.png,True
Solovieva_PL_crop_00547_ID_120200305450_step_12,547,120200305450,12,2020-03-10,07:00:00,2020-03-10 07:00:00,56.75,-37.75,982.83313,32.475,512,512,Solovieva_diploma_PL_training_images/png/Solovieva_PL_crop_00547_ID_120200305450_step_12.png,Solovieva_diploma_PL_training_images/npy/Solovieva_PL_crop_00547_ID_120200305450_step_12.npy,crop_00547_ID_120200305450_step_12_f02ac418b2.png,/content/drive/MyDrive/sentinel3/SLSTR/ml_manual_crops_010526/png/crop_00547_ID_120200305450_step_12_f02ac418b2.png,True
Solovieva_PL_crop_00549_ID_120200305450_step_13,549,120200305450,13,2020-03-10,08:00:00,2020-03-10 08:00:00,57.0,-37.75,982.31122,33.415,512,512,Solovieva_diploma_PL_training_images/png/Solovieva_PL_crop_00549_ID_120200305450_step_13.png,Solovieva_diploma_PL_training_images/npy/Solovieva_PL_crop_00549_ID_120200305450_step_13.npy,crop_00549_ID_120200305450_step_13_2047012080.png,/content/drive/MyDrive/sentinel3/SLSTR/ml_manual_crops_010526/png/crop_00549_ID_120200305450_step_13_2047012080.png,True
Solovieva_PL_crop_00552_ID_120200305450_step_23,552,120200305450,23,2020-03-10,18:00:00,2020-03-10 18:00:00,56.75,-35.75,979.38684,42.104,512,512,Solovieva_diploma_PL_training_images/png/Solovieva_PL_crop_00552_ID_120200305450_step_23.png,Solovieva_diploma_PL_training_images/npy/Solovieva_PL_crop_00552_ID_120200305450_step_23.npy,crop_00552_ID_120200305450_step_23_622a7fb106.png,/content/drive/MyDrive/sentinel3/SLSTR/ml_manual_crops_010526/png/crop_00552_ID_120200305450_step_23_622a7fb106.png,True
Solovieva_PL_crop_00553_ID_120200305450_step_24,553,120200305450,24,2020-03-10,19:00:00,2020-03-10 19:00:00,56.75,-35.25,979.90497,40.032,512,512,Solovieva_diploma_PL_training_images/png/Solovieva_PL_crop_00553_ID_120200305450_step_24.png,Solovieva_diploma_PL_training_images/npy/Solovieva_PL_crop_00553_ID_120200305450_step_24.npy,crop_00553_ID_120200305450_step_24_168608fd37.png,/content/drive/MyDrive/sentinel3/SLSTR/ml_manual_crops_010526/png/crop_00553_ID_120200305450_step_24_168608fd37.png,True
Solovieva_PL_crop_00555_ID_120200305790_step_14,555,120200305790,14,2020-03-11,00:00:00,2020-03-11 00:00:00,54.75,-39.5,994.14246,18.396,512,512,Solovieva_diploma_PL_training_images/png/Solovieva_PL_crop_00555_ID_120200305790_step_14.png,Solovieva_diploma_PL_training_images/npy/Solovieva_PL_crop_00555_ID_120200305790_step_14.npy,crop_00555_ID_120200305790_step_14_716d20d89e.png,/content/drive/MyDrive/sentinel3/SLSTR/ml_manual_crops_010526/png/crop_00555_ID_120200305790_step_14_716d20d89e.png,True
Solovieva_PL_crop_00562_ID_120200306430_step_11,562,120200306430,11,2020-03-12,02:00:00,2020-03-12 02:00:00,60.25,-17.0,980.0412,32.618,512,512,Solovieva_diploma_PL_training_images/png/Solovieva_PL_crop_00562_ID_120200306430_step_11.png,Solovieva_diploma_PL_training_images/npy/Solovieva_PL_crop_00562_ID_120200306430_step_11.npy,crop_00562_ID_120200306430_step_11_3bdbd7cd97.png,/content/drive/MyDrive/sentinel3/SLSTR/ml_manual_crops_010526/png/crop_00562_ID_120200306430_step_11_3bdbd7cd97.png,True
Solovieva_PL_crop_00566_ID_120200306430_step_12,566,120200306430,12,2020-03-12,03:00:00,2020-03-12 03:00:00,60.0,-17.25,981.13562,31.318,512,512,Solovieva_diploma_PL_training_images/png/Solovieva_PL_crop_00566_ID_120200306430_step_12.png,Solovieva_diploma_PL_training_images/npy/Solovieva_PL_crop_00566_ID_120200306430_step_12.npy,crop_00566_ID_120200306430_step_12_1b8442da90.png,/content/drive/MyDrive/sentinel3/SLSTR/ml_manual_crops_010526/png/crop_00566_ID_120200306430_step_12_1b8442da90.png,True
Solovieva_PL_crop_00567_ID_120200306510_step_12,567,120200306510,12,2020-03-12,07:00:00,2020-03-12 07:00:00,60.25,-35.25,1000.20123,28.794000000000004,512,512,Solovieva_diploma_PL_training_images/png/Solovieva_PL_crop_00567_ID_120200306510_step_12.png,Solovieva_diploma_PL_training_images/npy/Solovieva_PL_crop_00567_ID_120200306510_step_12.npy,crop_00567_ID_120200306510_step_12_a11ca4ed41.png,/content/drive/MyDrive/sentinel3/SLSTR/ml_manual_crops_010526/png/crop_00567_ID_120200306510_step_12_a11ca4ed41.png,True
Solovieva_PL_crop_00574_ID_120200306510_step_22,574,120200306510,22,2020-03-12,17:00:00,2020-03-12 17:00:00,61.0,-35.0,998.93561,32.594,512,512,Solovieva_diploma_PL_training_images/png/Solovieva_PL_crop_00574_ID_120200306510_step_22.png,Solovieva_diploma_PL_training_images/npy/Solovieva_PL_crop_00574_ID_120200306510_step_22.npy,crop_00574_ID_120200306510_step_22_03554e8622.png,/content/drive/MyDrive/sentinel3/SLSTR/ml_manual_crops_010526/png/crop_00574_ID_120200306510_step_22_03554e8622.png,True
Solovieva_PL_crop_00576_ID_120200306510_step_24,576,120200306510,24,2020-03-12,19:00:00,2020-03-12 19:00:00,61.0,-35.0,999.2937,31.719,512,512,Solovieva_diploma_PL_training_images/png/Solovieva_PL_crop_00576_ID_120200306510_step_24.png,Solovieva_diploma_PL_training_images/npy/Solovieva_PL_crop_00576_ID_120200306510_step_24.npy,crop_00576_ID_120200306510_step_24_064871beae.png,/content/drive/MyDrive/sentinel3/SLSTR/ml_manual_crops_010526/png/crop_00576_ID_120200306510_step_24_064871beae.png,True
Solovieva_PL_crop_00558_ID_120200306570_step_9,558,120200306570,9,2020-03-12,09:00:00,2020-03-12 09:00:00,64.25,8.75,974.3006,29.288000000000004,512,512,Solovieva_diploma_PL_training_images/png/Solovieva_PL_crop_00558_ID_120200306570_step_9.png,Solovieva_diploma_PL_training_images/npy/Solovieva_PL_crop_00558_ID_120200306570_step_9.npy,crop_00558_ID_120200306570_step_9_8424c82d9c.png,/content/drive/MyDrive/sentinel3/SLSTR/ml_manual_crops_010526/png/crop_00558_ID_120200306570_step_9_8424c82d9c.png,True
Solovieva_PL_crop_00560_ID_120200306570_step_10,560,120200306570,10,2020-03-12,10:00:00,2020-03-12 10:00:00,63.75,7.75,974.81873,28.75,512,512,Solovieva_diploma_PL_training_images/png/Solovieva_PL_crop_00560_ID_120200306570_step_10.png,Solovieva_diploma_PL_training_images/npy/Solovieva_PL_crop_00560_ID_120200306570_step_10.npy,crop_00560_ID_120200306570_step_10_642c01df32.png,/content/drive/MyDrive/sentinel3/SLSTR/ml_manual_crops_010526/png/crop_00560_ID_120200306570_step_10_642c01df32.png,True
Solovieva_PL_crop_00564_ID_120200306570_step_11,564,120200306570,11,2020-03-12,11:00:00,2020-03-12 11:00:00,63.75,7.75,975.2337,26.297,512,512,Solovieva_diploma_PL_training_images/png/Solovieva_PL_crop_00564_ID_120200306570_step_11.png,Solovieva_diploma_PL_training_images/npy/Solovieva_PL_crop_00564_ID_120200306570_step_11.npy,crop_00564_ID_120200306570_step_11_7738b08827.png,/content/drive/MyDrive/sentinel3/SLSTR/ml_manual_crops_010526/png/crop_00564_ID_120200306570_step_11_7738b08827.png,True
Solovieva_PL_crop_00571_ID_120200306700_step_13,571,120200306700,13,2020-03-12,22:00:00,2020-03-12 22:00:00,61.25,-40.0,1005.27875,20.156,512,512,Solovieva_diploma_PL_training_images/png/Solovieva_PL_crop_00571_ID_120200306700_step_13.png,Solovieva_diploma_PL_training_images/npy/Solovieva_PL_crop_00571_ID_120200306700_step_13.npy,crop_00571_ID_120200306700_step_13_9acaab7eed.png,/content/drive/MyDrive/sentinel3/SLSTR/ml_manual_crops_010526/png/crop_00571_ID_120200306700_step_13_9acaab7eed.png,True
Solovieva_PL_crop_00583_ID_120200307450_step_13,583,120200307450,13,2020-03-14,02:00:00,2020-03-14 02:00:00,59.0,-41.0,1000.72186,24.584,512,512,Solovieva_diploma_PL_training_images/png/Solovieva_PL_crop_00583_ID_120200307450_step_13.png,Solovieva_diploma_PL_training_images/npy/Solovieva_PL_crop_00583_ID_120200307450_step_13.npy,crop_00583_ID_120200307450_step_13_df86773e50.png,/content/drive/MyDrive/sentinel3/SLSTR/ml_manual_crops_010526/png/crop_00583_ID_120200307450_step_13_df86773e50.png,True
Solovieva_PL_crop_00584_ID_120200307450_step_14,584,120200307450,14,2020-03-14,03:00:00,2020-03-14 03:00:00,58.75,-40.75,1001.3587,24.169,512,512,Solovieva_diploma_PL_training_images/png/Solovieva_PL_crop_00584_ID_120200307450_step_14.png,Solovieva_diploma_PL_training_images/npy/Solovieva_PL_crop_00584_ID_120200307450_step_14.npy,crop_00584_ID_120200307450_step_14_00ca67ec3f.png,/content/drive/MyDrive/sentinel3/SLSTR/ml_manual_crops_010526/png/crop_00584_ID_120200307450_step_14_00ca67ec3f.png,True
Solovieva_PL_crop_00585_ID_120200307450_step_23,585,120200307450,23,2020-03-14,12:00:00,2020-03-14 12:00:00,57.25,-36.0,1005.3031,15.173,512,512,Solovieva_diploma_PL_training_images/png/Solovieva_PL_crop_00585_ID_120200307450_step_23.png,Solovieva_diploma_PL_training_images/npy/Solovieva_PL_crop_00585_ID_120200307450_step_23.npy,crop_00585_ID_120200307450_step_23_6cf1febf19.png,/content/drive/MyDrive/sentinel3/SLSTR/ml_manual_crops_010526/png/crop_00585_ID_120200307450_step_23_6cf1febf19.png,True
Solovieva_PL_crop_00582_ID_120200307740_step_11,582,120200307740,11,2020-03-14,15:00:00,2020-03-14 15:00:00,49.75,-23.25,1005.00372,15.314,512,512,Solovieva_diploma_PL_training_images/png/Solovieva_PL_crop_00582_ID_120200307740_step_11.png,Solovieva_diploma_PL_training_images/npy/Solovieva_PL_crop_00582_ID_120200307740_step_11.npy,crop_00582_ID_120200307740_step_11_2208ab0227.png,/content/drive/MyDrive/sentinel3/SLSTR/ml_manual_crops_010526/png/crop_00582_ID_120200307740_step_11_2208ab0227.png,True
Solovieva_PL_crop_00597_ID_120200308040_step_21,597,120200308040,21,2020-03-15,18:00:00,2020-03-15 18:00:00,70.75,-11.5,983.09186,40.938,512,512,Solovieva_diploma_PL_training_images/png/Solovieva_PL_crop_00597_ID_120200308040_step_21.png,Solovieva_diploma_PL_training_images/npy/Solovieva_PL_crop_00597_ID_120200308040_step_21.npy,crop_00597_ID_120200308040_step_21_bedabe87a3.png,/content/drive/MyDrive/sentinel3/SLSTR/ml_manual_crops_010526/png/crop_00597_ID_120200308040_step_21_bedabe87a3.png,True
Solovieva_PL_crop_00598_ID_120200308040_step_22,598,120200308040,22,2020-03-15,19:00:00,2020-03-15 19:00:00,70.75,-11.0,981.80121,42.018,512,512,Solovieva_diploma_PL_training_images/png/Solovieva_PL_crop_00598_ID_120200308040_step_22.png,Solovieva_diploma_PL_training_images/npy/Solovieva_PL_crop_00598_ID_120200308040_step_22.npy,crop_00598_ID_120200308040_step_22_8d54248a90.png,/content/drive/MyDrive/sentinel3/SLSTR/ml_manual_crops_010526/png/crop_00598_ID_120200308040_step_22_8d54248a90.png,True
Solovieva_PL_crop_00588_ID_120200308260_step_10,588,120200308260,10,2020-03-15,17:00:00,2020-03-15 17:00:00,69.25,11.5,987.64313,16.68,512,512,Solovieva_diploma_PL_training_images/png/Solovieva_PL_crop_00588_ID_120200308260_step_10.png,Solovieva_diploma_PL_training_images/npy/Solovieva_PL_crop_00588_ID_120200308260_step_10.npy,crop_00588_ID_120200308260_step_10_168cf8ac14.png,/content/drive/MyDrive/sentinel3/SLSTR/ml_manual_crops_010526/png/crop_00588_ID_120200308260_step_10_168cf8ac14.png,True
Solovieva_PL_crop_00590_ID_120200308260_step_11,590,120200308260,11,2020-03-15,18:00:00,2020-03-15 18:00:00,69.0,12.0,987.65186,15.135000000000002,512,512,Solovieva_diploma_PL_training_images/png/Solovieva_PL_crop_00590_ID_120200308260_step_11.png,Solovieva_diploma_PL_training_images/npy/Solovieva_PL_crop_00590_ID_120200308260_step_11.npy,crop_00590_ID_120200308260_step_11_290c60f503.png,/content/drive/MyDrive/sentinel3/SLSTR/ml_manual_crops_010526/png/crop_00590_ID_120200308260_step_11_290c60f503.png,True
Solovieva_PL_crop_00608_ID_120200308270_step_19,608,120200308270,19,2020-03-16,02:00:00,2020-03-16 02:00:00,74.5,32.75,980.88184,26.902,512,512,Solovieva_diploma_PL_training_images/png/Solovieva_PL_crop_00608_ID_120200308270_step_19.png,Solovieva_diploma_PL_training_images/npy/Solovieva_PL_crop_00608_ID_120200308270_step_19.npy,crop_00608_ID_120200308270_step_19_8a740e4c3f.png,/content/drive/MyDrive/sentinel3/SLSTR/ml_manual_crops_010526/png/crop_00608_ID_120200308270_step_19_8a740e4c3f.png,True
Solovieva_PL_crop_00602_ID_120200308400_step_11,602,120200308400,11,2020-03-16,00:00:00,2020-03-16 00:00:00,73.0,49.5,972.67999,37.251,512,512,Solovieva_diploma_PL_training_images/png/Solovieva_PL_crop_00602_ID_120200308400_step_11.png,Solovieva_diploma_PL_training_images/npy/Solovieva_PL_crop_00602_ID_120200308400_step_11.npy,crop_00602_ID_120200308400_step_11_ce46859733.png,/content/drive/MyDrive/sentinel3/SLSTR/ml_manual_crops_010526/png/crop_00602_ID_120200308400_step_11_ce46859733.png,True
Solovieva_PL_crop_00609_ID_120200308400_step_19,609,120200308400,19,2020-03-16,08:00:00,2020-03-16 08:00:00,74.25,53.75,979.98187,26.437,512,512,Solovieva_diploma_PL_training_images/png/Solovieva_PL_crop_00609_ID_120200308400_step_19.png,Solovieva_diploma_PL_training_images/npy/Solovieva_PL_crop_00609_ID_120200308400_step_19.npy,crop_00609_ID_120200308400_step_19_d399b47edc.png,/content/drive/MyDrive/sentinel3/SLSTR/ml_manual_crops_010526/png/crop_00609_ID_120200308400_step_19_d399b47edc.png,True
Solovieva_PL_crop_00600_ID_120200308970_step_7,600,120200308970,7,2020-03-16,14:00:00,2020-03-16 14:00:00,73.25,61.75,979.78186,19.743,512,512,Solovieva_diploma_PL_training_images/png/Solovieva_PL_crop_00600_ID_120200308970_step_7.png,Solovieva_diploma_PL_training_images/npy/Solovieva_PL_crop_00600_ID_120200308970_step_7.npy,crop_00600_ID_120200308970_step_7_8094f45cf4.png,/content/drive/MyDrive/sentinel3/SLSTR/ml_manual_crops_010526/png/crop_00600_ID_120200308970_step_7_8094f45cf4.png,True
Solovieva_PL_crop_00601_ID_120200308970_step_8,601,120200308970,8,2020-03-16,15:00:00,2020-03-16 15:00:00,73.25,62.75,980.33313,19.682,512,512,Solovieva_diploma_PL_training_images/png/Solovieva_PL_crop_00601_ID_120200308970_step_8.png,Solovieva_diploma_PL_training_images/npy/Solovieva_PL_crop_00601_ID_120200308970_step_8.npy,crop_00601_ID_120200308970_step_8_270fe6faa1.png,/content/drive/MyDrive/sentinel3/SLSTR/ml_manual_crops_010526/png/crop_00601_ID_120200308970_step_8_270fe6faa1.png,True
Solovieva_PL_crop_00611_ID_120200309970_step_0,611,120200309970,0,2020-03-17,22:00:00,2020-03-17 22:00:00,64.75,-39.75,1013.40936,24.22,512,512,Solovieva_diploma_PL_training_images/png/Solovieva_PL_crop_00611_ID_120200309970_step_0.png,Solovieva_diploma_PL_training_images/npy/Solovieva_PL_crop_00611_ID_120200309970_step_0.npy,crop_00611_ID_120200309970_step_0_9eb4c4e255.png,/content/drive/MyDrive/sentinel3/SLSTR/ml_manual_crops_010526/png/crop_00611_ID_120200309970_step_0_9eb4c4e255.png,True
Solovieva_PL_crop_00616_ID_120200309970_step_12,616,120200309970,12,2020-03-18,10:00:00,2020-03-18 10:00:00,65.0,-34.25,1017.05682,17.02,512,512,Solovieva_diploma_PL_training_images/png/Solovieva_PL_crop_00616_ID_120200309970_step_12.png,Solovieva_diploma_PL_training_images/npy/Solovieva_PL_crop_00616_ID_120200309970_step_12.npy,crop_00616_ID_120200309970_step_12_2d4beb4425.png,/content/drive/MyDrive/sentinel3/SLSTR/ml_manual_crops_010526/png/crop_00616_ID_120200309970_step_12_2d4beb4425.png,True
Solovieva_PL_crop_00617_ID_120200309970_step_13,617,120200309970,13,2020-03-18,11:00:00,2020-03-18 11:00:00,65.25,-34.0,1017.3775,17.298,512,512,Solovieva_diploma_PL_training_images/png/Solovieva_PL_crop_00617_ID_120200309970_step_13.png,Solovieva_diploma_PL_training_images/npy/Solovieva_PL_crop_00617_ID_120200309970_step_13.npy,crop_00617_ID_120200309970_step_13_75041b1fec.png,/content/drive/MyDrive/sentinel3/SLSTR/ml_manual_crops_010526/png/crop_00617_ID_120200309970_step_13_75041b1fec.png,True
Solovieva_PL_crop_00620_ID_120200309970_step_22,620,120200309970,22,2020-03-18,20:00:00,2020-03-18 20:00:00,65.75,-30.5,1021.23438,15.317999999999998,512,512,Solovieva_diploma_PL_training_images/png/Solovieva_PL_crop_00620_ID_120200309970_step_22.png,Solovieva_diploma_PL_training_images/npy/Solovieva_PL_crop_00620_ID_120200309970_step_22.npy,crop_00620_ID_120200309970_step_22_b85185da26.png,/content/drive/MyDrive/sentinel3/SLSTR/ml_manual_crops_010526/png/crop_00620_ID_120200309970_step_22_b85185da26.png,True
Solovieva_PL_crop_00615_ID_120200310120_step_11,615,120200310120,11,2020-03-18,12:00:00,2020-03-18 12:00:00,63.0,-18.75,1006.55188,17.852999999999998,512,512,Solovieva_diploma_PL_training_images/png/Solovieva_PL_crop_00615_ID_120200310120_step_11.png,Solovieva_diploma_PL_training_images/npy/Solovieva_PL_crop_00615_ID_120200310120_step_11.npy,crop_00615_ID_120200310120_step_11_0f522fb740.png,/content/drive/MyDrive/sentinel3/SLSTR/ml_manual_crops_010526/png/crop_00615_ID_120200310120_step_11_0f522fb740.png,True
Solovieva_PL_crop_00619_ID_120200310120_step_21,619,120200310120,21,2020-03-18,22:00:00,2020-03-18 22:00:00,63.0,-18.25,1017.12311,29.48,512,512,Solovieva_diploma_PL_training_images/png/Solovieva_PL_crop_00619_ID_120200310120_step_21.png,Solovieva_diploma_PL_training_images/npy/Solovieva_PL_crop_00619_ID_120200310120_step_21.npy,crop_00619_ID_120200310120_step_21_e9a8f85b09.png,/content/drive/MyDrive/sentinel3/SLSTR/ml_manual_crops_010526/png/crop_00619_ID_120200310120_step_21_e9a8f85b09.png,True
Solovieva_PL_crop_00629_ID_120200310450_step_10,629,120200310450,10,2020-03-19,02:00:00,2020-03-19 02:00:00,65.75,7.0,1003.57623,18.971,512,512,Solovieva_diploma_PL_training_images/png/Solovieva_PL_crop_00629_ID_120200310450_step_10.png,Solovieva_diploma_PL_training_images/npy/Solovieva_PL_crop_00629_ID_120200310450_step_10.npy,crop_00629_ID_120200310450_step_10_0432953bfc.png,/content/drive/MyDrive/sentinel3/SLSTR/ml_manual_crops_010526/png/crop_00629_ID_120200310450_step_10_0432953bfc.png,True
Solovieva_PL_crop_00630_ID_120200310450_step_11,630,120200310450,11,2020-03-19,03:00:00,2020-03-19 03:00:00,65.5,7.25,1004.78497,21.064000000000004,512,512,Solovieva_diploma_PL_training_images/png/Solovieva_PL_crop_00630_ID_120200310450_step_11.png,Solovieva_diploma_PL_training_images/npy/Solovieva_PL_crop_00630_ID_120200310450_step_11.npy,crop_00630_ID_120200310450_step_11_608ceb8e13.png,/content/drive/MyDrive/sentinel3/SLSTR/ml_manual_crops_010526/png/crop_00630_ID_120200310450_step_11_608ceb8e13.png,True
Solovieva_PL_crop_00631_ID_120200310450_step_12,631,120200310450,12,2020-03-19,04:00:00,2020-03-19 04:00:00,65.5,8.0,1005.34497,22.493,512,512,Solovieva_diploma_PL_training_images/png/Solovieva_PL_crop_00631_ID_120200310450_step_12.png,Solovieva_diploma_PL_training_images/npy/Solovieva_PL_crop_00631_ID_120200310450_step_12.npy,crop_00631_ID_120200310450_step_12_e1d440a711.png,/content/drive/MyDrive/sentinel3/SLSTR/ml_manual_crops_010526/png/crop_00631_ID_120200310450_step_12_e1d440a711.png,True
Solovieva_PL_crop_00625_ID_120200311010_step_7,625,120200311010,7,2020-03-19,21:00:00,2020-03-19 21:00:00,71.25,48.0,993.97498,18.69,512,512,Solovieva_diploma_PL_training_images/png/Solovieva_PL_crop_00625_ID_120200311010_step_7.png,Solovieva_diploma_PL_training_images/npy/Solovieva_PL_crop_00625_ID_120200311010_step_7.npy,crop_00625_ID_120200311010_step_7_d5e7850e8a.png,/content/drive/MyDrive/sentinel3/SLSTR/ml_manual_crops_010526/png/crop_00625_ID_120200311010_step_7_d5e7850e8a.png,True
Solovieva_PL_crop_00626_ID_120200311010_step_8,626,120200311010,8,2020-03-19,22:00:00,2020-03-19 22:00:00,71.0,48.75,993.00623,20.307,512,512,Solovieva_diploma_PL_training_images/png/Solovieva_PL_crop_00626_ID_120200311010_step_8.png,Solovieva_diploma_PL_training_images/npy/Solovieva_PL_crop_00626_ID_120200311010_step_8.npy,crop_00626_ID_120200311010_step_8_b41eaecd05.png,/content/drive/MyDrive/sentinel3/SLSTR/ml_manual_crops_010526/png/crop_00626_ID_120200311010_step_8_b41eaecd05.png,True
Solovieva_PL_crop_00628_ID_120200311010_step_9,628,120200311010,9,2020-03-19,23:00:00,2020-03-19 23:00:00,71.0,49.0,992.88684,21.052,512,512,Solovieva_diploma_PL_training_images/png/Solovieva_PL_crop_00628_ID_120200311010_step_9.png,Solovieva_diploma_PL_training_images/npy/Solovieva_PL_crop_00628_ID_120200311010_step_9.npy,crop_00628_ID_120200311010_step_9_4bb40f3ccf.png,/content/drive/MyDrive/sentinel3/SLSTR/ml_manual_crops_010526/png/crop_00628_ID_120200311010_step_9_4bb40f3ccf.png,True
Solovieva_PL_crop_00637_ID_120200311010_step_10,637,120200311010,10,2020-03-20,00:00:00,2020-03-20 00:00:00,71.0,49.0,992.60059,21.066,512,512,Solovieva_diploma_PL_training_images/png/Solovieva_PL_crop_00637_ID_120200311010_step_10.png,Solovieva_diploma_PL_training_images/npy/Solovieva_PL_crop_00637_ID_120200311010_step_10.npy,crop_00637_ID_120200311010_step_10_b5a38c0b14.png,/content/drive/MyDrive/sentinel3/SLSTR/ml_manual_crops_010526/png/crop_00637_ID_120200311010_step_10_b5a38c0b14.png,True
Solovieva_PL_crop_00645_ID_120200311010_step_17,645,120200311010,17,2020-03-20,07:00:00,2020-03-20 07:00:00,69.75,49.75,994.02625,23.05,512,512,Solovieva_diploma_PL_training_images/png/Solovieva_PL_crop_00645_ID_120200311010_step_17.png,Solovieva_diploma_PL_training_images/npy/Solovieva_PL_crop_00645_ID_120200311010_step_17.npy,crop_00645_ID_120200311010_step_17_cde3b2aa75.png,/content/drive/MyDrive/sentinel3/SLSTR/ml_manual_crops_010526/png/crop_00645_ID_120200311010_step_17_cde3b2aa75.png,True
Solovieva_PL_crop_00646_ID_120200311010_step_18,646,120200311010,18,2020-03-20,08:00:00,2020-03-20 08:00:00,69.75,49.75,994.33435,22.942,512,512,Solovieva_diploma_PL_training_images/png/Solovieva_PL_crop_00646_ID_120200311010_step_18.png,Solovieva_diploma_PL_training_images/npy/Solovieva_PL_crop_00646_ID_120200311010_step_18.npy,crop_00646_ID_120200311010_step_18_555f7eb219.png,/content/drive/MyDrive/sentinel3/SLSTR/ml_manual_crops_010526/png/crop_00646_ID_120200311010_step_18_555f7eb219.png,True
Solovieva_PL_crop_00639_ID_120200311070_step_13,639,120200311070,13,2020-03-20,06:00:00,2020-03-20 06:00:00,63.0,-56.75,997.04059,24.346,512,512,Solovieva_diploma_PL_training_images/png/Solovieva_PL_crop_00639_ID_120200311070_step_13.png,Solovieva_diploma_PL_training_images/npy/Solovieva_PL_crop_00639_ID_120200311070_step_13.npy,crop_00639_ID_120200311070_step_13_453e0fbde9.png,/content/drive/MyDrive/sentinel3/SLSTR/ml_manual_crops_010526/png/crop_00639_ID_120200311070_step_13_453e0fbde9.png,True
Solovieva_PL_crop_00641_ID_120200311070_step_14,641,120200311070,14,2020-03-20,07:00:00,2020-03-20 07:00:00,63.0,-56.5,996.97748,23.858,512,512,Solovieva_diploma_PL_training_images/png/Solovieva_PL_crop_00641_ID_120200311070_step_14.png,Solovieva_diploma_PL_training_images/npy/Solovieva_PL_crop_00641_ID_120200311070_step_14.npy,crop_00641_ID_120200311070_step_14_be7336102e.png,/content/drive/MyDrive/sentinel3/SLSTR/ml_manual_crops_010526/png/crop_00641_ID_120200311070_step_14_be7336102e.png,True
Solovieva_PL_crop_00642_ID_120200311070_step_15,642,120200311070,15,2020-03-20,08:00:00,2020-03-20 08:00:00,63.0,-56.25,997.61188,23.245,512,512,Solovieva_diploma_PL_training_images/png/Solovieva_PL_crop_00642_ID_120200311070_step_15.png,Solovieva_diploma_PL_training_images/npy/Solovieva_PL_crop_00642_ID_120200311070_step_15.npy,crop_00642_ID_120200311070_step_15_69148b4b19.png,/content/drive/MyDrive/sentinel3/SLSTR/ml_manual_crops_010526/png/crop_00642_ID_120200311070_step_15_69148b4b19.png,True
Solovieva_PL_crop_00635_ID_120200311280_step_1,635,120200311280,1,2020-03-20,01:00:00,2020-03-20 01:00:00,62.0,-41.5,997.26245,15.369000000000002,512,512,Solovieva_diploma_PL_training_images/png/Solovieva_PL_crop_00635_ID_120200311280_step_1.png,Solovieva_diploma_PL_training_images/npy/Solovieva_PL_crop_00635_ID_120200311280_step_1.npy,crop_00635_ID_120200311280_step_1_5e4ae594a8.png,/content/drive/MyDrive/sentinel3/SLSTR/ml_manual_crops_010526/png/crop_00635_ID_120200311280_step_1_5e4ae594a8.png,True
Solovieva_PL_crop_00640_ID_120200311280_step_13,640,120200311280,13,2020-03-20,13:00:00,2020-03-20 13:00:00,62.0,-41.5,995.31683,33.873999999999995,512,512,Solovieva_diploma_PL_training_images/png/Solovieva_PL_crop_00640_ID_120200311280_step_13.png,Solovieva_diploma_PL_training_images/npy/Solovieva_PL_crop_00640_ID_120200311280_step_13.npy,crop_00640_ID_120200311280_step_13_468dec1322.png,/content/drive/MyDrive/sentinel3/SLSTR/ml_manual_crops_010526/png/crop_00640_ID_120200311280_step_13_468dec1322.png,True
Solovieva_PL_crop_00649_ID_120200311280_step_23,649,120200311280,23,2020-03-20,23:00:00,2020-03-20 23:00:00,63.5,-38.75,993.42871,27.096,512,512,Solovieva_diploma_PL_training_images/png/Solovieva_PL_crop_00649_ID_120200311280_step_23.png,Solovieva_diploma_PL_training_images/npy/Solovieva_PL_crop_00649_ID_120200311280_step_23.npy,crop_00649_ID_120200311280_step_23_b79125b99a.png,/content/drive/MyDrive/sentinel3/SLSTR/ml_manual_crops_010526/png/crop_00649_ID_120200311280_step_23_b79125b99a.png,True
Solovieva_PL_crop_00652_ID_120200311280_step_24,652,120200311280,24,2020-03-21,00:00:00,2020-03-21 00:00:00,63.5,-38.5,993.5675,26.728,512,512,Solovieva_diploma_PL_training_images/png/Solovieva_PL_crop_00652_ID_120200311280_step_24.png,Solovieva_diploma_PL_training_images/npy/Solovieva_PL_crop_00652_ID_120200311280_step_24.npy,crop_00652_ID_120200311280_step_24_286ec6926e.png,/content/drive/MyDrive/sentinel3/SLSTR/ml_manual_crops_010526/png/crop_00652_ID_120200311280_step_24_286ec6926e.png,True
Solovieva_PL_crop_00660_ID_120200312120_step_15,660,120200312120,15,2020-03-22,19:00:00,2020-03-22 19:00:00,80.0,-2.5,976.10748,38.729,512,512,Solovieva_diploma_PL_training_images/png/Solovieva_PL_crop_00660_ID_120200312120_step_15.png,Solovieva_diploma_PL_training_images/npy/Solovieva_PL_crop_00660_ID_120200312120_step_15.npy,crop_00660_ID_120200312120_step_15_d0eccaf6f2.png,/content/drive/MyDrive/sentinel3/SLSTR/ml_manual_crops_010526/png/crop_00660_ID_120200312120_step_15_d0eccaf6f2.png,True
Solovieva_PL_crop_00661_ID_120200312120_step_16,661,120200312120,16,2020-03-22,20:00:00,2020-03-22 20:00:00,80.0,-2.0,976.70563,35.675999999999995,512,512,Solovieva_diploma_PL_training_images/png/Solovieva_PL_crop_00661_ID_120200312120_step_16.png,Solovieva_diploma_PL_training_images/npy/Solovieva_PL_crop_00661_ID_120200312120_step_16.npy,crop_00661_ID_120200312120_step_16_e752a72e10.png,/content/drive/MyDrive/sentinel3/SLSTR/ml_manual_crops_010526/png/crop_00661_ID_120200312120_step_16_e752a72e10.png,True
Solovieva_PL_crop_00663_ID_120200312120_step_17,663,120200312120,17,2020-03-22,21:00:00,2020-03-22 21:00:00,79.75,-1.25,977.09186,32.09,512,512,Solovieva_diploma_PL_training_images/png/Solovieva_PL_crop_00663_ID_120200312120_step_17.png,Solovieva_diploma_PL_training_images/npy/Solovieva_PL_crop_00663_ID_120200312120_step_17.npy,crop_00663_ID_120200312120_step_17_1018bbc08c.png,/content/drive/MyDrive/sentinel3/SLSTR/ml_manual_crops_010526/png/crop_00663_ID_120200312120_step_17_1018bbc08c.png,True
Solovieva_PL_crop_00666_ID_120200312120_step_19,666,120200312120,19,2020-03-22,23:00:00,2020-03-22 23:00:00,79.25,1.25,978.79559,29.145,512,512,Solovieva_diploma_PL_training_images/png/Solovieva_PL_crop_00666_ID_120200312120_step_19.png,Solovieva_diploma_PL_training_images/npy/Solovieva_PL_crop_00666_ID_120200312120_step_19.npy,crop_00666_ID_120200312120_step_19_beef10a582.png,/content/drive/MyDrive/sentinel3/SLSTR/ml_manual_crops_010526/png/crop_00666_ID_120200312120_step_19_beef10a582.png,True
Solovieva_PL_crop_00656_ID_120200312150_step_12,656,120200312150,12,2020-03-22,18:00:00,2020-03-22 18:00:00,77.0,19.25,975.38495,44.969,512,512,Solovieva_diploma_PL_training_images/png/Solovieva_PL_crop_00656_ID_120200312150_step_12.png,Solovieva_diploma_PL_training_images/npy/Solovieva_PL_crop_00656_ID_120200312150_step_12.npy,crop_00656_ID_120200312150_step_12_dc2747bfc0.png,/content/drive/MyDrive/sentinel3/SLSTR/ml_manual_crops_010526/png/crop_00656_ID_120200312150_step_12_dc2747bfc0.png,True
Solovieva_PL_crop_00673_ID_120200312840_step_13,673,120200312840,13,2020-03-24,13:00:00,2020-03-24 13:00:00,64.25,-37.5,990.28497,23.656,512,512,Solovieva_diploma_PL_training_images/png/Solovieva_PL_crop_00673_ID_120200312840_step_13.png,Solovieva_diploma_PL_training_images/npy/Solovieva_PL_crop_00673_ID_120200312840_step_13.npy,crop_00673_ID_120200312840_step_13_9aa99ef5d2.png,/content/drive/MyDrive/sentinel3/SLSTR/ml_manual_crops_010526/png/crop_00673_ID_120200312840_step_13_9aa99ef5d2.png,True
Solovieva_PL_crop_00674_ID_120200312840_step_14,674,120200312840,14,2020-03-24,14:00:00,2020-03-24 14:00:00,64.25,-37.25,990.27557,23.867,512,512,Solovieva_diploma_PL_training_images/png/Solovieva_PL_crop_00674_ID_120200312840_step_14.png,Solovieva_diploma_PL_training_images/npy/Solovieva_PL_crop_00674_ID_120200312840_step_14.npy,crop_00674_ID_120200312840_step_14_f46582087f.png,/content/drive/MyDrive/sentinel3/SLSTR/ml_manual_crops_010526/png/crop_00674_ID_120200312840_step_14_f46582087f.png,True
Solovieva_PL_crop_00675_ID_120200312840_step_22,675,120200312840,22,2020-03-24,22:00:00,2020-03-24 22:00:00,64.25,-34.25,993.47687,19.635,512,512,Solovieva_diploma_PL_training_images/png/Solovieva_PL_crop_00675_ID_120200312840_step_22.png,Solovieva_diploma_PL_training_images/npy/Solovieva_PL_crop_00675_ID_120200312840_step_22.npy,crop_00675_ID_120200312840_step_22_91802c1164.png,/content/drive/MyDrive/sentinel3/SLSTR/ml_manual_crops_010526/png/crop_00675_ID_120200312840_step_22_91802c1164.png,True
Solovieva_PL_crop_00677_ID_120200312840_step_24,677,120200312840,24,2020-03-25,00:00:00,2020-03-25 00:00:00,64.5,-33.75,993.58124,18.842,512,512,Solovieva_diploma_PL_training_images/png/Solovieva_PL_crop_00677_ID_120200312840_step_24.png,Solovieva_diploma_PL_training_images/npy/Solovieva_PL_crop_00677_ID_120200312840_step_24.npy,crop_00677_ID_120200312840_step_24_8cc4c5d6f7.png,/content/drive/MyDrive/sentinel3/SLSTR/ml_manual_crops_010526/png/crop_00677_ID_120200312840_step_24_8cc4c5d6f7.png,True
Solovieva_PL_crop_00683_ID_120200312840_step_36,683,120200312840,36,2020-03-25,12:00:00,2020-03-25 12:00:00,66.25,-33.75,998.60187,22.81,512,512,Solovieva_diploma_PL_training_images/png/Solovieva_PL_crop_00683_ID_120200312840_step_36.png,Solovieva_diploma_PL_training_images/npy/Solovieva_PL_crop_00683_ID_120200312840_step_36.npy,crop_00683_ID_120200312840_step_36_b096d21789.png,/content/drive/MyDrive/sentinel3/SLSTR/ml_manual_crops_010526/png/crop_00683_ID_120200312840_step_36_b096d21789.png,True
Solovieva_PL_crop_00684_ID_120200312840_step_37,684,120200312840,37,2020-03-25,13:00:00,2020-03-25 13:00:00,66.25,-33.75,999.14935,22.488000000000003,512,512,Solovieva_diploma_PL_training_images/png/Solovieva_PL_crop_00684_ID_120200312840_step_37.png,Solovieva_diploma_PL_training_images/npy/Solovieva_PL_crop_00684_ID_120200312840_step_37.npy,crop_00684_ID_120200312840_step_37_2a8df7ae4a.png,/content/drive/MyDrive/sentinel3/SLSTR/ml_manual_crops_010526/png/crop_00684_ID_120200312840_step_37_2a8df7ae4a.png,True
Solovieva_PL_crop_00686_ID_120200312840_step_46,686,120200312840,46,2020-03-25,22:00:00,2020-03-25 22:00:00,66.5,-30.5,997.88745,20.699,512,512,Solovieva_diploma_PL_training_images/png/Solovieva_PL_crop_00686_ID_120200312840_step_46.png,Solovieva_diploma_PL_training_images/npy/Solovieva_PL_crop_00686_ID_120200312840_step_46.npy,crop_00686_ID_120200312840_step_46_3ac2d83d66.png,/content/drive/MyDrive/sentinel3/SLSTR/ml_manual_crops_010526/png/crop_00686_ID_120200312840_step_46_3ac2d83d66.png,True
Solovieva_PL_crop_00687_ID_120200312840_step_47,687,120200312840,47,2020-03-25,23:00:00,2020-03-25 23:00:00,66.75,-30.0,997.19873,20.97,512,512,Solovieva_diploma_PL_training_images/png/Solovieva_PL_crop_00687_ID_120200312840_step_47.png,Solovieva_diploma_PL_training_images/npy/Solovieva_PL_crop_00687_ID_120200312840_step_47.npy,crop_00687_ID_120200312840_step_47_1ca06edb9d.png,/content/drive/MyDrive/sentinel3/SLSTR/ml_manual_crops_010526/png/crop_00687_ID_120200312840_step_47_1ca06edb9d.png,True
Solovieva_PL_crop_00681_ID_120200314370_step_11,681,120200314370,11,2020-03-26,21:00:00,2020-03-26 21:00:00,69.25,-12.5,1002.61188,19.067,512,512,Solovieva_diploma_PL_training_images/png/Solovieva_PL_crop_00681_ID_120200314370_step_11.png,Solovieva_diploma_PL_training_images/npy/Solovieva_PL_crop_00681_ID_120200314370_step_11.npy,crop_00681_ID_120200314370_step_11_c4948c8d9e.png,/content/drive/MyDrive/sentinel3/SLSTR/ml_manual_crops_010526/png/crop_00681_ID_120200314370_step_11_c4948c8d9e.png,True
Solovieva_PL_crop_00678_ID_120200314430_step_8,678,120200314430,8,2020-03-26,20:00:00,2020-03-26 20:00:00,73.75,24.75,997.42621,15.969,512,512,Solovieva_diploma_PL_training_images/png/Solovieva_PL_crop_00678_ID_120200314430_step_8.png,Solovieva_diploma_PL_training_images/npy/Solovieva_PL_crop_00678_ID_120200314430_step_8.npy,crop_00678_ID_120200314430_step_8_bd94bd9bf4.png,/content/drive/MyDrive/sentinel3/SLSTR/ml_manual_crops_010526/png/crop_00678_ID_120200314430_step_8_bd94bd9bf4.png,True
Solovieva_PL_crop_00679_ID_120200314430_step_9,679,120200314430,9,2020-03-26,21:00:00,2020-03-26 21:00:00,73.75,25.5,997.0481,15.997999999999998,512,512,Solovieva_diploma_PL_training_images/png/Solovieva_PL_crop_00679_ID_120200314430_step_9.png,Solovieva_diploma_PL_training_images/npy/Solovieva_PL_crop_00679_ID_120200314430_step_9.npy,crop_00679_ID_120200314430_step_9_74321fa0ae.png,/content/drive/MyDrive/sentinel3/SLSTR/ml_manual_crops_010526/png/crop_00679_ID_120200314430_step_9_74321fa0ae.png,True
Solovieva_PL_crop_00702_ID_120200314430_step_18,702,120200314430,18,2020-03-27,06:00:00,2020-03-27 06:00:00,73.75,37.5,994.76245,19.142,512,512,Solovieva_diploma_PL_training_images/png/Solovieva_PL_crop_00702_ID_120200314430_step_18.png,Solovieva_diploma_PL_training_images/npy/Solovieva_PL_crop_00702_ID_120200314430_step_18.npy,crop_00702_ID_120200314430_step_18_40995dba81.png,/content/drive/MyDrive/sentinel3/SLSTR/ml_manual_crops_010526/png/crop_00702_ID_120200314430_step_18_40995dba81.png,True
Solovieva_PL_crop_00704_ID_120200314430_step_20,704,120200314430,20,2020-03-27,08:00:00,2020-03-27 08:00:00,73.75,40.25,994.74432,21.719,512,512,Solovieva_diploma_PL_training_images/png/Solovieva_PL_crop_00704_ID_120200314430_step_20.png,Solovieva_diploma_PL_training_images/npy/Solovieva_PL_crop_00704_ID_120200314430_step_20.npy,crop_00704_ID_120200314430_step_20_666a38de0f.png,/content/drive/MyDrive/sentinel3/SLSTR/ml_manual_crops_010526/png/crop_00704_ID_120200314430_step_20_666a38de0f.png,True
Solovieva_PL_crop_00692_ID_120200314910_step_11,692,120200314910,11,2020-03-27,13:00:00,2020-03-27 13:00:00,70.0,5.5,1005.42999,24.678000000000004,512,512,Solovieva_diploma_PL_training_images/png/Solovieva_PL_crop_00692_ID_120200314910_step_11.png,Solovieva_diploma_PL_training_images/npy/Solovieva_PL_crop_00692_ID_120200314910_step_11.npy,crop_00692_ID_120200314910_step_11_da36807c63.png,/content/drive/MyDrive/sentinel3/SLSTR/ml_manual_crops_010526/png/crop_00692_ID_120200314910_step_11_da36807c63.png,True
Solovieva_PL_crop_00694_ID_120200314910_step_12,694,120200314910,12,2020-03-27,14:00:00,2020-03-27 14:00:00,70.0,6.5,1005.17999,24.006,512,512,Solovieva_diploma_PL_training_images/png/Solovieva_PL_crop_00694_ID_120200314910_step_12.png,Solovieva_diploma_PL_training_images/npy/Solovieva_PL_crop_00694_ID_120200314910_step_12.npy,crop_00694_ID_120200314910_step_12_d5a08c57a8.png,/content/drive/MyDrive/sentinel3/SLSTR/ml_manual_crops_010526/png/crop_00694_ID_120200314910_step_12_d5a08c57a8.png,True
Solovieva_PL_crop_00696_ID_120200314910_step_13,696,120200314910,13,2020-03-27,15:00:00,2020-03-27 15:00:00,70.0,7.5,1004.84808,22.798,512,512,Solovieva_diploma_PL_training_images/png/Solovieva_PL_crop_00696_ID_120200314910_step_13.png,Solovieva_diploma_PL_training_images/npy/Solovieva_PL_crop_00696_ID_120200314910_step_13.npy,crop_00696_ID_120200314910_step_13_1e078bdc04.png,/content/drive/MyDrive/sentinel3/SLSTR/ml_manual_crops_010526/png/crop_00696_ID_120200314910_step_13_1e078bdc04.png,True
Solovieva_PL_crop_00693_ID_120200315020_step_11,693,120200315020,11,2020-03-27,16:00:00,2020-03-27 16:00:00,67.25,7.0,1006.16125,27.567,512,512,Solovieva_diploma_PL_training_images/png/Solovieva_PL_crop_00693_ID_120200315020_step_11.png,Solovieva_diploma_PL_training_images/npy/Solovieva_PL_crop_00693_ID_120200315020_step_11.npy,crop_00693_ID_120200315020_step_11_1278f60a0f.png,/content/drive/MyDrive/sentinel3/SLSTR/ml_manual_crops_010526/png/crop_00693_ID_120200315020_step_11_1278f60a0f.png,True
Solovieva_PL_crop_00689_ID_120200315090_step_9,689,120200315090,9,2020-03-27,17:00:00,2020-03-27 17:00:00,76.5,9.5,995.87311,20.828000000000003,512,512,Solovieva_diploma_PL_training_images/png/Solovieva_PL_crop_00689_ID_120200315090_step_9.png,Solovieva_diploma_PL_training_images/npy/Solovieva_PL_crop_00689_ID_120200315090_step_9.npy,crop_00689_ID_120200315090_step_9_ed2a3a898f.png,/content/drive/MyDrive/sentinel3/SLSTR/ml_manual_crops_010526/png/crop_00689_ID_120200315090_step_9_ed2a3a898f.png,True
Solovieva_PL_crop_00691_ID_120200315090_step_10,691,120200315090,10,2020-03-27,18:00:00,2020-03-27 18:00:00,76.25,10.5,995.61121,21.25,512,512,Solovieva_diploma_PL_training_images/png/Solovieva_PL_crop_00691_ID_120200315090_step_10.png,Solovieva_diploma_PL_training_images/npy/Solovieva_PL_crop_00691_ID_120200315090_step_10.npy,crop_00691_ID_120200315090_step_10_c7daab12ef.png,/content/drive/MyDrive/sentinel3/SLSTR/ml_manual_crops_010526/png/crop_00691_ID_120200315090_step_10_c7daab12ef.png,True
Solovieva_PL_crop_00697_ID_120200315090_step_14,697,120200315090,14,2020-03-27,22:00:00,2020-03-27 22:00:00,75.5,13.75,995.36188,23.155,512,512,Solovieva_diploma_PL_training_images/png/Solovieva_PL_crop_00697_ID_120200315090_step_14.png,Solovieva_diploma_PL_training_images/npy/Solovieva_PL_crop_00697_ID_120200315090_step_14.npy,crop_00697_ID_120200315090_step_14_ec06b6879e.png,/content/drive/MyDrive/sentinel3/SLSTR/ml_manual_crops_010526/png/crop_00697_ID_120200315090_step_14_ec06b6879e.png,True
Solovieva_PL_crop_00699_ID_120200315090_step_15,699,120200315090,15,2020-03-27,23:00:00,2020-03-27 23:00:00,75.25,15.0,994.76312,22.222,512,512,Solovieva_diploma_PL_training_images/png/Solovieva_PL_crop_00699_ID_120200315090_step_15.png,Solovieva_diploma_PL_training_images/npy/Solovieva_PL_crop_00699_ID_120200315090_step_15.npy,crop_00699_ID_120200315090_step_15_3034918d1e.png,/content/drive/MyDrive/sentinel3/SLSTR/ml_manual_crops_010526/png/crop_00699_ID_120200315090_step_15_3034918d1e.png,True
Solovieva_PL_crop_00716_ID_120200315090_step_17,716,120200315090,17,2020-03-28,01:00:00,2020-03-28 01:00:00,75.0,16.75,994.71686,17.977,512,512,Solovieva_diploma_PL_training_images/png/Solovieva_PL_crop_00716_ID_120200315090_step_17.png,Solovieva_diploma_PL_training_images/npy/Solovieva_PL_crop_00716_ID_120200315090_step_17.npy,crop_00716_ID_120200315090_step_17_3c94d55ff2.png,/content/drive/MyDrive/sentinel3/SLSTR/ml_manual_crops_010526/png/crop_00716_ID_120200315090_step_17_3c94d55ff2.png,True
Solovieva_PL_crop_00708_ID_120200315450_step_9,708,120200315450,9,2020-03-28,06:00:00,2020-03-28 06:00:00,73.5,39.75,993.28625,16.148,512,512,Solovieva_diploma_PL_training_images/png/Solovieva_PL_crop_00708_ID_120200315450_step_9.png,Solovieva_diploma_PL_training_images/npy/Solovieva_PL_crop_00708_ID_120200315450_step_9.npy,crop_00708_ID_120200315450_step_9_4d6aacf433.png,/content/drive/MyDrive/sentinel3/SLSTR/ml_manual_crops_010526/png/crop_00708_ID_120200315450_step_9_4d6aacf433.png,True
Solovieva_PL_crop_00705_ID_120200315550_step_7,705,120200315550,7,2020-03-28,07:00:00,2020-03-28 07:00:00,75.25,21.0,994.56561,27.375,512,512,Solovieva_diploma_PL_training_images/png/Solovieva_PL_crop_00705_ID_120200315550_step_7.png,Solovieva_diploma_PL_training_images/npy/Solovieva_PL_crop_00705_ID_120200315550_step_7.npy,crop_00705_ID_120200315550_step_7_2456ce3056.png,/content/drive/MyDrive/sentinel3/SLSTR/ml_manual_crops_010526/png/crop_00705_ID_120200315550_step_7_2456ce3056.png,True
Solovieva_PL_crop_00709_ID_120200315550_step_10,709,120200315550,10,2020-03-28,10:00:00,2020-03-28 10:00:00,74.5,23.25,995.52246,20.999,512,512,Solovieva_diploma_PL_training_images/png/Solovieva_PL_crop_00709_ID_120200315550_step_10.png,Solovieva_diploma_PL_training_images/npy/Solovieva_PL_crop_00709_ID_120200315550_step_10.npy,crop_00709_ID_120200315550_step_10_eb490ec87b.png,/content/drive/MyDrive/sentinel3/SLSTR/ml_manual_crops_010526/png/crop_00709_ID_120200315550_step_10_eb490ec87b.png,True
Solovieva_PL_crop_00710_ID_120200315550_step_11,710,120200315550,11,2020-03-28,11:00:00,2020-03-28 11:00:00,74.5,24.5,994.81683,19.226,512,512,Solovieva_diploma_PL_training_images/png/Solovieva_PL_crop_00710_ID_120200315550_step_11.png,Solovieva_diploma_PL_training_images/npy/Solovieva_PL_crop_00710_ID_120200315550_step_11.npy,crop_00710_ID_120200315550_step_11_a108d05a49.png,/content/drive/MyDrive/sentinel3/SLSTR/ml_manual_crops_010526/png/crop_00710_ID_120200315550_step_11_a108d05a49.png,True
Solovieva_PL_crop_00711_ID_120200315550_step_12,711,120200315550,12,2020-03-28,12:00:00,2020-03-28 12:00:00,75.0,29.25,991.7431,18.324,512,512,Solovieva_diploma_PL_training_images/png/Solovieva_PL_crop_00711_ID_120200315550_step_12.png,Solovieva_diploma_PL_training_images/npy/Solovieva_PL_crop_00711_ID_120200315550_step_12.npy,crop_00711_ID_120200315550_step_12_a5b84095ba.png,/content/drive/MyDrive/sentinel3/SLSTR/ml_manual_crops_010526/png/crop_00711_ID_120200315550_step_12_a5b84095ba.png,True
Solovieva_PL_crop_00717_ID_120200315550_step_18,717,120200315550,18,2020-03-28,18:00:00,2020-03-28 18:00:00,74.0,30.75,991.57184,24.461,512,512,Solovieva_diploma_PL_training_images/png/Solovieva_PL_crop_00717_ID_120200315550_step_18.png,Solovieva_diploma_PL_training_images/npy/Solovieva_PL_crop_00717_ID_120200315550_step_18.npy,crop_00717_ID_120200315550_step_18_2b22a0d801.png,/content/drive/MyDrive/sentinel3/SLSTR/ml_manual_crops_010526/png/crop_00717_ID_120200315550_step_18_2b22a0d801.png,True
Solovieva_PL_crop_00718_ID_120200315550_step_19,718,120200315550,19,2020-03-28,19:00:00,2020-03-28 19:00:00,74.0,31.5,991.21436,24.519,512,512,Solovieva_diploma_PL_training_images/png/Solovieva_PL_crop_00718_ID_120200315550_step_19.png,Solovieva_diploma_PL_training_images/npy/Solovieva_PL_crop_00718_ID_120200315550_step_19.npy,crop_00718_ID_120200315550_step_19_b4ddeb5cbf.png,/content/drive/MyDrive/sentinel3/SLSTR/ml_manual_crops_010526/png/crop_00718_ID_120200315550_step_19_b4ddeb5cbf.png,True
Solovieva_PL_crop_00706_ID_120200315880_step_7,706,120200315880,7,2020-03-28,22:00:00,2020-03-28 22:00:00,75.75,35.0,992.51434,23.142,512,512,Solovieva_diploma_PL_training_images/png/Solovieva_PL_crop_00706_ID_120200315880_step_7.png,Solovieva_diploma_PL_training_images/npy/Solovieva_PL_crop_00706_ID_120200315880_step_7.npy,crop_00706_ID_120200315880_step_7_49afb50916.png,/content/drive/MyDrive/sentinel3/SLSTR/ml_manual_crops_010526/png/crop_00706_ID_120200315880_step_7_49afb50916.png,True
Solovieva_PL_crop_00721_ID_120200316070_step_7,721,120200316070,7,2020-03-29,08:00:00,2020-03-29 08:00:00,68.25,49.0,987.56372,15.278,512,512,Solovieva_diploma_PL_training_images/png/Solovieva_PL_crop_00721_ID_120200316070_step_7.png,Solovieva_diploma_PL_training_images/npy/Solovieva_PL_crop_00721_ID_120200316070_step_7.npy,crop_00721_ID_120200316070_step_7_7068ed46c2.png,/content/drive/MyDrive/sentinel3/SLSTR/ml_manual_crops_010526/png/crop_00721_ID_120200316070_step_7_7068ed46c2.png,True
Solovieva_PL_crop_00722_ID_120200316240_step_8,722,120200316240,8,2020-03-29,16:00:00,2020-03-29 16:00:00,70.25,47.75,986.26123,18.719,512,512,Solovieva_diploma_PL_training_images/png/Solovieva_PL_crop_00722_ID_120200316240_step_8.png,Solovieva_diploma_PL_training_images/npy/Solovieva_PL_crop_00722_ID_120200316240_step_8.npy,crop_00722_ID_120200316240_step_8_babc259900.png,/content/drive/MyDrive/sentinel3/SLSTR/ml_manual_crops_010526/png/crop_00722_ID_120200316240_step_8_babc259900.png,True
Solovieva_PL_crop_00747_ID_120200316240_step_17,747,120200316240,17,2020-03-30,01:00:00,2020-03-30 01:00:00,69.75,48.0,989.84247,17.474,512,512,Solovieva_diploma_PL_training_images/png/Solovieva_PL_crop_00747_ID_120200316240_step_17.png,Solovieva_diploma_PL_training_images/npy/Solovieva_PL_crop_00747_ID_120200316240_step_17.npy,crop_00747_ID_120200316240_step_17_ac053c9a04.png,/content/drive/MyDrive/sentinel3/SLSTR/ml_manual_crops_010526/png/crop_00747_ID_120200316240_step_17_ac053c9a04.png,True
Solovieva_PL_crop_00748_ID_120200316240_step_18,748,120200316240,18,2020-03-30,02:00:00,2020-03-30 02:00:00,68.75,50.75,990.97937,28.79,512,512,Solovieva_diploma_PL_training_images/png/Solovieva_PL_crop_00748_ID_120200316240_step_18.png,Solovieva_diploma_PL_training_images/npy/Solovieva_PL_crop_00748_ID_120200316240_step_18.npy,crop_00748_ID_120200316240_step_18_1f28cc386e.png,/content/drive/MyDrive/sentinel3/SLSTR/ml_manual_crops_010526/png/crop_00748_ID_120200316240_step_18_1f28cc386e.png,True
Solovieva_PL_crop_00739_ID_120200317000_step_7,739,120200317000,7,2020-03-30,15:00:00,2020-03-30 15:00:00,68.5,39.75,1004.55682,21.862,512,512,Solovieva_diploma_PL_training_images/png/Solovieva_PL_crop_00739_ID_120200317000_step_7.png,Solovieva_diploma_PL_training_images/npy/Solovieva_PL_crop_00739_ID_120200317000_step_7.npy,crop_00739_ID_120200317000_step_7_a34d8023ac.png,/content/drive/MyDrive/sentinel3/SLSTR/ml_manual_crops_010526/png/crop_00739_ID_120200317000_step_7_a34d8023ac.png,True
Solovieva_PL_crop_00742_ID_120200317000_step_8,742,120200317000,8,2020-03-30,16:00:00,2020-03-30 16:00:00,68.25,42.75,1003.36621,18.624,512,512,Solovieva_diploma_PL_training_images/png/Solovieva_PL_crop_00742_ID_120200317000_step_8.png,Solovieva_diploma_PL_training_images/npy/Solovieva_PL_crop_00742_ID_120200317000_step_8.npy,crop_00742_ID_120200317000_step_8_e29d670271.png,/content/drive/MyDrive/sentinel3/SLSTR/ml_manual_crops_010526/png/crop_00742_ID_120200317000_step_8_e29d670271.png,True
Solovieva_PL_crop_00745_ID_120200317000_step_10,745,120200317000,10,2020-03-30,18:00:00,2020-03-30 18:00:00,67.75,43.0,1004.22186,18.187,512,512,Solovieva_diploma_PL_training_images/png/Solovieva_PL_crop_00745_ID_120200317000_step_10.png,Solovieva_diploma_PL_training_images/npy/Solovieva_PL_crop_00745_ID_120200317000_step_10.npy,crop_00745_ID_120200317000_step_10_c14fab9b2c.png,/content/drive/MyDrive/sentinel3/SLSTR/ml_manual_crops_010526/png/crop_00745_ID_120200317000_step_10_c14fab9b2c.png,True
Solovieva_PL_crop_00752_ID_120200400340_step_12,752,120200400340,12,2020-04-01,17:00:00,2020-04-01 17:00:00,65.0,-24.75,1005.24249,20.162,512,512,Solovieva_diploma_PL_training_images/png/Solovieva_PL_crop_00752_ID_120200400340_step_12.png,Solovieva_diploma_PL_training_images/npy/Solovieva_PL_crop_00752_ID_120200400340_step_12.npy,crop_00752_ID_120200400340_step_12_656b0c4197.png,/content/drive/MyDrive/sentinel3/SLSTR/ml_manual_crops_010526/png/crop_00752_ID_120200400340_step_12_656b0c4197.png,True
Solovieva_PL_crop_00755_ID_120200400640_step_8,755,120200400640,8,2020-04-02,03:00:00,2020-04-02 03:00:00,73.0,20.0,986.65808,23.855,512,512,Solovieva_diploma_PL_training_images/png/Solovieva_PL_crop_00755_ID_120200400640_step_8.png,Solovieva_diploma_PL_training_images/npy/Solovieva_PL_crop_00755_ID_120200400640_step_8.npy,crop_00755_ID_120200400640_step_8_87919eb1b2.png,/content/drive/MyDrive/sentinel3/SLSTR/ml_manual_crops_010526/png/crop_00755_ID_120200400640_step_8_87919eb1b2.png,True
Solovieva_PL_crop_00756_ID_120200400640_step_9,756,120200400640,9,2020-04-02,04:00:00,2020-04-02 04:00:00,73.0,20.0,985.65747,24.125,512,512,Solovieva_diploma_PL_training_images/png/Solovieva_PL_crop_00756_ID_120200400640_step_9.png,Solovieva_diploma_PL_training_images/npy/Solovieva_PL_crop_00756_ID_120200400640_step_9.npy,crop_00756_ID_120200400640_step_9_94e81f4534.png,/content/drive/MyDrive/sentinel3/SLSTR/ml_manual_crops_010526/png/crop_00756_ID_120200400640_step_9_94e81f4534.png,True
Solovieva_PL_crop_00762_ID_120200400640_step_17,762,120200400640,17,2020-04-02,12:00:00,2020-04-02 12:00:00,74.0,22.25,982.1756,28.303,512,512,Solovieva_diploma_PL_training_images/png/Solovieva_PL_crop_00762_ID_120200400640_step_17.png,Solovieva_diploma_PL_training_images/npy/Solovieva_PL_crop_00762_ID_120200400640_step_17.npy,crop_00762_ID_120200400640_step_17_13fc15c54a.png,/content/drive/MyDrive/sentinel3/SLSTR/ml_manual_crops_010526/png/crop_00762_ID_120200400640_step_17_13fc15c54a.png,True
Solovieva_PL_crop_00763_ID_120200400640_step_18,763,120200400640,18,2020-04-02,13:00:00,2020-04-02 13:00:00,74.25,23.0,981.80933,28.512,512,512,Solovieva_diploma_PL_training_images/png/Solovieva_PL_crop_00763_ID_120200400640_step_18.png,Solovieva_diploma_PL_training_images/npy/Solovieva_PL_crop_00763_ID_120200400640_step_18.npy,crop_00763_ID_120200400640_step_18_dc0458ed06.png,/content/drive/MyDrive/sentinel3/SLSTR/ml_manual_crops_010526/png/crop_00763_ID_120200400640_step_18_dc0458ed06.png,True
Solovieva_PL_crop_00768_ID_120200402450_step_9,768,120200402450,9,2020-04-04,21:00:00,2020-04-04 21:00:00,73.25,7.75,1001.7406,33.326,512,512,Solovieva_diploma_PL_training_images/png/Solovieva_PL_crop_00768_ID_120200402450_step_9.png,Solovieva_diploma_PL_training_images/npy/Solovieva_PL_crop_00768_ID_120200402450_step_9.npy,crop_00768_ID_120200402450_step_9_2cc56d5da1.png,/content/drive/MyDrive/sentinel3/SLSTR/ml_manual_crops_010526/png/crop_00768_ID_120200402450_step_9_2cc56d5da1.png,True
Solovieva_PL_crop_00770_ID_120200402450_step_11,770,120200402450,11,2020-04-04,23:00:00,2020-04-04 23:00:00,73.0,6.25,1003.87811,30.678,512,512,Solovieva_diploma_PL_training_images/png/Solovieva_PL_crop_00770_ID_120200402450_step_11.png,Solovieva_diploma_PL_training_images/npy/Solovieva_PL_crop_00770_ID_120200402450_step_11.npy,crop_00770_ID_120200402450_step_11_45dc0e32b1.png,/content/drive/MyDrive/sentinel3/SLSTR/ml_manual_crops_010526/png/crop_00770_ID_120200402450_step_11_45dc0e32b1.png,True
Solovieva_PL_crop_00775_ID_120200402450_step_12,775,120200402450,12,2020-04-05,00:00:00,2020-04-05 00:00:00,72.75,7.5,1003.79871,32.045,512,512,Solovieva_diploma_PL_training_images/png/Solovieva_PL_crop_00775_ID_120200402450_step_12.png,Solovieva_diploma_PL_training_images/npy/Solovieva_PL_crop_00775_ID_120200402450_step_12.npy,crop_00775_ID_120200402450_step_12_163d86dedf.png,/content/drive/MyDrive/sentinel3/SLSTR/ml_manual_crops_010526/png/crop_00775_ID_120200402450_step_12_163d86dedf.png,True
Solovieva_PL_crop_00776_ID_120200402450_step_18,776,120200402450,18,2020-04-05,06:00:00,2020-04-05 06:00:00,72.0,8.5,1007.4375,30.930000000000003,512,512,Solovieva_diploma_PL_training_images/png/Solovieva_PL_crop_00776_ID_120200402450_step_18.png,Solovieva_diploma_PL_training_images/npy/Solovieva_PL_crop_00776_ID_120200402450_step_18.npy,crop_00776_ID_120200402450_step_18_c2b80e49db.png,/content/drive/MyDrive/sentinel3/SLSTR/ml_manual_crops_010526/png/crop_00776_ID_120200402450_step_18_c2b80e49db.png,True
Solovieva_PL_crop_00777_ID_120200402450_step_19,777,120200402450,19,2020-04-05,07:00:00,2020-04-05 07:00:00,71.75,8.5,1008.44812,30.691000000000003,512,512,Solovieva_diploma_PL_training_images/png/Solovieva_PL_crop_00777_ID_120200402450_step_19.png,Solovieva_diploma_PL_training_images/npy/Solovieva_PL_crop_00777_ID_120200402450_step_19.npy,crop_00777_ID_120200402450_step_19_3416a7e1c9.png,/content/drive/MyDrive/sentinel3/SLSTR/ml_manual_crops_010526/png/crop_00777_ID_120200402450_step_19_3416a7e1c9.png,True
Solovieva_PL_crop_00778_ID_120200402450_step_20,778,120200402450,20,2020-04-05,08:00:00,2020-04-05 08:00:00,71.75,9.0,1009.33563,29.554,512,512,Solovieva_diploma_PL_training_images/png/Solovieva_PL_crop_00778_ID_120200402450_step_20.png,Solovieva_diploma_PL_training_images/npy/Solovieva_PL_crop_00778_ID_120200402450_step_20.npy,crop_00778_ID_120200402450_step_20_e2685693a0.png,/content/drive/MyDrive/sentinel3/SLSTR/ml_manual_crops_010526/png/crop_00778_ID_120200402450_step_20_e2685693a0.png,True
Solovieva_PL_crop_00779_ID_120200402450_step_21,779,120200402450,21,2020-04-05,09:00:00,2020-04-05 09:00:00,71.5,9.0,1010.39874,28.376,512,512,Solovieva_diploma_PL_training_images/png/Solovieva_PL_crop_00779_ID_120200402450_step_21.png,Solovieva_diploma_PL_training_images/npy/Solovieva_PL_crop_00779_ID_120200402450_step_21.npy,crop_00779_ID_120200402450_step_21_67575782f4.png,/content/drive/MyDrive/sentinel3/SLSTR/ml_manual_crops_010526/png/crop_00779_ID_120200402450_step_21_67575782f4.png,True
Solovieva_PL_crop_00771_ID_120200403100_step_0,771,120200403100,0,2020-04-05,19:00:00,2020-04-05 19:00:00,58.75,-57.25,1001.33685,20.257,512,512,Solovieva_diploma_PL_training_images/png/Solovieva_PL_crop_00771_ID_120200403100_step_0.png,Solovieva_diploma_PL_training_images/npy/Solovieva_PL_crop_00771_ID_120200403100_step_0.npy,crop_00771_ID_120200403100_step_0_0d000685f9.png,/content/drive/MyDrive/sentinel3/SLSTR/ml_manual_crops_010526/png/crop_00771_ID_120200403100_step_0_0d000685f9.png,True
Solovieva_PL_crop_00772_ID_120200403100_step_1,772,120200403100,1,2020-04-05,20:00:00,2020-04-05 20:00:00,58.5,-57.5,1001.41809,20.252,512,512,Solovieva_diploma_PL_training_images/png/Solovieva_PL_crop_00772_ID_120200403100_step_1.png,Solovieva_diploma_PL_training_images/npy/Solovieva_PL_crop_00772_ID_120200403100_step_1.npy,crop_00772_ID_120200403100_step_1_07fd282812.png,/content/drive/MyDrive/sentinel3/SLSTR/ml_manual_crops_010526/png/crop_00772_ID_120200403100_step_1_07fd282812.png,True
Solovieva_PL_crop_00790_ID_120200403480_step_19,790,120200403480,19,2020-04-07,20:00:00,2020-04-07 20:00:00,70.5,14.0,992.42371,39.186,512,512,Solovieva_diploma_PL_training_images/png/Solovieva_PL_crop_00790_ID_120200403480_step_19.png,Solovieva_diploma_PL_training_images/npy/Solovieva_PL_crop_00790_ID_120200403480_step_19.npy,crop_00790_ID_120200403480_step_19_9af6ae7f84.png,/content/drive/MyDrive/sentinel3/SLSTR/ml_manual_crops_010526/png/crop_00790_ID_120200403480_step_19_9af6ae7f84.png,True
Solovieva_PL_crop_00791_ID_120200403480_step_20,791,120200403480,20,2020-04-07,21:00:00,2020-04-07 21:00:00,70.5,15.5,992.72375,38.73,512,512,Solovieva_diploma_PL_training_images/png/Solovieva_PL_crop_00791_ID_120200403480_step_20.png,Solovieva_diploma_PL_training_images/npy/Solovieva_PL_crop_00791_ID_120200403480_step_20.npy,crop_00791_ID_120200403480_step_20_21440e1d28.png,/content/drive/MyDrive/sentinel3/SLSTR/ml_manual_crops_010526/png/crop_00791_ID_120200403480_step_20_21440e1d28.png,True
Solovieva_PL_crop_00792_ID_120200403480_step_21,792,120200403480,21,2020-04-07,22:00:00,2020-04-07 22:00:00,70.75,17.0,991.26874,37.158,512,512,Solovieva_diploma_PL_training_images/png/Solovieva_PL_crop_00792_ID_120200403480_step_21.png,Solovieva_diploma_PL_training_images/npy/Solovieva_PL_crop_00792_ID_120200403480_step_21.npy,crop_00792_ID_120200403480_step_21_070c384702.png,/content/drive/MyDrive/sentinel3/SLSTR/ml_manual_crops_010526/png/crop_00792_ID_120200403480_step_21_070c384702.png,True
Solovieva_PL_crop_00793_ID_120200403480_step_22,793,120200403480,22,2020-04-07,23:00:00,2020-04-07 23:00:00,70.75,18.25,992.38495,42.026,512,512,Solovieva_diploma_PL_training_images/png/Solovieva_PL_crop_00793_ID_120200403480_step_22.png,Solovieva_diploma_PL_training_images/npy/Solovieva_PL_crop_00793_ID_120200403480_step_22.npy,crop_00793_ID_120200403480_step_22_8438e4e662.png,/content/drive/MyDrive/sentinel3/SLSTR/ml_manual_crops_010526/png/crop_00793_ID_120200403480_step_22_8438e4e662.png,True
Solovieva_PL_crop_00807_ID_120200403830_step_32,807,120200403830,32,2020-04-09,03:00:00,2020-04-09 03:00:00,78.75,45.25,975.14563,37.936,512,512,Solovieva_diploma_PL_training_images/png/Solovieva_PL_crop_00807_ID_120200403830_step_32.png,Solovieva_diploma_PL_training_images/npy/Solovieva_PL_crop_00807_ID_120200403830_step_32.npy,crop_00807_ID_120200403830_step_32_0d08983d44.png,/content/drive/MyDrive/sentinel3/SLSTR/ml_manual_crops_010526/png/crop_00807_ID_120200403830_step_32_0d08983d44.png,True
Solovieva_PL_crop_00808_ID_120200403830_step_33,808,120200403830,33,2020-04-09,04:00:00,2020-04-09 04:00:00,78.75,45.0,974.99432,38.875,512,512,Solovieva_diploma_PL_training_images/png/Solovieva_PL_crop_00808_ID_120200403830_step_33.png,Solovieva_diploma_PL_training_images/npy/Solovieva_PL_crop_00808_ID_120200403830_step_33.npy,crop_00808_ID_120200403830_step_33_a039b41c3c.png,/content/drive/MyDrive/sentinel3/SLSTR/ml_manual_crops_010526/png/crop_00808_ID_120200403830_step_33_a039b41c3c.png,True
Solovieva_PL_crop_00809_ID_120200403830_step_34,809,120200403830,34,2020-04-09,05:00:00,2020-04-09 05:00:00,78.5,44.5,974.73749,39.138,512,512,Solovieva_diploma_PL_training_images/png/Solovieva_PL_crop_00809_ID_120200403830_step_34.png,Solovieva_diploma_PL_training_images/npy/Solovieva_PL_crop_00809_ID_120200403830_step_34.npy,crop_00809_ID_120200403830_step_34_4e8c2d051a.png,/content/drive/MyDrive/sentinel3/SLSTR/ml_manual_crops_010526/png/crop_00809_ID_120200403830_step_34_4e8c2d051a.png,True
Solovieva_PL_crop_00812_ID_120200403830_step_41,812,120200403830,41,2020-04-09,12:00:00,2020-04-09 12:00:00,77.75,43.75,976.28058,37.152,512,512,Solovieva_diploma_PL_training_images/png/Solovieva_PL_crop_00812_ID_120200403830_step_41.png,Solovieva_diploma_PL_training_images/npy/Solovieva_PL_crop_00812_ID_120200403830_step_41.npy,crop_00812_ID_120200403830_step_41_95e4309795.png,/content/drive/MyDrive/sentinel3/SLSTR/ml_manual_crops_010526/png/crop_00812_ID_120200403830_step_41_95e4309795.png,True
Solovieva_PL_crop_00813_ID_120200403830_step_42,813,120200403830,42,2020-04-09,13:00:00,2020-04-09 13:00:00,77.75,43.75,976.60187,36.657,512,512,Solovieva_diploma_PL_training_images/png/Solovieva_PL_crop_00813_ID_120200403830_step_42.png,Solovieva_diploma_PL_training_images/npy/Solovieva_PL_crop_00813_ID_120200403830_step_42.npy,crop_00813_ID_120200403830_step_42_7cd00389fe.png,/content/drive/MyDrive/sentinel3/SLSTR/ml_manual_crops_010526/png/crop_00813_ID_120200403830_step_42_7cd00389fe.png,True
Solovieva_PL_crop_00820_ID_120200409050_step_14,820,120200409050,14,2020-04-19,15:00:00,2020-04-19 15:00:00,72.0,-64.25,989.83936,33.550000000000004,512,512,Solovieva_diploma_PL_training_images/png/Solovieva_PL_crop_00820_ID_120200409050_step_14.png,Solovieva_diploma_PL_training_images/npy/Solovieva_PL_crop_00820_ID_120200409050_step_14.npy,crop_00820_ID_120200409050_step_14_ebfa18f3a4.png,/content/drive/MyDrive/sentinel3/SLSTR/ml_manual_crops_010526/png/crop_00820_ID_120200409050_step_14_ebfa18f3a4.png,True
Solovieva_PL_crop_00821_ID_120200409050_step_15,821,120200409050,15,2020-04-19,16:00:00,2020-04-19 16:00:00,72.5,-64.75,990.13312,32.49,512,512,Solovieva_diploma_PL_training_images/png/Solovieva_PL_crop_00821_ID_120200409050_step_15.png,Solovieva_diploma_PL_training_images/npy/Solovieva_PL_crop_00821_ID_120200409050_step_15.npy,crop_00821_ID_120200409050_step_15_240a541464.png,/content/drive/MyDrive/sentinel3/SLSTR/ml_manual_crops_010526/png/crop_00821_ID_120200409050_step_15_240a541464.png,True
Solovieva_PL_crop_00822_ID_120200409050_step_16,822,120200409050,16,2020-04-19,17:00:00,2020-04-19 17:00:00,72.75,-65.5,990.26495,31.891,512,512,Solovieva_diploma_PL_training_images/png/Solovieva_PL_crop_00822_ID_120200409050_step_16.png,Solovieva_diploma_PL_training_images/npy/Solovieva_PL_crop_00822_ID_120200409050_step_16.npy,crop_00822_ID_120200409050_step_16_ce5fdc07ef.png,/content/drive/MyDrive/sentinel3/SLSTR/ml_manual_crops_010526/png/crop_00822_ID_120200409050_step_16_ce5fdc07ef.png,True
Solovieva_PL_crop_00823_ID_120200409050_step_17,823,120200409050,17,2020-04-19,18:00:00,2020-04-19 18:00:00,73.25,-66.0,991.70435,31.93,512,512,Solovieva_diploma_PL_training_images/png/Solovieva_PL_crop_00823_ID_120200409050_step_17.png,Solovieva_diploma_PL_training_images/npy/Solovieva_PL_crop_00823_ID_120200409050_step_17.npy,crop_00823_ID_120200409050_step_17_491c395c49.png,/content/drive/MyDrive/sentinel3/SLSTR/ml_manual_crops_010526/png/crop_00823_ID_120200409050_step_17_491c395c49.png,True
Solovieva_PL_crop_00835_ID_120200503360_step_11,835,120200503360,11,2020-05-08,01:00:00,2020-05-08 01:00:00,75.75,7.75,997.39185,20.262,512,512,Solovieva_diploma_PL_training_images/png/Solovieva_PL_crop_00835_ID_120200503360_step_11.png,Solovieva_diploma_PL_training_images/npy/Solovieva_PL_crop_00835_ID_120200503360_step_11.npy,crop_00835_ID_120200503360_step_11_644dd6234c.png,/content/drive/MyDrive/sentinel3/SLSTR/ml_manual_crops_010526/png/crop_00835_ID_120200503360_step_11_644dd6234c.png,True
Solovieva_PL_crop_00836_ID_120200503360_step_12,836,120200503360,12,2020-05-08,02:00:00,2020-05-08 02:00:00,75.5,8.0,997.125,20.057,512,512,Solovieva_diploma_PL_training_images/png/Solovieva_PL_crop_00836_ID_120200503360_step_12.png,Solovieva_diploma_PL_training_images/npy/Solovieva_PL_crop_00836_ID_120200503360_step_12.npy,crop_00836_ID_120200503360_step_12_88b55f6c45.png,/content/drive/MyDrive/sentinel3/SLSTR/ml_manual_crops_010526/png/crop_00836_ID_120200503360_step_12_88b55f6c45.png,True
Solovieva_PL_crop_00840_ID_120200503360_step_18,840,120200503360,18,2020-05-08,08:00:00,2020-05-08 08:00:00,74.75,10.75,996.23438,18.425,512,512,Solovieva_diploma_PL_training_images/png/Solovieva_PL_crop_00840_ID_120200503360_step_18.png,Solovieva_diploma_PL_training_images/npy/Solovieva_PL_crop_00840_ID_120200503360_step_18.npy,crop_00840_ID_120200503360_step_18_9eb01c365d.png,/content/drive/MyDrive/sentinel3/SLSTR/ml_manual_crops_010526/png/crop_00840_ID_120200503360_step_18_9eb01c365d.png,True
Solovieva_PL_crop_00841_ID_120200503360_step_19,841,120200503360,19,2020-05-08,09:00:00,2020-05-08 09:00:00,74.75,11.25,996.16559,17.554,512,512,Solovieva_diploma_PL_training_images/png/Solovieva_PL_crop_00841_ID_120200503360_step_19.png,Solovieva_diploma_PL_training_images/npy/Solovieva_PL_crop_00841_ID_120200503360_step_19.npy,crop_00841_ID_120200503360_step_19_01c870dc86.png,/content/drive/MyDrive/sentinel3/SLSTR/ml_manual_crops_010526/png/crop_00841_ID_120200503360_step_19_01c870dc86.png,True
Solovieva_PL_crop_00846_ID_120200503930_step_9,846,120200503930,9,2020-05-09,13:00:00,2020-05-09 13:00:00,72.0,15.0,998.95062,24.19800000000001,512,512,Solovieva_diploma_PL_training_images/png/Solovieva_PL_crop_00846_ID_120200503930_step_9.png,Solovieva_diploma_PL_training_images/npy/Solovieva_PL_crop_00846_ID_120200503930_step_9.npy,crop_00846_ID_120200503930_step_9_f11f850396.png,/content/drive/MyDrive/sentinel3/SLSTR/ml_manual_crops_010526/png/crop_00846_ID_120200503930_step_9_f11f850396.png,True
Solovieva_PL_crop_00848_ID_120200503930_step_11,848,120200503930,11,2020-05-09,15:00:00,2020-05-09 15:00:00,72.0,15.75,998.79559,22.22,512,512,Solovieva_diploma_PL_training_images/png/Solovieva_PL_crop_00848_ID_120200503930_step_11.png,Solovieva_diploma_PL_training_images/npy/Solovieva_PL_crop_00848_ID_120200503930_step_11.npy,crop_00848_ID_120200503930_step_11_1ead672bc7.png,/content/drive/MyDrive/sentinel3/SLSTR/ml_manual_crops_010526/png/crop_00848_ID_120200503930_step_11_1ead672bc7.png,True
Solovieva_PL_crop_00852_ID_120200503930_step_19,852,120200503930,19,2020-05-09,23:00:00,2020-05-09 23:00:00,72.25,18.0,998.40936,24.577,512,512,Solovieva_diploma_PL_training_images/png/Solovieva_PL_crop_00852_ID_120200503930_step_19.png,Solovieva_diploma_PL_training_images/npy/Solovieva_PL_crop_00852_ID_120200503930_step_19.npy,crop_00852_ID_120200503930_step_19_e845553eb0.png,/content/drive/MyDrive/sentinel3/SLSTR/ml_manual_crops_010526/png/crop_00852_ID_120200503930_step_19_e845553eb0.png,True
Solovieva_PL_crop_00857_ID_120200503930_step_20,857,120200503930,20,2020-05-10,00:00:00,2020-05-10 00:00:00,72.5,17.75,998.58374,23.091,512,512,Solovieva_diploma_PL_training_images/png/Solovieva_PL_crop_00857_ID_120200503930_step_20.png,Solovieva_diploma_PL_training_images/npy/Solovieva_PL_crop_00857_ID_120200503930_step_20.npy,crop_00857_ID_120200503930_step_20_09d88a38a9.png,/content/drive/MyDrive/sentinel3/SLSTR/ml_manual_crops_010526/png/crop_00857_ID_120200503930_step_20_09d88a38a9.png,True
Solovieva_PL_crop_00858_ID_120200503930_step_21,858,120200503930,21,2020-05-10,01:00:00,2020-05-10 01:00:00,72.5,17.5,998.46375,22.908,512,512,Solovieva_diploma_PL_training_images/png/Solovieva_PL_crop_00858_ID_120200503930_step_21.png,Solovieva_diploma_PL_training_images/npy/Solovieva_PL_crop_00858_ID_120200503930_step_21.npy,crop_00858_ID_120200503930_step_21_4bcedb36d7.png,/content/drive/MyDrive/sentinel3/SLSTR/ml_manual_crops_010526/png/crop_00858_ID_120200503930_step_21_4bcedb36d7.png,True
Solovieva_PL_crop_00853_ID_120200504400_step_9,853,120200504400,9,2020-05-10,15:00:00,2020-05-10 15:00:00,72.5,20.0,999.74432,22.472,512,512,Solovieva_diploma_PL_training_images/png/Solovieva_PL_crop_00853_ID_120200504400_step_9.png,Solovieva_diploma_PL_training_images/npy/Solovieva_PL_crop_00853_ID_120200504400_step_9.npy,crop_00853_ID_120200504400_step_9_8a4eb5da84.png,/content/drive/MyDrive/sentinel3/SLSTR/ml_manual_crops_010526/png/crop_00853_ID_120200504400_step_9_8a4eb5da84.png,True
Solovieva_PL_crop_00854_ID_120200504400_step_10,854,120200504400,10,2020-05-10,16:00:00,2020-05-10 16:00:00,72.5,20.0,999.69,22.614,512,512,Solovieva_diploma_PL_training_images/png/Solovieva_PL_crop_00854_ID_120200504400_step_10.png,Solovieva_diploma_PL_training_images/npy/Solovieva_PL_crop_00854_ID_120200504400_step_10.npy,crop_00854_ID_120200504400_step_10_7e659689e2.png,/content/drive/MyDrive/sentinel3/SLSTR/ml_manual_crops_010526/png/crop_00854_ID_120200504400_step_10_7e659689e2.png,True
Solovieva_PL_crop_00855_ID_120200504400_step_11,855,120200504400,11,2020-05-10,17:00:00,2020-05-10 17:00:00,72.75,19.75,999.85559,22.895,512,512,Solovieva_diploma_PL_training_images/png/Solovieva_PL_crop_00855_ID_120200504400_step_11.png,Solovieva_diploma_PL_training_images/npy/Solovieva_PL_crop_00855_ID_120200504400_step_11.npy,crop_00855_ID_120200504400_step_11_b0a4c72802.png,/content/drive/MyDrive/sentinel3/SLSTR/ml_manual_crops_010526/png/crop_00855_ID_120200504400_step_11_b0a4c72802.png,True
Solovieva_PL_crop_00861_ID_120200504400_step_20,861,120200504400,20,2020-05-11,02:00:00,2020-05-11 02:00:00,71.75,17.75,998.07312,23.214,512,512,Solovieva_diploma_PL_training_images/png/Solovieva_PL_crop_00861_ID_120200504400_step_20.png,Solovieva_diploma_PL_training_images/npy/Solovieva_PL_crop_00861_ID_120200504400_step_20.npy,crop_00861_ID_120200504400_step_20_ef1f853aa6.png,/content/drive/MyDrive/sentinel3/SLSTR/ml_manual_crops_010526/png/crop_00861_ID_120200504400_step_20_ef1f853aa6.png,True
Solovieva_PL_crop_00862_ID_120200504400_step_21,862,120200504400,21,2020-05-11,03:00:00,2020-05-11 03:00:00,71.75,17.5,997.87433,24.682,512,512,Solovieva_diploma_PL_training_images/png/Solovieva_PL_crop_00862_ID_120200504400_step_21.png,Solovieva_diploma_PL_training_images/npy/Solovieva_PL_crop_00862_ID_120200504400_step_21.npy,crop_00862_ID_120200504400_step_21_7356a47202.png,/content/drive/MyDrive/sentinel3/SLSTR/ml_manual_crops_010526/png/crop_00862_ID_120200504400_step_21_7356a47202.png,True
Solovieva_PL_crop_00867_ID_120200907400_step_13,867,120200907400,13,2020-09-21,10:00:00,2020-09-21 10:00:00,65.0,-30.75,989.90686,22.344,512,512,Solovieva_diploma_PL_training_images/png/Solovieva_PL_crop_00867_ID_120200907400_step_13.png,Solovieva_diploma_PL_training_images/npy/Solovieva_PL_crop_00867_ID_120200907400_step_13.npy,crop_00867_ID_120200907400_step_13_659c295924.png,/content/drive/MyDrive/sentinel3/SLSTR/ml_manual_crops_010526/png/crop_00867_ID_120200907400_step_13_659c295924.png,True
Solovieva_PL_crop_00869_ID_120200907400_step_22,869,120200907400,22,2020-09-21,19:00:00,2020-09-21 19:00:00,65.5,-25.0,990.40808,26.589,512,512,Solovieva_diploma_PL_training_images/png/Solovieva_PL_crop_00869_ID_120200907400_step_22.png,Solovieva_diploma_PL_training_images/npy/Solovieva_PL_crop_00869_ID_120200907400_step_22.npy,crop_00869_ID_120200907400_step_22_884d942705.png,/content/drive/MyDrive/sentinel3/SLSTR/ml_manual_crops_010526/png/crop_00869_ID_120200907400_step_22_884d942705.png,True
Solovieva_PL_crop_00870_ID_120200907400_step_23,870,120200907400,23,2020-09-21,20:00:00,2020-09-21 20:00:00,65.5,-25.0,991.02557,25.065,512,512,Solovieva_diploma_PL_training_images/png/Solovieva_PL_crop_00870_ID_120200907400_step_23.png,Solovieva_diploma_PL_training_images/npy/Solovieva_PL_crop_00870_ID_120200907400_step_23.npy,crop_00870_ID_120200907400_step_23_98564accf4.png,/content/drive/MyDrive/sentinel3/SLSTR/ml_manual_crops_010526/png/crop_00870_ID_120200907400_step_23_98564accf4.png,True
Solovieva_PL_crop_00875_ID_120200908770_step_20,875,120200908770,20,2020-09-24,23:00:00,2020-09-24 23:00:00,65.0,-9.25,1004.34247,24.145,512,512,Solovieva_diploma_PL_training_images/png/Solovieva_PL_crop_00875_ID_120200908770_step_20.png,Solovieva_diploma_PL_training_images/npy/Solovieva_PL_crop_00875_ID_120200908770_step_20.npy,crop_00875_ID_120200908770_step_20_e657fee71d.png,/content/drive/MyDrive/sentinel3/SLSTR/ml_manual_crops_010526/png/crop_00875_ID_120200908770_step_20_e657fee71d.png,True
Solovieva_PL_crop_00877_ID_120200908770_step_22,877,120200908770,22,2020-09-25,01:00:00,2020-09-25 01:00:00,64.0,-9.25,1004.79688,20.007,512,512,Solovieva_diploma_PL_training_images/png/Solovieva_PL_crop_00877_ID_120200908770_step_22.png,Solovieva_diploma_PL_training_images/npy/Solovieva_PL_crop_00877_ID_120200908770_step_22.npy,crop_00877_ID_120200908770_step_22_462d3b0541.png,/content/drive/MyDrive/sentinel3/SLSTR/ml_manual_crops_010526/png/crop_00877_ID_120200908770_step_22_462d3b0541.png,True
Solovieva_PL_crop_00884_ID_120201003350_step_4,884,120201003350,4,2020-10-08,00:00:00,2020-10-08 00:00:00,62.5,-86.0,987.07123,19.949,512,512,Solovieva_diploma_PL_training_images/png/Solovieva_PL_crop_00884_ID_120201003350_step_4.png,Solovieva_diploma_PL_training_images/npy/Solovieva_PL_crop_00884_ID_120201003350_step_4.npy,crop_00884_ID_120201003350_step_4_0ffca2fa75.png,/content/drive/MyDrive/sentinel3/SLSTR/ml_manual_crops_010526/png/crop_00884_ID_120201003350_step_4_0ffca2fa75.png,True
Solovieva_PL_crop_00887_ID_120201003350_step_18,887,120201003350,18,2020-10-08,14:00:00,2020-10-08 14:00:00,61.75,-83.5,992.06433,19.262,512,512,Solovieva_diploma_PL_training_images/png/Solovieva_PL_crop_00887_ID_120201003350_step_18.png,Solovieva_diploma_PL_training_images/npy/Solovieva_PL_crop_00887_ID_120201003350_step_18.npy,crop_00887_ID_120201003350_step_18_5bed49f6a5.png,/content/drive/MyDrive/sentinel3/SLSTR/ml_manual_crops_010526/png/crop_00887_ID_120201003350_step_18_5bed49f6a5.png,True
Solovieva_PL_crop_00888_ID_120201003350_step_26,888,120201003350,26,2020-10-08,22:00:00,2020-10-08 22:00:00,60.5,-82.75,996.29248,16.899,512,512,Solovieva_diploma_PL_training_images/png/Solovieva_PL_crop_00888_ID_120201003350_step_26.png,Solovieva_diploma_PL_training_images/npy/Solovieva_PL_crop_00888_ID_120201003350_step_26.npy,crop_00888_ID_120201003350_step_26_55ba6dbfd1.png,/content/drive/MyDrive/sentinel3/SLSTR/ml_manual_crops_010526/png/crop_00888_ID_120201003350_step_26_55ba6dbfd1.png,True
Solovieva_PL_crop_00889_ID_120201003350_step_27,889,120201003350,27,2020-10-08,23:00:00,2020-10-08 23:00:00,60.25,-82.5,997.08313,16.463,512,512,Solovieva_diploma_PL_training_images/png/Solovieva_PL_crop_00889_ID_120201003350_step_27.png,Solovieva_diploma_PL_training_images/npy/Solovieva_PL_crop_00889_ID_120201003350_step_27.npy,crop_00889_ID_120201003350_step_27_97ca271f39.png,/content/drive/MyDrive/sentinel3/SLSTR/ml_manual_crops_010526/png/crop_00889_ID_120201003350_step_27_97ca271f39.png,True
Solovieva_PL_crop_00903_ID_120201007090_step_10,903,120201007090,10,2020-10-17,17:00:00,2020-10-17 17:00:00,66.75,11.75,1002.47308,27.184,512,512,Solovieva_diploma_PL_training_images/png/Solovieva_PL_crop_00903_ID_120201007090_step_10.png,Solovieva_diploma_PL_training_images/npy/Solovieva_PL_crop_00903_ID_120201007090_step_10.npy,crop_00903_ID_120201007090_step_10_287f316174.png,/content/drive/MyDrive/sentinel3/SLSTR/ml_manual_crops_010526/png/crop_00903_ID_120201007090_step_10_287f316174.png,True
Solovieva_PL_crop_00904_ID_120201007090_step_11,904,120201007090,11,2020-10-17,18:00:00,2020-10-17 18:00:00,66.0,11.25,1003.25995,25.413000000000004,512,512,Solovieva_diploma_PL_training_images/png/Solovieva_PL_crop_00904_ID_120201007090_step_11.png,Solovieva_diploma_PL_training_images/npy/Solovieva_PL_crop_00904_ID_120201007090_step_11.npy,crop_00904_ID_120201007090_step_11_663005c978.png,/content/drive/MyDrive/sentinel3/SLSTR/ml_manual_crops_010526/png/crop_00904_ID_120201007090_step_11_663005c978.png,True
Solovieva_PL_crop_00915_ID_120201009110_step_12,915,120201009110,12,2020-10-22,05:00:00,2020-10-22 05:00:00,57.25,-33.75,989.32562,17.423,512,512,Solovieva_diploma_PL_training_images/png/Solovieva_PL_crop_00915_ID_120201009110_step_12.png,Solovieva_diploma_PL_training_images/npy/Solovieva_PL_crop_00915_ID_120201009110_step_12.npy,crop_00915_ID_120201009110_step_12_09a0496b7b.png,/content/drive/MyDrive/sentinel3/SLSTR/ml_manual_crops_010526/png/crop_00915_ID_120201009110_step_12_09a0496b7b.png,True
Solovieva_PL_crop_00916_ID_120201009110_step_13,916,120201009110,13,2020-10-22,06:00:00,2020-10-22 06:00:00,56.75,-32.75,990.32684,18.046,512,512,Solovieva_diploma_PL_training_images/png/Solovieva_PL_crop_00916_ID_120201009110_step_13.png,Solovieva_diploma_PL_training_images/npy/Solovieva_PL_crop_00916_ID_120201009110_step_13.npy,crop_00916_ID_120201009110_step_13_356b69f246.png,/content/drive/MyDrive/sentinel3/SLSTR/ml_manual_crops_010526/png/crop_00916_ID_120201009110_step_13_356b69f246.png,True
Solovieva_PL_crop_00918_ID_120201009110_step_22,918,120201009110,22,2020-10-22,15:00:00,2020-10-22 15:00:00,55.5,-21.75,989.00562,16.598,512,512,Solovieva_diploma_PL_training_images/png/Solovieva_PL_crop_00918_ID_120201009110_step_22.png,Solovieva_diploma_PL_training_images/npy/Solovieva_PL_crop_00918_ID_120201009110_step_22.npy,crop_00918_ID_120201009110_step_22_6f978d3601.png,/content/drive/MyDrive/sentinel3/SLSTR/ml_manual_crops_010526/png/crop_00918_ID_120201009110_step_22_6f978d3601.png,True
Solovieva_PL_crop_00948_ID_120201012650_step_13,948,120201012650,13,2020-10-30,20:00:00,2020-10-30 20:00:00,52.0,-48.0,987.90497,19.627,512,512,Solovieva_diploma_PL_training_images/png/Solovieva_PL_crop_00948_ID_120201012650_step_13.png,Solovieva_diploma_PL_training_images/npy/Solovieva_PL_crop_00948_ID_120201012650_step_13.npy,crop_00948_ID_120201012650_step_13_4c95e1d297.png,/content/drive/MyDrive/sentinel3/SLSTR/ml_manual_crops_010526/png/crop_00948_ID_120201012650_step_13_4c95e1d297.png,True
Solovieva_PL_crop_00949_ID_120201012650_step_14,949,120201012650,14,2020-10-30,21:00:00,2020-10-30 21:00:00,51.75,-47.0,987.79938,18.458,512,512,Solovieva_diploma_PL_training_images/png/Solovieva_PL_crop_00949_ID_120201012650_step_14.png,Solovieva_diploma_PL_training_images/npy/Solovieva_PL_crop_00949_ID_120201012650_step_14.npy,crop_00949_ID_120201012650_step_14_31b5b74728.png,/content/drive/MyDrive/sentinel3/SLSTR/ml_manual_crops_010526/png/crop_00949_ID_120201012650_step_14_31b5b74728.png,True
Solovieva_PL_crop_00964_ID_120201100890_step_12,964,120201100890,12,2020-11-02,14:00:00,2020-11-02 14:00:00,54.5,-18.25,999.71747,18.727,512,512,Solovieva_diploma_PL_training_images/png/Solovieva_PL_crop_00964_ID_120201100890_step_12.png,Solovieva_diploma_PL_training_images/npy/Solovieva_PL_crop_00964_ID_120201100890_step_12.npy,crop_00964_ID_120201100890_step_12_450b110744.png,/content/drive/MyDrive/sentinel3/SLSTR/ml_manual_crops_010526/png/crop_00964_ID_120201100890_step_12_450b110744.png,True
Solovieva_PL_crop_00965_ID_120201100890_step_13,965,120201100890,13,2020-11-02,15:00:00,2020-11-02 15:00:00,54.25,-17.5,1000.96063,19.905,512,512,Solovieva_diploma_PL_training_images/png/Solovieva_PL_crop_00965_ID_120201100890_step_13.png,Solovieva_diploma_PL_training_images/npy/Solovieva_PL_crop_00965_ID_120201100890_step_13.npy,crop_00965_ID_120201100890_step_13_3c792f03aa.png,/content/drive/MyDrive/sentinel3/SLSTR/ml_manual_crops_010526/png/crop_00965_ID_120201100890_step_13_3c792f03aa.png,True
Solovieva_PL_crop_00996_ID_120201103590_step_10,996,120201103590,10,2020-11-07,01:00:00,2020-11-07 01:00:00,71.75,31.5,985.27496,25.561,512,512,Solovieva_diploma_PL_training_images/png/Solovieva_PL_crop_00996_ID_120201103590_step_10.png,Solovieva_diploma_PL_training_images/npy/Solovieva_PL_crop_00996_ID_120201103590_step_10.npy,crop_00996_ID_120201103590_step_10_86128f785d.png,/content/drive/MyDrive/sentinel3/SLSTR/ml_manual_crops_010526/png/crop_00996_ID_120201103590_step_10_86128f785d.png,True
Solovieva_PL_crop_00998_ID_120201103590_step_11,998,120201103590,11,2020-11-07,02:00:00,2020-11-07 02:00:00,71.5,33.0,986.26813,24.902,512,512,Solovieva_diploma_PL_training_images/png/Solovieva_PL_crop_00998_ID_120201103590_step_11.png,Solovieva_diploma_PL_training_images/npy/Solovieva_PL_crop_00998_ID_120201103590_step_11.npy,crop_00998_ID_120201103590_step_11_aee7d29326.png,/content/drive/MyDrive/sentinel3/SLSTR/ml_manual_crops_010526/png/crop_00998_ID_120201103590_step_11_aee7d29326.png,True
Solovieva_PL_crop_01001_ID_120201103590_step_16,1001,120201103590,16,2020-11-07,07:00:00,2020-11-07 07:00:00,71.75,37.0,985.41937,25.298000000000005,512,512,Solovieva_diploma_PL_training_images/png/Solovieva_PL_crop_01001_ID_120201103590_step_16.png,Solovieva_diploma_PL_training_images/npy/Solovieva_PL_crop_01001_ID_120201103590_step_16.npy,crop_01001_ID_120201103590_step_16_dffb56df24.png,/content/drive/MyDrive/sentinel3/SLSTR/ml_manual_crops_010526/png/crop_01001_ID_120201103590_step_16_dffb56df24.png,True
Solovieva_PL_crop_01003_ID_120201103590_step_18,1003,120201103590,18,2020-11-07,09:00:00,2020-11-07 09:00:00,72.0,37.75,984.48688,26.556,512,512,Solovieva_diploma_PL_training_images/png/Solovieva_PL_crop_01003_ID_120201103590_step_18.png,Solovieva_diploma_PL_training_images/npy/Solovieva_PL_crop_01003_ID_120201103590_step_18.npy,crop_01003_ID_120201103590_step_18_e87ce51c58.png,/content/drive/MyDrive/sentinel3/SLSTR/ml_manual_crops_010526/png/crop_01003_ID_120201103590_step_18_e87ce51c58.png,True
Solovieva_PL_crop_01004_ID_120201103590_step_19,1004,120201103590,19,2020-11-07,10:00:00,2020-11-07 10:00:00,72.0,38.5,983.02875,29.898000000000003,512,512,Solovieva_diploma_PL_training_images/png/Solovieva_PL_crop_01004_ID_120201103590_step_19.png,Solovieva_diploma_PL_training_images/npy/Solovieva_PL_crop_01004_ID_120201103590_step_19.npy,crop_01004_ID_120201103590_step_19_88072cacb0.png,/content/drive/MyDrive/sentinel3/SLSTR/ml_manual_crops_010526/png/crop_01004_ID_120201103590_step_19_88072cacb0.png,True
Solovieva_PL_crop_01008_ID_120201103590_step_32,1008,120201103590,32,2020-11-07,23:00:00,2020-11-07 23:00:00,72.25,36.25,982.68121,27.426,512,512,Solovieva_diploma_PL_training_images/png/Solovieva_PL_crop_01008_ID_120201103590_step_32.png,Solovieva_diploma_PL_training_images/npy/Solovieva_PL_crop_01008_ID_120201103590_step_32.npy,crop_01008_ID_120201103590_step_32_6fdc810ff3.png,/content/drive/MyDrive/sentinel3/SLSTR/ml_manual_crops_010526/png/crop_01008_ID_120201103590_step_32_6fdc810ff3.png,True
Solovieva_PL_crop_00994_ID_120201103820_step_8,994,120201103820,8,2020-11-07,15:00:00,2020-11-07 15:00:00,73.0,17.75,987.54248,19.065,512,512,Solovieva_diploma_PL_training_images/png/Solovieva_PL_crop_00994_ID_120201103820_step_8.png,Solovieva_diploma_PL_training_images/npy/Solovieva_PL_crop_00994_ID_120201103820_step_8.npy,crop_00994_ID_120201103820_step_8_6994afd874.png,/content/drive/MyDrive/sentinel3/SLSTR/ml_manual_crops_010526/png/crop_00994_ID_120201103820_step_8_6994afd874.png,True
Solovieva_PL_crop_01018_ID_120201105170_step_0,1018,120201105170,0,2020-11-11,03:00:00,2020-11-11 03:00:00,62.5,-38.5,975.01746,26.525,512,512,Solovieva_diploma_PL_training_images/png/Solovieva_PL_crop_01018_ID_120201105170_step_0.png,Solovieva_diploma_PL_training_images/npy/Solovieva_PL_crop_01018_ID_120201105170_step_0.npy,crop_01018_ID_120201105170_step_0_b3525f2c56.png,/content/drive/MyDrive/sentinel3/SLSTR/ml_manual_crops_010526/png/crop_01018_ID_120201105170_step_0_b3525f2c56.png,True
Solovieva_PL_crop_01023_ID_120201105170_step_14,1023,120201105170,14,2020-11-11,17:00:00,2020-11-11 17:00:00,60.5,-41.0,979.83185,28.172,512,512,Solovieva_diploma_PL_training_images/png/Solovieva_PL_crop_01023_ID_120201105170_step_14.png,Solovieva_diploma_PL_training_images/npy/Solovieva_PL_crop_01023_ID_120201105170_step_14.npy,crop_01023_ID_120201105170_step_14_eed0d3b599.png,/content/drive/MyDrive/sentinel3/SLSTR/ml_manual_crops_010526/png/crop_01023_ID_120201105170_step_14_eed0d3b599.png,True
Solovieva_PL_crop_01029_ID_120201106070_step_15,1029,120201106070,15,2020-11-13,08:00:00,2020-11-13 08:00:00,73.0,-71.25,978.29498,34.410999999999994,512,512,Solovieva_diploma_PL_training_images/png/Solovieva_PL_crop_01029_ID_120201106070_step_15.png,Solovieva_diploma_PL_training_images/npy/Solovieva_PL_crop_01029_ID_120201106070_step_15.npy,crop_01029_ID_120201106070_step_15_0d6bbd1c00.png,/content/drive/MyDrive/sentinel3/SLSTR/ml_manual_crops_010526/png/crop_01029_ID_120201106070_step_15_0d6bbd1c00.png,True
Solovieva_PL_crop_01034_ID_120201106070_step_23,1034,120201106070,23,2020-11-13,16:00:00,2020-11-13 16:00:00,72.75,-65.75,984.54559,26.547,512,512,Solovieva_diploma_PL_training_images/png/Solovieva_PL_crop_01034_ID_120201106070_step_23.png,Solovieva_diploma_PL_training_images/npy/Solovieva_PL_crop_01034_ID_120201106070_step_23.npy,crop_01034_ID_120201106070_step_23_d66e30b544.png,/content/drive/MyDrive/sentinel3/SLSTR/ml_manual_crops_010526/png/crop_01034_ID_120201106070_step_23_d66e30b544.png,True
Solovieva_PL_crop_01044_ID_120201109240_step_11,1044,120201109240,11,2020-11-18,17:00:00,2020-11-18 17:00:00,70.25,2.25,989.96063,28.052,512,512,Solovieva_diploma_PL_training_images/png/Solovieva_PL_crop_01044_ID_120201109240_step_11.png,Solovieva_diploma_PL_training_images/npy/Solovieva_PL_crop_01044_ID_120201109240_step_11.npy,crop_01044_ID_120201109240_step_11_8848fff995.png,/content/drive/MyDrive/sentinel3/SLSTR/ml_manual_crops_010526/png/crop_01044_ID_120201109240_step_11_8848fff995.png,True
Solovieva_PL_crop_01046_ID_120201109240_step_13,1046,120201109240,13,2020-11-18,19:00:00,2020-11-18 19:00:00,69.5,3.0,988.67938,30.669,512,512,Solovieva_diploma_PL_training_images/png/Solovieva_PL_crop_01046_ID_120201109240_step_13.png,Solovieva_diploma_PL_training_images/npy/Solovieva_PL_crop_01046_ID_120201109240_step_13.npy,crop_01046_ID_120201109240_step_13_740398186c.png,/content/drive/MyDrive/sentinel3/SLSTR/ml_manual_crops_010526/png/crop_01046_ID_120201109240_step_13_740398186c.png,True
Solovieva_PL_crop_01057_ID_120201111520_step_13,1057,120201111520,13,2020-11-23,11:00:00,2020-11-23 11:00:00,72.0,-12.0,999.92621,20.709,512,512,Solovieva_diploma_PL_training_images/png/Solovieva_PL_crop_01057_ID_120201111520_step_13.png,Solovieva_diploma_PL_training_images/npy/Solovieva_PL_crop_01057_ID_120201111520_step_13.npy,crop_01057_ID_120201111520_step_13_df9d0b3003.png,/content/drive/MyDrive/sentinel3/SLSTR/ml_manual_crops_010526/png/crop_01057_ID_120201111520_step_13_df9d0b3003.png,True
Solovieva_PL_crop_01053_ID_120201111820_step_1,1053,120201111820,1,2020-11-23,19:00:00,2020-11-23 19:00:00,58.5,-31.5,992.74371,21.722,512,512,Solovieva_diploma_PL_training_images/png/Solovieva_PL_crop_01053_ID_120201111820_step_1.png,Solovieva_diploma_PL_training_images/npy/Solovieva_PL_crop_01053_ID_120201111820_step_1.npy,crop_01053_ID_120201111820_step_1_7bd5c615a2.png,/content/drive/MyDrive/sentinel3/SLSTR/ml_manual_crops_010526/png/crop_01053_ID_120201111820_step_1_7bd5c615a2.png,True
Solovieva_PL_crop_01066_ID_120201111820_step_12,1066,120201111820,12,2020-11-24,06:00:00,2020-11-24 06:00:00,55.75,-25.25,999.96124,21.848,512,512,Solovieva_diploma_PL_training_images/png/Solovieva_PL_crop_01066_ID_120201111820_step_12.png,Solovieva_diploma_PL_training_images/npy/Solovieva_PL_crop_01066_ID_120201111820_step_12.npy,crop_01066_ID_120201111820_step_12_f91f9b8bb5.png,/content/drive/MyDrive/sentinel3/SLSTR/ml_manual_crops_010526/png/crop_01066_ID_120201111820_step_12_f91f9b8bb5.png,True
Solovieva_PL_crop_01073_ID_120201204060_step_9,1073,120201204060,9,2020-12-07,02:00:00,2020-12-07 02:00:00,80.0,6.5,992.82434,55.738,512,512,Solovieva_diploma_PL_training_images/png/Solovieva_PL_crop_01073_ID_120201204060_step_9.png,Solovieva_diploma_PL_training_images/npy/Solovieva_PL_crop_01073_ID_120201204060_step_9.npy,crop_01073_ID_120201204060_step_9_a08d4ccf4c.png,/content/drive/MyDrive/sentinel3/SLSTR/ml_manual_crops_010526/png/crop_01073_ID_120201204060_step_9_a08d4ccf4c.png,True
Solovieva_PL_crop_01075_ID_120201204060_step_10,1075,120201204060,10,2020-12-07,03:00:00,2020-12-07 03:00:00,80.0,6.0,991.13812,52.576,512,512,Solovieva_diploma_PL_training_images/png/Solovieva_PL_crop_01075_ID_120201204060_step_10.png,Solovieva_diploma_PL_training_images/npy/Solovieva_PL_crop_01075_ID_120201204060_step_10.npy,crop_01075_ID_120201204060_step_10_9f61168cf4.png,/content/drive/MyDrive/sentinel3/SLSTR/ml_manual_crops_010526/png/crop_01075_ID_120201204060_step_10_9f61168cf4.png,True
Solovieva_PL_crop_01076_ID_120201204060_step_11,1076,120201204060,11,2020-12-07,04:00:00,2020-12-07 04:00:00,80.0,5.25,991.28058,47.229,512,512,Solovieva_diploma_PL_training_images/png/Solovieva_PL_crop_01076_ID_120201204060_step_11.png,Solovieva_diploma_PL_training_images/npy/Solovieva_PL_crop_01076_ID_120201204060_step_11.npy,crop_01076_ID_120201204060_step_11_c17e0bd976.png,/content/drive/MyDrive/sentinel3/SLSTR/ml_manual_crops_010526/png/crop_01076_ID_120201204060_step_11_c17e0bd976.png,True
Solovieva_PL_crop_01077_ID_120201204060_step_12,1077,120201204060,12,2020-12-07,05:00:00,2020-12-07 05:00:00,80.0,4.25,991.95312,44.641000000000005,512,512,Solovieva_diploma_PL_training_images/png/Solovieva_PL_crop_01077_ID_120201204060_step_12.png,Solovieva_diploma_PL_training_images/npy/Solovieva_PL_crop_01077_ID_120201204060_step_12.npy,crop_01077_ID_120201204060_step_12_1ddb4c8e67.png,/content/drive/MyDrive/sentinel3/SLSTR/ml_manual_crops_010526/png/crop_01077_ID_120201204060_step_12_1ddb4c8e67.png,True
Solovieva_PL_crop_01079_ID_120201204060_step_14,1079,120201204060,14,2020-12-07,07:00:00,2020-12-07 07:00:00,79.75,3.75,994.84497,37.664,512,512,Solovieva_diploma_PL_training_images/png/Solovieva_PL_crop_01079_ID_120201204060_step_14.png,Solovieva_diploma_PL_training_images/npy/Solovieva_PL_crop_01079_ID_120201204060_step_14.npy,crop_01079_ID_120201204060_step_14_b5a522db27.png,/content/drive/MyDrive/sentinel3/SLSTR/ml_manual_crops_010526/png/crop_01079_ID_120201204060_step_14_b5a522db27.png,True
Solovieva_PL_crop_01080_ID_120201204060_step_15,1080,120201204060,15,2020-12-07,08:00:00,2020-12-07 08:00:00,79.25,4.0,996.2312,38.904,512,512,Solovieva_diploma_PL_training_images/png/Solovieva_PL_crop_01080_ID_120201204060_step_15.png,Solovieva_diploma_PL_training_images/npy/Solovieva_PL_crop_01080_ID_120201204060_step_15.npy,crop_01080_ID_120201204060_step_15_9cfb733217.png,/content/drive/MyDrive/sentinel3/SLSTR/ml_manual_crops_010526/png/crop_01080_ID_120201204060_step_15_9cfb733217.png,True
Solovieva_PL_crop_01082_ID_120201204060_step_17,1082,120201204060,17,2020-12-07,10:00:00,2020-12-07 10:00:00,78.75,5.5,999.84375,33.699,512,512,Solovieva_diploma_PL_training_images/png/Solovieva_PL_crop_01082_ID_120201204060_step_17.png,Solovieva_diploma_PL_training_images/npy/Solovieva_PL_crop_01082_ID_120201204060_step_17.npy,crop_01082_ID_120201204060_step_17_246f2e77bd.png,/content/drive/MyDrive/sentinel3/SLSTR/ml_manual_crops_010526/png/crop_01082_ID_120201204060_step_17_246f2e77bd.png,True
Solovieva_PL_crop_01083_ID_120201204060_step_18,1083,120201204060,18,2020-12-07,11:00:00,2020-12-07 11:00:00,78.5,6.25,1000.81561,28.168000000000003,512,512,Solovieva_diploma_PL_training_images/png/Solovieva_PL_crop_01083_ID_120201204060_step_18.png,Solovieva_diploma_PL_training_images/npy/Solovieva_PL_crop_01083_ID_120201204060_step_18.npy,crop_01083_ID_120201204060_step_18_dc4d38b655.png,/content/drive/MyDrive/sentinel3/SLSTR/ml_manual_crops_010526/png/crop_01083_ID_120201204060_step_18_dc4d38b655.png,True
Solovieva_PL_crop_01084_ID_120201204060_step_19,1084,120201204060,19,2020-12-07,12:00:00,2020-12-07 12:00:00,78.25,7.5,1001.31311,23.7,512,512,Solovieva_diploma_PL_training_images/png/Solovieva_PL_crop_01084_ID_120201204060_step_19.png,Solovieva_diploma_PL_training_images/npy/Solovieva_PL_crop_01084_ID_120201204060_step_19.npy,crop_01084_ID_120201204060_step_19_429f559554.png,/content/drive/MyDrive/sentinel3/SLSTR/ml_manual_crops_010526/png/crop_01084_ID_120201204060_step_19_429f559554.png,True
Solovieva_PL_crop_01074_ID_120201204560_step_9,1074,120201204560,9,2020-12-07,21:00:00,2020-12-07 21:00:00,79.75,36.5,993.31622,35.72,512,512,Solovieva_diploma_PL_training_images/png/Solovieva_PL_crop_01074_ID_120201204560_step_9.png,Solovieva_diploma_PL_training_images/npy/Solovieva_PL_crop_01074_ID_120201204560_step_9.npy,crop_01074_ID_120201204560_step_9_a1bfe36dde.png,/content/drive/MyDrive/sentinel3/SLSTR/ml_manual_crops_010526/png/crop_01074_ID_120201204560_step_9_a1bfe36dde.png,True
Solovieva_PL_crop_01093_ID_120201204560_step_12,1093,120201204560,12,2020-12-08,00:00:00,2020-12-08 00:00:00,79.75,38.75,993.1087,30.66,512,512,Solovieva_diploma_PL_training_images/png/Solovieva_PL_crop_01093_ID_120201204560_step_12.png,Solovieva_diploma_PL_training_images/npy/Solovieva_PL_crop_01093_ID_120201204560_step_12.npy,crop_01093_ID_120201204560_step_12_006c8ec82a.png,/content/drive/MyDrive/sentinel3/SLSTR/ml_manual_crops_010526/png/crop_01093_ID_120201204560_step_12_006c8ec82a.png,True
Solovieva_PL_crop_01095_ID_120201204560_step_14,1095,120201204560,14,2020-12-08,02:00:00,2020-12-08 02:00:00,79.5,43.5,992.83185,27.873000000000005,512,512,Solovieva_diploma_PL_training_images/png/Solovieva_PL_crop_01095_ID_120201204560_step_14.png,Solovieva_diploma_PL_training_images/npy/Solovieva_PL_crop_01095_ID_120201204560_step_14.npy,crop_01095_ID_120201204560_step_14_8e49cd54ba.png,/content/drive/MyDrive/sentinel3/SLSTR/ml_manual_crops_010526/png/crop_01095_ID_120201204560_step_14_8e49cd54ba.png,True
Solovieva_PL_crop_01097_ID_120201204560_step_16,1097,120201204560,16,2020-12-08,04:00:00,2020-12-08 04:00:00,79.25,46.25,992.83246,28.64,512,512,Solovieva_diploma_PL_training_images/png/Solovieva_PL_crop_01097_ID_120201204560_step_16.png,Solovieva_diploma_PL_training_images/npy/Solovieva_PL_crop_01097_ID_120201204560_step_16.npy,crop_01097_ID_120201204560_step_16_9a4b8f641b.png,/content/drive/MyDrive/sentinel3/SLSTR/ml_manual_crops_010526/png/crop_01097_ID_120201204560_step_16_9a4b8f641b.png,True
Solovieva_PL_crop_01098_ID_120201204560_step_17,1098,120201204560,17,2020-12-08,05:00:00,2020-12-08 05:00:00,79.75,46.0,993.04938,28.766,512,512,Solovieva_diploma_PL_training_images/png/Solovieva_PL_crop_01098_ID_120201204560_step_17.png,Solovieva_diploma_PL_training_images/npy/Solovieva_PL_crop_01098_ID_120201204560_step_17.npy,crop_01098_ID_120201204560_step_17_471d2eb920.png,/content/drive/MyDrive/sentinel3/SLSTR/ml_manual_crops_010526/png/crop_01098_ID_120201204560_step_17_471d2eb920.png,True
Solovieva_PL_crop_01106_ID_120201204560_step_32,1106,120201204560,32,2020-12-08,20:00:00,2020-12-08 20:00:00,76.75,59.25,998.31311,26.179,512,512,Solovieva_diploma_PL_training_images/png/Solovieva_PL_crop_01106_ID_120201204560_step_32.png,Solovieva_diploma_PL_training_images/npy/Solovieva_PL_crop_01106_ID_120201204560_step_32.npy,crop_01106_ID_120201204560_step_32_4169818acc.png,/content/drive/MyDrive/sentinel3/SLSTR/ml_manual_crops_010526/png/crop_01106_ID_120201204560_step_32_4169818acc.png,True
Solovieva_PL_crop_01107_ID_120201204560_step_33,1107,120201204560,33,2020-12-08,21:00:00,2020-12-08 21:00:00,76.75,59.25,998.66309,26.283,512,512,Solovieva_diploma_PL_training_images/png/Solovieva_PL_crop_01107_ID_120201204560_step_33.png,Solovieva_diploma_PL_training_images/npy/Solovieva_PL_crop_01107_ID_120201204560_step_33.npy,crop_01107_ID_120201204560_step_33_cbb94252cd.png,/content/drive/MyDrive/sentinel3/SLSTR/ml_manual_crops_010526/png/crop_01107_ID_120201204560_step_33_cbb94252cd.png,True
Solovieva_PL_crop_01089_ID_120201204900_step_7,1089,120201204900,7,2020-12-08,08:00:00,2020-12-08 08:00:00,79.5,59.5,996.90186,30.699,512,512,Solovieva_diploma_PL_training_images/png/Solovieva_PL_crop_01089_ID_120201204900_step_7.png,Solovieva_diploma_PL_training_images/npy/Solovieva_PL_crop_01089_ID_120201204900_step_7.npy,crop_01089_ID_120201204900_step_7_b940a86505.png,/content/drive/MyDrive/sentinel3/SLSTR/ml_manual_crops_010526/png/crop_01089_ID_120201204900_step_7_b940a86505.png,True
Solovieva_PL_crop_01090_ID_120201204900_step_8,1090,120201204900,8,2020-12-08,09:00:00,2020-12-08 09:00:00,79.5,60.0,996.93121,25.283,512,512,Solovieva_diploma_PL_training_images/png/Solovieva_PL_crop_01090_ID_120201204900_step_8.png,Solovieva_diploma_PL_training_images/npy/Solovieva_PL_crop_01090_ID_120201204900_step_8.npy,crop_01090_ID_120201204900_step_8_ef464be474.png,/content/drive/MyDrive/sentinel3/SLSTR/ml_manual_crops_010526/png/crop_01090_ID_120201204900_step_8_ef464be474.png,True
Solovieva_PL_crop_01104_ID_120201205360_step_6,1104,120201205360,6,2020-12-09,01:00:00,2020-12-09 01:00:00,73.5,77.25,1006.01874,23.756,512,512,Solovieva_diploma_PL_training_images/png/Solovieva_PL_crop_01104_ID_120201205360_step_6.png,Solovieva_diploma_PL_training_images/npy/Solovieva_PL_crop_01104_ID_120201205360_step_6.npy,crop_01104_ID_120201205360_step_6_38ede69c45.png,/content/drive/MyDrive/sentinel3/SLSTR/ml_manual_crops_010526/png/crop_01104_ID_120201205360_step_6_38ede69c45.png,True
Solovieva_PL_crop_01105_ID_120201205360_step_7,1105,120201205360,7,2020-12-09,02:00:00,2020-12-09 02:00:00,74.75,78.0,1005.64746,21.462,512,512,Solovieva_diploma_PL_training_images/png/Solovieva_PL_crop_01105_ID_120201205360_step_7.png,Solovieva_diploma_PL_training_images/npy/Solovieva_PL_crop_01105_ID_120201205360_step_7.npy,crop_01105_ID_120201205360_step_7_5c759a5ef9.png,/content/drive/MyDrive/sentinel3/SLSTR/ml_manual_crops_010526/png/crop_01105_ID_120201205360_step_7_5c759a5ef9.png,True
Solovieva_PL_crop_01108_ID_120201205360_step_9,1108,120201205360,9,2020-12-09,04:00:00,2020-12-09 04:00:00,74.25,78.25,1007.10309,20.988,512,512,Solovieva_diploma_PL_training_images/png/Solovieva_PL_crop_01108_ID_120201205360_step_9.png,Solovieva_diploma_PL_training_images/npy/Solovieva_PL_crop_01108_ID_120201205360_step_9.npy,crop_01108_ID_120201205360_step_9_920c4415ec.png,/content/drive/MyDrive/sentinel3/SLSTR/ml_manual_crops_010526/png/crop_01108_ID_120201205360_step_9_920c4415ec.png,True
Solovieva_PL_crop_01115_ID_120201206570_step_6,1115,120201206570,6,2020-12-11,13:00:00,2020-12-11 13:00:00,76.0,80.0,1005.78937,23.231,512,512,Solovieva_diploma_PL_training_images/png/Solovieva_PL_crop_01115_ID_120201206570_step_6.png,Solovieva_diploma_PL_training_images/npy/Solovieva_PL_crop_01115_ID_120201206570_step_6.npy,crop_01115_ID_120201206570_step_6_c33bf97d22.png,/content/drive/MyDrive/sentinel3/SLSTR/ml_manual_crops_010526/png/crop_01115_ID_120201206570_step_6_c33bf97d22.png,True
Solovieva_PL_crop_01116_ID_120201206570_step_7,1116,120201206570,7,2020-12-11,14:00:00,2020-12-11 14:00:00,75.75,80.0,1005.34937,24.357,512,512,Solovieva_diploma_PL_training_images/png/Solovieva_PL_crop_01116_ID_120201206570_step_7.png,Solovieva_diploma_PL_training_images/npy/Solovieva_PL_crop_01116_ID_120201206570_step_7.npy,crop_01116_ID_120201206570_step_7_f51cd6fa00.png,/content/drive/MyDrive/sentinel3/SLSTR/ml_manual_crops_010526/png/crop_01116_ID_120201206570_step_7_f51cd6fa00.png,True
Solovieva_PL_crop_01117_ID_120201206570_step_8,1117,120201206570,8,2020-12-11,15:00:00,2020-12-11 15:00:00,75.75,80.0,1004.67438,22.984,512,512,Solovieva_diploma_PL_training_images/png/Solovieva_PL_crop_01117_ID_120201206570_step_8.png,Solovieva_diploma_PL_training_images/npy/Solovieva_PL_crop_01117_ID_120201206570_step_8.npy,crop_01117_ID_120201206570_step_8_2f1392f5e5.png,/content/drive/MyDrive/sentinel3/SLSTR/ml_manual_crops_010526/png/crop_01117_ID_120201206570_step_8_2f1392f5e5.png,True
Solovieva_PL_crop_01119_ID_120201206570_step_10,1119,120201206570,10,2020-12-11,17:00:00,2020-12-11 17:00:00,76.75,80.0,1002.5412,19.451,512,512,Solovieva_diploma_PL_training_images/png/Solovieva_PL_crop_01119_ID_120201206570_step_10.png,Solovieva_diploma_PL_training_images/npy/Solovieva_PL_crop_01119_ID_120201206570_step_10.npy,crop_01119_ID_120201206570_step_10_c7fce897c9.png,/content/drive/MyDrive/sentinel3/SLSTR/ml_manual_crops_010526/png/crop_01119_ID_120201206570_step_10_c7fce897c9.png,True
Solovieva_PL_crop_01122_ID_120201206820_step_6,1122,120201206820,6,2020-12-12,00:00:00,2020-12-12 00:00:00,78.0,79.5,1002.27625,21.93,512,512,Solovieva_diploma_PL_training_images/png/Solovieva_PL_crop_01122_ID_120201206820_step_6.png,Solovieva_diploma_PL_training_images/npy/Solovieva_PL_crop_01122_ID_120201206820_step_6.npy,crop_01122_ID_120201206820_step_6_14258b9d34.png,/content/drive/MyDrive/sentinel3/SLSTR/ml_manual_crops_010526/png/crop_01122_ID_120201206820_step_6_14258b9d34.png,True
Solovieva_PL_crop_01123_ID_120201206820_step_7,1123,120201206820,7,2020-12-12,01:00:00,2020-12-12 01:00:00,78.0,79.0,1001.77625,21.945,512,512,Solovieva_diploma_PL_training_images/png/Solovieva_PL_crop_01123_ID_120201206820_step_7.png,Solovieva_diploma_PL_training_images/npy/Solovieva_PL_crop_01123_ID_120201206820_step_7.npy,crop_01123_ID_120201206820_step_7_67d146f802.png,/content/drive/MyDrive/sentinel3/SLSTR/ml_manual_crops_010526/png/crop_01123_ID_120201206820_step_7_67d146f802.png,True
Solovieva_PL_crop_01124_ID_120201206820_step_8,1124,120201206820,8,2020-12-12,02:00:00,2020-12-12 02:00:00,77.75,79.0,1001.57935,21.613000000000003,512,512,Solovieva_diploma_PL_training_images/png/Solovieva_PL_crop_01124_ID_120201206820_step_8.png,Solovieva_diploma_PL_training_images/npy/Solovieva_PL_crop_01124_ID_120201206820_step_8.npy,crop_01124_ID_120201206820_step_8_e31652a59f.png,/content/drive/MyDrive/sentinel3/SLSTR/ml_manual_crops_010526/png/crop_01124_ID_120201206820_step_8_e31652a59f.png,True
Solovieva_PL_crop_01131_ID_120201206820_step_14,1131,120201206820,14,2020-12-12,08:00:00,2020-12-12 08:00:00,77.25,75.5,1000.62183,19.249,512,512,Solovieva_diploma_PL_training_images/png/Solovieva_PL_crop_01131_ID_120201206820_step_14.png,Solovieva_diploma_PL_training_images/npy/Solovieva_PL_crop_01131_ID_120201206820_step_14.npy,crop_01131_ID_120201206820_step_14_4234597511.png,/content/drive/MyDrive/sentinel3/SLSTR/ml_manual_crops_010526/png/crop_01131_ID_120201206820_step_14_4234597511.png,True
Solovieva_PL_crop_01142_ID_120201208590_step_7,1142,120201208590,7,2020-12-15,12:00:00,2020-12-15 12:00:00,75.25,40.0,1006.43933,27.099,512,512,Solovieva_diploma_PL_training_images/png/Solovieva_PL_crop_01142_ID_120201208590_step_7.png,Solovieva_diploma_PL_training_images/npy/Solovieva_PL_crop_01142_ID_120201208590_step_7.npy,crop_01142_ID_120201208590_step_7_11a6486e8c.png,/content/drive/MyDrive/sentinel3/SLSTR/ml_manual_crops_010526/png/crop_01142_ID_120201208590_step_7_11a6486e8c.png,True
Solovieva_PL_crop_01146_ID_120201208590_step_10,1146,120201208590,10,2020-12-15,15:00:00,2020-12-15 15:00:00,75.0,42.5,1003.31873,34.507,512,512,Solovieva_diploma_PL_training_images/png/Solovieva_PL_crop_01146_ID_120201208590_step_10.png,Solovieva_diploma_PL_training_images/npy/Solovieva_PL_crop_01146_ID_120201208590_step_10.npy,crop_01146_ID_120201208590_step_10_cb759f9328.png,/content/drive/MyDrive/sentinel3/SLSTR/ml_manual_crops_010526/png/crop_01146_ID_120201208590_step_10_cb759f9328.png,True
Solovieva_PL_crop_01148_ID_120201208590_step_11,1148,120201208590,11,2020-12-15,16:00:00,2020-12-15 16:00:00,74.75,42.5,1001.78876,38.068000000000005,512,512,Solovieva_diploma_PL_training_images/png/Solovieva_PL_crop_01148_ID_120201208590_step_11.png,Solovieva_diploma_PL_training_images/npy/Solovieva_PL_crop_01148_ID_120201208590_step_11.npy,crop_01148_ID_120201208590_step_11_6bd74052f1.png,/content/drive/MyDrive/sentinel3/SLSTR/ml_manual_crops_010526/png/crop_01148_ID_120201208590_step_11_6bd74052f1.png,True
Solovieva_PL_crop_01150_ID_120201208590_step_12,1150,120201208590,12,2020-12-15,17:00:00,2020-12-15 17:00:00,74.75,43.25,1000.21625,41.84100000000001,512,512,Solovieva_diploma_PL_training_images/png/Solovieva_PL_crop_01150_ID_120201208590_step_12.png,Solovieva_diploma_PL_training_images/npy/Solovieva_PL_crop_01150_ID_120201208590_step_12.npy,crop_01150_ID_120201208590_step_12_ac32e31e8e.png,/content/drive/MyDrive/sentinel3/SLSTR/ml_manual_crops_010526/png/crop_01150_ID_120201208590_step_12_ac32e31e8e.png,True
Solovieva_PL_crop_01152_ID_120201208590_step_15,1152,120201208590,15,2020-12-15,20:00:00,2020-12-15 20:00:00,74.25,44.0,996.89496,49.399,512,512,Solovieva_diploma_PL_training_images/png/Solovieva_PL_crop_01152_ID_120201208590_step_15.png,Solovieva_diploma_PL_training_images/npy/Solovieva_PL_crop_01152_ID_120201208590_step_15.npy,crop_01152_ID_120201208590_step_15_cf856b1a29.png,/content/drive/MyDrive/sentinel3/SLSTR/ml_manual_crops_010526/png/crop_01152_ID_120201208590_step_15_cf856b1a29.png,True
Solovieva_PL_crop_01153_ID_120201208590_step_16,1153,120201208590,16,2020-12-15,21:00:00,2020-12-15 21:00:00,74.25,44.25,995.97125,52.855,512,512,Solovieva_diploma_PL_training_images/png/Solovieva_PL_crop_01153_ID_120201208590_step_16.png,Solovieva_diploma_PL_training_images/npy/Solovieva_PL_crop_01153_ID_120201208590_step_16.npy,crop_01153_ID_120201208590_step_16_b754d5f208.png,/content/drive/MyDrive/sentinel3/SLSTR/ml_manual_crops_010526/png/crop_01153_ID_120201208590_step_16_b754d5f208.png,True
Solovieva_PL_crop_01154_ID_120201208590_step_17,1154,120201208590,17,2020-12-15,22:00:00,2020-12-15 22:00:00,74.0,44.75,994.39374,56.956,512,512,Solovieva_diploma_PL_training_images/png/Solovieva_PL_crop_01154_ID_120201208590_step_17.png,Solovieva_diploma_PL_training_images/npy/Solovieva_PL_crop_01154_ID_120201208590_step_17.npy,crop_01154_ID_120201208590_step_17_b224751b08.png,/content/drive/MyDrive/sentinel3/SLSTR/ml_manual_crops_010526/png/crop_01154_ID_120201208590_step_17_b224751b08.png,True
Solovieva_PL_crop_01155_ID_120201208590_step_18,1155,120201208590,18,2020-12-15,23:00:00,2020-12-15 23:00:00,74.0,45.0,993.75122,52.132,512,512,Solovieva_diploma_PL_training_images/png/Solovieva_PL_crop_01155_ID_120201208590_step_18.png,Solovieva_diploma_PL_training_images/npy/Solovieva_PL_crop_01155_ID_120201208590_step_18.npy,crop_01155_ID_120201208590_step_18_8e30176ac1.png,/content/drive/MyDrive/sentinel3/SLSTR/ml_manual_crops_010526/png/crop_01155_ID_120201208590_step_18_8e30176ac1.png,True
Solovieva_PL_crop_01162_ID_120201208590_step_19,1162,120201208590,19,2020-12-16,00:00:00,2020-12-16 00:00:00,73.75,45.5,992.72809,50.405,512,512,Solovieva_diploma_PL_training_images/png/Solovieva_PL_crop_01162_ID_120201208590_step_19.png,Solovieva_diploma_PL_training_images/npy/Solovieva_PL_crop_01162_ID_120201208590_step_19.npy,crop_01162_ID_120201208590_step_19_0ba1f603cf.png,/content/drive/MyDrive/sentinel3/SLSTR/ml_manual_crops_010526/png/crop_01162_ID_120201208590_step_19_0ba1f603cf.png,True
Solovieva_PL_crop_01169_ID_120201209360_step_6,1169,120201209360,6,2020-12-17,00:00:00,2020-12-17 00:00:00,70.25,62.0,986.82684,34.838,512,512,Solovieva_diploma_PL_training_images/png/Solovieva_PL_crop_01169_ID_120201209360_step_6.png,Solovieva_diploma_PL_training_images/npy/Solovieva_PL_crop_01169_ID_120201209360_step_6.npy,crop_01169_ID_120201209360_step_6_14a3bd1eff.png,/content/drive/MyDrive/sentinel3/SLSTR/ml_manual_crops_010526/png/crop_01169_ID_120201209360_step_6_14a3bd1eff.png,True
Solovieva_PL_crop_01170_ID_120201209360_step_7,1170,120201209360,7,2020-12-17,01:00:00,2020-12-17 01:00:00,70.25,62.25,986.39746,34.53,512,512,Solovieva_diploma_PL_training_images/png/Solovieva_PL_crop_01170_ID_120201209360_step_7.png,Solovieva_diploma_PL_training_images/npy/Solovieva_PL_crop_01170_ID_120201209360_step_7.npy,crop_01170_ID_120201209360_step_7_8b8057287e.png,/content/drive/MyDrive/sentinel3/SLSTR/ml_manual_crops_010526/png/crop_01170_ID_120201209360_step_7_8b8057287e.png,True
Solovieva_PL_crop_01171_ID_120201209360_step_8,1171,120201209360,8,2020-12-17,02:00:00,2020-12-17 02:00:00,70.5,63.0,985.78998,32.661,512,512,Solovieva_diploma_PL_training_images/png/Solovieva_PL_crop_01171_ID_120201209360_step_8.png,Solovieva_diploma_PL_training_images/npy/Solovieva_PL_crop_01171_ID_120201209360_step_8.npy,crop_01171_ID_120201209360_step_8_96abea80f8.png,/content/drive/MyDrive/sentinel3/SLSTR/ml_manual_crops_010526/png/crop_01171_ID_120201209360_step_8_96abea80f8.png,True
Solovieva_PL_crop_01177_ID_120201209360_step_14,1177,120201209360,14,2020-12-17,08:00:00,2020-12-17 08:00:00,70.75,63.0,995.33936,17.851,512,512,Solovieva_diploma_PL_training_images/png/Solovieva_PL_crop_01177_ID_120201209360_step_14.png,Solovieva_diploma_PL_training_images/npy/Solovieva_PL_crop_01177_ID_120201209360_step_14.npy,crop_01177_ID_120201209360_step_14_e9659980bf.png,/content/drive/MyDrive/sentinel3/SLSTR/ml_manual_crops_010526/png/crop_01177_ID_120201209360_step_14_e9659980bf.png,True
Solovieva_PL_crop_01179_ID_120201209360_step_16,1179,120201209360,16,2020-12-17,10:00:00,2020-12-17 10:00:00,70.25,64.0,994.62311,17.443,512,512,Solovieva_diploma_PL_training_images/png/Solovieva_PL_crop_01179_ID_120201209360_step_16.png,Solovieva_diploma_PL_training_images/npy/Solovieva_PL_crop_01179_ID_120201209360_step_16.npy,crop_01179_ID_120201209360_step_16_6d23b4c251.png,/content/drive/MyDrive/sentinel3/SLSTR/ml_manual_crops_010526/png/crop_01179_ID_120201209360_step_16_6d23b4c251.png,True
Solovieva_PL_crop_01196_ID_120201210740_step_8,1196,120201210740,8,2020-12-19,16:00:00,2020-12-19 16:00:00,71.5,49.75,998.39874,24.264000000000003,512,512,Solovieva_diploma_PL_training_images/png/Solovieva_PL_crop_01196_ID_120201210740_step_8.png,Solovieva_diploma_PL_training_images/npy/Solovieva_PL_crop_01196_ID_120201210740_step_8.npy,crop_01196_ID_120201210740_step_8_23b30eb0bc.png,/content/drive/MyDrive/sentinel3/SLSTR/ml_manual_crops_010526/png/crop_01196_ID_120201210740_step_8_23b30eb0bc.png,True
Solovieva_PL_crop_01197_ID_120201210740_step_9,1197,120201210740,9,2020-12-19,17:00:00,2020-12-19 17:00:00,71.25,50.0,998.08563,24.338,512,512,Solovieva_diploma_PL_training_images/png/Solovieva_PL_crop_01197_ID_120201210740_step_9.png,Solovieva_diploma_PL_training_images/npy/Solovieva_PL_crop_01197_ID_120201210740_step_9.npy,crop_01197_ID_120201210740_step_9_4c938c1d74.png,/content/drive/MyDrive/sentinel3/SLSTR/ml_manual_crops_010526/png/crop_01197_ID_120201210740_step_9_4c938c1d74.png,True
Solovieva_PL_crop_01225_ID_120201211790_step_11,1225,120201211790,11,2020-12-21,22:00:00,2020-12-21 22:00:00,60.25,-6.0,990.19434,23.224,512,512,Solovieva_diploma_PL_training_images/png/Solovieva_PL_crop_01225_ID_120201211790_step_11.png,Solovieva_diploma_PL_training_images/npy/Solovieva_PL_crop_01225_ID_120201211790_step_11.npy,crop_01225_ID_120201211790_step_11_e8d7b8c4b7.png,/content/drive/MyDrive/sentinel3/SLSTR/ml_manual_crops_010526/png/crop_01225_ID_120201211790_step_11_e8d7b8c4b7.png,True
Solovieva_PL_crop_01227_ID_120201211790_step_12,1227,120201211790,12,2020-12-21,23:00:00,2020-12-21 23:00:00,60.25,-5.5,990.29309,23.331,512,512,Solovieva_diploma_PL_training_images/png/Solovieva_PL_crop_01227_ID_120201211790_step_12.png,Solovieva_diploma_PL_training_images/npy/Solovieva_PL_crop_01227_ID_120201211790_step_12.npy,crop_01227_ID_120201211790_step_12_cf8b57b777.png,/content/drive/MyDrive/sentinel3/SLSTR/ml_manual_crops_010526/png/crop_01227_ID_120201211790_step_12_cf8b57b777.png,True
Solovieva_PL_crop_01269_ID_120201216960_step_10,1269,120201216960,10,2020-12-30,10:00:00,2020-12-30 10:00:00,58.75,-5.5,997.64062,17.79,512,512,Solovieva_diploma_PL_training_images/png/Solovieva_PL_crop_01269_ID_120201216960_step_10.png,Solovieva_diploma_PL_training_images/npy/Solovieva_PL_crop_01269_ID_120201216960_step_10.npy,crop_01269_ID_120201216960_step_10_be5ae32eaf.png,/content/drive/MyDrive/sentinel3/SLSTR/ml_manual_crops_010526/png/crop_01269_ID_120201216960_step_10_be5ae32eaf.png,True
Solovieva_PL_crop_01272_ID_120201216960_step_11,1272,120201216960,11,2020-12-30,11:00:00,2020-12-30 11:00:00,58.75,-5.5,998.0025,17.253,512,512,Solovieva_diploma_PL_training_images/png/Solovieva_PL_crop_01272_ID_120201216960_step_11.png,Solovieva_diploma_PL_training_images/npy/Solovieva_PL_crop_01272_ID_120201216960_step_11.npy,crop_01272_ID_120201216960_step_11_206e5ca8c3.png,/content/drive/MyDrive/sentinel3/SLSTR/ml_manual_crops_010526/png/crop_01272_ID_120201216960_step_11_206e5ca8c3.png,True
Solovieva_PL_crop_00019_ID_220200106110_step_7,19,220200106110,7,2020-01-16,12:00:00,2020-01-16 12:00:00,57.25,223.5,1007.52185,23.55,512,512,Solovieva_diploma_PL_training_images/png/Solovieva_PL_crop_00019_ID_220200106110_step_7.png,Solovieva_diploma_PL_training_images/npy/Solovieva_PL_crop_00019_ID_220200106110_step_7.npy,crop_00019_ID_220200106110_step_7_3eb60ddecc.png,/content/drive/MyDrive/sentinel3/SLSTR/ml_manual_crops_010526/png/crop_00019_ID_220200106110_step_7_3eb60ddecc.png,True
Solovieva_PL_crop_00037_ID_220200106450_step_7,37,220200106450,7,2020-01-17,14:00:00,2020-01-17 14:00:00,53.75,221.75,1001.21875,16.9,512,512,Solovieva_diploma_PL_training_images/png/Solovieva_PL_crop_00037_ID_220200106450_step_7.png,Solovieva_diploma_PL_training_images/npy/Solovieva_PL_crop_00037_ID_220200106450_step_7.npy,crop_00037_ID_220200106450_step_7_1289a043f8.png,/content/drive/MyDrive/sentinel3/SLSTR/ml_manual_crops_010526/png/crop_00037_ID_220200106450_step_7_1289a043f8.png,True
Solovieva_PL_crop_00053_ID_220200107310_step_9,53,220200107310,9,2020-01-19,16:00:00,2020-01-19 16:00:00,60.25,174.0,991.28436,20.321,512,512,Solovieva_diploma_PL_training_images/png/Solovieva_PL_crop_00053_ID_220200107310_step_9.png,Solovieva_diploma_PL_training_images/npy/Solovieva_PL_crop_00053_ID_220200107310_step_9.npy,crop_00053_ID_220200107310_step_9_09dec42128.png,/content/drive/MyDrive/sentinel3/SLSTR/ml_manual_crops_010526/png/crop_00053_ID_220200107310_step_9_09dec42128.png,True
Solovieva_PL_crop_00055_ID_220200107310_step_11,55,220200107310,11,2020-01-19,18:00:00,2020-01-19 18:00:00,60.25,174.25,990.26996,20.053,512,512,Solovieva_diploma_PL_training_images/png/Solovieva_PL_crop_00055_ID_220200107310_step_11.png,Solovieva_diploma_PL_training_images/npy/Solovieva_PL_crop_00055_ID_220200107310_step_11.npy,crop_00055_ID_220200107310_step_11_af01e8791c.png,/content/drive/MyDrive/sentinel3/SLSTR/ml_manual_crops_010526/png/crop_00055_ID_220200107310_step_11_af01e8791c.png,True
Solovieva_PL_crop_00121_ID_220200110640_step_7,121,220200110640,7,2020-01-27,06:00:00,2020-01-27 06:00:00,57.75,212.0,984.33435,19.816,512,512,Solovieva_diploma_PL_training_images/png/Solovieva_PL_crop_00121_ID_220200110640_step_7.png,Solovieva_diploma_PL_training_images/npy/Solovieva_PL_crop_00121_ID_220200110640_step_7.npy,crop_00121_ID_220200110640_step_7_eaff697c94.png,/content/drive/MyDrive/sentinel3/SLSTR/ml_manual_crops_010526/png/crop_00121_ID_220200110640_step_7_eaff697c94.png,True
Solovieva_PL_crop_00122_ID_220200110640_step_8,122,220200110640,8,2020-01-27,07:00:00,2020-01-27 07:00:00,58.0,212.0,983.88,20.66800000000001,512,512,Solovieva_diploma_PL_training_images/png/Solovieva_PL_crop_00122_ID_220200110640_step_8.png,Solovieva_diploma_PL_training_images/npy/Solovieva_PL_crop_00122_ID_220200110640_step_8.npy,crop_00122_ID_220200110640_step_8_483ef57974.png,/content/drive/MyDrive/sentinel3/SLSTR/ml_manual_crops_010526/png/crop_00122_ID_220200110640_step_8_483ef57974.png,True
Solovieva_PL_crop_00134_ID_220200110640_step_19,134,220200110640,19,2020-01-27,18:00:00,2020-01-27 18:00:00,59.25,212.0,982.44312,23.819000000000003,512,512,Solovieva_diploma_PL_training_images/png/Solovieva_PL_crop_00134_ID_220200110640_step_19.png,Solovieva_diploma_PL_training_images/npy/Solovieva_PL_crop_00134_ID_220200110640_step_19.npy,crop_00134_ID_220200110640_step_19_a278604fe4.png,/content/drive/MyDrive/sentinel3/SLSTR/ml_manual_crops_010526/png/crop_00134_ID_220200110640_step_19_a278604fe4.png,True
Solovieva_PL_crop_00135_ID_220200110640_step_20,135,220200110640,20,2020-01-27,19:00:00,2020-01-27 19:00:00,59.5,211.0,983.07123,24.174,512,512,Solovieva_diploma_PL_training_images/png/Solovieva_PL_crop_00135_ID_220200110640_step_20.png,Solovieva_diploma_PL_training_images/npy/Solovieva_PL_crop_00135_ID_220200110640_step_20.npy,crop_00135_ID_220200110640_step_20_c542de311f.png,/content/drive/MyDrive/sentinel3/SLSTR/ml_manual_crops_010526/png/crop_00135_ID_220200110640_step_20_c542de311f.png,True
Solovieva_PL_crop_00136_ID_220200110640_step_21,136,220200110640,21,2020-01-27,20:00:00,2020-01-27 20:00:00,59.5,211.0,983.44183,25.237,512,512,Solovieva_diploma_PL_training_images/png/Solovieva_PL_crop_00136_ID_220200110640_step_21.png,Solovieva_diploma_PL_training_images/npy/Solovieva_PL_crop_00136_ID_220200110640_step_21.npy,crop_00136_ID_220200110640_step_21_edd5a80b09.png,/content/drive/MyDrive/sentinel3/SLSTR/ml_manual_crops_010526/png/crop_00136_ID_220200110640_step_21_edd5a80b09.png,True
Solovieva_PL_crop_00159_ID_220200112060_step_9,159,220200112060,9,2020-01-30,10:00:00,2020-01-30 10:00:00,57.75,168.5,1005.79309,18.127,512,512,Solovieva_diploma_PL_training_images/png/Solovieva_PL_crop_00159_ID_220200112060_step_9.png,Solovieva_diploma_PL_training_images/npy/Solovieva_PL_crop_00159_ID_220200112060_step_9.npy,crop_00159_ID_220200112060_step_9_4c847a8a9a.png,/content/drive/MyDrive/sentinel3/SLSTR/ml_manual_crops_010526/png/crop_00159_ID_220200112060_step_9_4c847a8a9a.png,True
Solovieva_PL_crop_00160_ID_220200112060_step_10,160,220200112060,10,2020-01-30,11:00:00,2020-01-30 11:00:00,58.0,168.75,1005.40936,18.998,512,512,Solovieva_diploma_PL_training_images/png/Solovieva_PL_crop_00160_ID_220200112060_step_10.png,Solovieva_diploma_PL_training_images/npy/Solovieva_PL_crop_00160_ID_220200112060_step_10.npy,crop_00160_ID_220200112060_step_10_96b7536b52.png,/content/drive/MyDrive/sentinel3/SLSTR/ml_manual_crops_010526/png/crop_00160_ID_220200112060_step_10_96b7536b52.png,True
Solovieva_PL_crop_00161_ID_220200112060_step_11,161,220200112060,11,2020-01-30,12:00:00,2020-01-30 12:00:00,58.0,169.0,1005.00684,19.171,512,512,Solovieva_diploma_PL_training_images/png/Solovieva_PL_crop_00161_ID_220200112060_step_11.png,Solovieva_diploma_PL_training_images/npy/Solovieva_PL_crop_00161_ID_220200112060_step_11.npy,crop_00161_ID_220200112060_step_11_e68387d0d2.png,/content/drive/MyDrive/sentinel3/SLSTR/ml_manual_crops_010526/png/crop_00161_ID_220200112060_step_11_e68387d0d2.png,True
Solovieva_PL_crop_00166_ID_220200112060_step_23,166,220200112060,23,2020-01-31,00:00:00,2020-01-31 00:00:00,59.75,169.5,1000.57812,25.686,512,512,Solovieva_diploma_PL_training_images/png/Solovieva_PL_crop_00166_ID_220200112060_step_23.png,Solovieva_diploma_PL_training_images/npy/Solovieva_PL_crop_00166_ID_220200112060_step_23.npy,crop_00166_ID_220200112060_step_23_261ab174e7.png,/content/drive/MyDrive/sentinel3/SLSTR/ml_manual_crops_010526/png/crop_00166_ID_220200112060_step_23_261ab174e7.png,True
Solovieva_PL_crop_00163_ID_220200112750_step_6,163,220200112750,6,2020-01-31,17:00:00,2020-01-31 17:00:00,58.25,212.0,985.94501,21.12,512,512,Solovieva_diploma_PL_training_images/png/Solovieva_PL_crop_00163_ID_220200112750_step_6.png,Solovieva_diploma_PL_training_images/npy/Solovieva_PL_crop_00163_ID_220200112750_step_6.npy,crop_00163_ID_220200112750_step_6_0dcd135501.png,/content/drive/MyDrive/sentinel3/SLSTR/ml_manual_crops_010526/png/crop_00163_ID_220200112750_step_6_0dcd135501.png,True
Solovieva_PL_crop_00175_ID_220200112750_step_20,175,220200112750,20,2020-02-01,07:00:00,2020-02-01 07:00:00,58.0,213.75,986.82874,24.531,512,512,Solovieva_diploma_PL_training_images/png/Solovieva_PL_crop_00175_ID_220200112750_step_20.png,Solovieva_diploma_PL_training_images/npy/Solovieva_PL_crop_00175_ID_220200112750_step_20.npy,crop_00175_ID_220200112750_step_20_dab8e5259b.png,/content/drive/MyDrive/sentinel3/SLSTR/ml_manual_crops_010526/png/crop_00175_ID_220200112750_step_20_dab8e5259b.png,True
Solovieva_PL_crop_00201_ID_220200201770_step_10,201,220200201770,10,2020-02-05,08:00:00,2020-02-05 08:00:00,52.25,162.75,993.44,29.556,512,512,Solovieva_diploma_PL_training_images/png/Solovieva_PL_crop_00201_ID_220200201770_step_10.png,Solovieva_diploma_PL_training_images/npy/Solovieva_PL_crop_00201_ID_220200201770_step_10.npy,crop_00201_ID_220200201770_step_10_ae9d576c90.png,/content/drive/MyDrive/sentinel3/SLSTR/ml_manual_crops_010526/png/crop_00201_ID_220200201770_step_10_ae9d576c90.png,True
Solovieva_PL_crop_00219_ID_220200201770_step_22,219,220200201770,22,2020-02-05,20:00:00,2020-02-05 20:00:00,53.25,164.0,997.52063,37.708000000000006,512,512,Solovieva_diploma_PL_training_images/png/Solovieva_PL_crop_00219_ID_220200201770_step_22.png,Solovieva_diploma_PL_training_images/npy/Solovieva_PL_crop_00219_ID_220200201770_step_22.npy,crop_00219_ID_220200201770_step_22_d3cea1f36d.png,/content/drive/MyDrive/sentinel3/SLSTR/ml_manual_crops_010526/png/crop_00219_ID_220200201770_step_22_d3cea1f36d.png,True
Solovieva_PL_crop_00220_ID_220200201770_step_23,220,220200201770,23,2020-02-05,21:00:00,2020-02-05 21:00:00,53.25,164.0,998.41309,36.956,512,512,Solovieva_diploma_PL_training_images/png/Solovieva_PL_crop_00220_ID_220200201770_step_23.png,Solovieva_diploma_PL_training_images/npy/Solovieva_PL_crop_00220_ID_220200201770_step_23.npy,crop_00220_ID_220200201770_step_23_3b43525e0b.png,/content/drive/MyDrive/sentinel3/SLSTR/ml_manual_crops_010526/png/crop_00220_ID_220200201770_step_23_3b43525e0b.png,True
Solovieva_PL_crop_00227_ID_220200202190_step_8,227,220200202190,8,2020-02-06,01:00:00,2020-02-06 01:00:00,53.25,182.25,985.71686,21.037,512,512,Solovieva_diploma_PL_training_images/png/Solovieva_PL_crop_00227_ID_220200202190_step_8.png,Solovieva_diploma_PL_training_images/npy/Solovieva_PL_crop_00227_ID_220200202190_step_8.npy,crop_00227_ID_220200202190_step_8_a188837895.png,/content/drive/MyDrive/sentinel3/SLSTR/ml_manual_crops_010526/png/crop_00227_ID_220200202190_step_8_a188837895.png,True
Solovieva_PL_crop_00228_ID_220200202190_step_9,228,220200202190,9,2020-02-06,02:00:00,2020-02-06 02:00:00,53.25,182.0,985.77686,20.341,512,512,Solovieva_diploma_PL_training_images/png/Solovieva_PL_crop_00228_ID_220200202190_step_9.png,Solovieva_diploma_PL_training_images/npy/Solovieva_PL_crop_00228_ID_220200202190_step_9.npy,crop_00228_ID_220200202190_step_9_eda8a22b55.png,/content/drive/MyDrive/sentinel3/SLSTR/ml_manual_crops_010526/png/crop_00228_ID_220200202190_step_9_eda8a22b55.png,True
Solovieva_PL_crop_00296_ID_220200206310_step_23,296,220200206310,23,2020-02-16,03:00:00,2020-02-16 03:00:00,51.75,175.75,985.68372,30.254000000000005,512,512,Solovieva_diploma_PL_training_images/png/Solovieva_PL_crop_00296_ID_220200206310_step_23.png,Solovieva_diploma_PL_training_images/npy/Solovieva_PL_crop_00296_ID_220200206310_step_23.npy,crop_00296_ID_220200206310_step_23_18ee64021b.png,/content/drive/MyDrive/sentinel3/SLSTR/ml_manual_crops_010526/png/crop_00296_ID_220200206310_step_23_18ee64021b.png,True
Solovieva_PL_crop_00292_ID_220200206580_step_9,292,220200206580,9,2020-02-16,13:00:00,2020-02-16 13:00:00,52.25,167.25,991.02313,19.501,512,512,Solovieva_diploma_PL_training_images/png/Solovieva_PL_crop_00292_ID_220200206580_step_9.png,Solovieva_diploma_PL_training_images/npy/Solovieva_PL_crop_00292_ID_220200206580_step_9.npy,crop_00292_ID_220200206580_step_9_78e99054a1.png,/content/drive/MyDrive/sentinel3/SLSTR/ml_manual_crops_010526/png/crop_00292_ID_220200206580_step_9_78e99054a1.png,True
Solovieva_PL_crop_00299_ID_220200207410_step_0,299,220200207410,0,2020-02-18,12:00:00,2020-02-18 12:00:00,54.75,168.0,999.47998,16.367,512,512,Solovieva_diploma_PL_training_images/png/Solovieva_PL_crop_00299_ID_220200207410_step_0.png,Solovieva_diploma_PL_training_images/npy/Solovieva_PL_crop_00299_ID_220200207410_step_0.npy,crop_00299_ID_220200207410_step_0_8daf9e8064.png,/content/drive/MyDrive/sentinel3/SLSTR/ml_manual_crops_010526/png/crop_00299_ID_220200207410_step_0_8daf9e8064.png,True
Solovieva_PL_crop_00300_ID_220200207410_step_10,300,220200207410,10,2020-02-18,22:00:00,2020-02-18 22:00:00,55.75,167.75,996.80621,27.096,512,512,Solovieva_diploma_PL_training_images/png/Solovieva_PL_crop_00300_ID_220200207410_step_10.png,Solovieva_diploma_PL_training_images/npy/Solovieva_PL_crop_00300_ID_220200207410_step_10.npy,crop_00300_ID_220200207410_step_10_e2b4457752.png,/content/drive/MyDrive/sentinel3/SLSTR/ml_manual_crops_010526/png/crop_00300_ID_220200207410_step_10_e2b4457752.png,True
Solovieva_PL_crop_00301_ID_220200207410_step_11,301,220200207410,11,2020-02-18,23:00:00,2020-02-18 23:00:00,56.0,167.5,996.89374,26.815,512,512,Solovieva_diploma_PL_training_images/png/Solovieva_PL_crop_00301_ID_220200207410_step_11.png,Solovieva_diploma_PL_training_images/npy/Solovieva_PL_crop_00301_ID_220200207410_step_11.npy,crop_00301_ID_220200207410_step_11_b4b3bb5e8e.png,/content/drive/MyDrive/sentinel3/SLSTR/ml_manual_crops_010526/png/crop_00301_ID_220200207410_step_11_b4b3bb5e8e.png,True
Solovieva_PL_crop_00307_ID_220200207410_step_12,307,220200207410,12,2020-02-19,00:00:00,2020-02-19 00:00:00,56.25,167.5,997.00812,28.004,512,512,Solovieva_diploma_PL_training_images/png/Solovieva_PL_crop_00307_ID_220200207410_step_12.png,Solovieva_diploma_PL_training_images/npy/Solovieva_PL_crop_00307_ID_220200207410_step_12.npy,crop_00307_ID_220200207410_step_12_2c467f9823.png,/content/drive/MyDrive/sentinel3/SLSTR/ml_manual_crops_010526/png/crop_00307_ID_220200207410_step_12_2c467f9823.png,True
Solovieva_PL_crop_00308_ID_220200207410_step_23,308,220200207410,23,2020-02-19,11:00:00,2020-02-19 11:00:00,57.0,163.5,1002.40875,30.367,512,512,Solovieva_diploma_PL_training_images/png/Solovieva_PL_crop_00308_ID_220200207410_step_23.png,Solovieva_diploma_PL_training_images/npy/Solovieva_PL_crop_00308_ID_220200207410_step_23.npy,crop_00308_ID_220200207410_step_23_639efb47ee.png,/content/drive/MyDrive/sentinel3/SLSTR/ml_manual_crops_010526/png/crop_00308_ID_220200207410_step_23_639efb47ee.png,True
Solovieva_PL_crop_00309_ID_220200207810_step_10,309,220200207810,10,2020-02-20,04:00:00,2020-02-20 04:00:00,54.75,163.75,1005.16125,19.912,512,512,Solovieva_diploma_PL_training_images/png/Solovieva_PL_crop_00309_ID_220200207810_step_10.png,Solovieva_diploma_PL_training_images/npy/Solovieva_PL_crop_00309_ID_220200207810_step_10.npy,crop_00309_ID_220200207810_step_10_a16229d2fd.png,/content/drive/MyDrive/sentinel3/SLSTR/ml_manual_crops_010526/png/crop_00309_ID_220200207810_step_10_a16229d2fd.png,True
Solovieva_PL_crop_00310_ID_220200207810_step_11,310,220200207810,11,2020-02-20,05:00:00,2020-02-20 05:00:00,54.75,163.75,1005.74622,19.876,512,512,Solovieva_diploma_PL_training_images/png/Solovieva_PL_crop_00310_ID_220200207810_step_11.png,Solovieva_diploma_PL_training_images/npy/Solovieva_PL_crop_00310_ID_220200207810_step_11.npy,crop_00310_ID_220200207810_step_11_656f70d12c.png,/content/drive/MyDrive/sentinel3/SLSTR/ml_manual_crops_010526/png/crop_00310_ID_220200207810_step_11_656f70d12c.png,True
Solovieva_PL_crop_00312_ID_220200208280_step_9,312,220200208280,9,2020-02-21,21:00:00,2020-02-21 21:00:00,58.75,170.25,1005.15375,18.773,512,512,Solovieva_diploma_PL_training_images/png/Solovieva_PL_crop_00312_ID_220200208280_step_9.png,Solovieva_diploma_PL_training_images/npy/Solovieva_PL_crop_00312_ID_220200208280_step_9.npy,crop_00312_ID_220200208280_step_9_b58e92f5f3.png,/content/drive/MyDrive/sentinel3/SLSTR/ml_manual_crops_010526/png/crop_00312_ID_220200208280_step_9_b58e92f5f3.png,True
Solovieva_PL_crop_00340_ID_220200208880_step_7,340,220200208880,7,2020-02-23,04:00:00,2020-02-23 04:00:00,56.75,221.5,1002.58496,37.952,512,512,Solovieva_diploma_PL_training_images/png/Solovieva_PL_crop_00340_ID_220200208880_step_7.png,Solovieva_diploma_PL_training_images/npy/Solovieva_PL_crop_00340_ID_220200208880_step_7.npy,crop_00340_ID_220200208880_step_7_1168da6d28.png,/content/drive/MyDrive/sentinel3/SLSTR/ml_manual_crops_010526/png/crop_00340_ID_220200208880_step_7_1168da6d28.png,True
Solovieva_PL_crop_00429_ID_220200210300_step_11,429,220200210300,11,2020-02-28,11:00:00,2020-02-28 11:00:00,51.25,160.0,999.30933,16.384999999999998,512,512,Solovieva_diploma_PL_training_images/png/Solovieva_PL_crop_00429_ID_220200210300_step_11.png,Solovieva_diploma_PL_training_images/npy/Solovieva_PL_crop_00429_ID_220200210300_step_11.npy,crop_00429_ID_220200210300_step_11_c8f97fcc52.png,/content/drive/MyDrive/sentinel3/SLSTR/ml_manual_crops_010526/png/crop_00429_ID_220200210300_step_11_c8f97fcc52.png,True
Solovieva_PL_crop_00432_ID_220200210300_step_12,432,220200210300,12,2020-02-28,12:00:00,2020-02-28 12:00:00,51.25,160.0,998.35437,17.837999999999997,512,512,Solovieva_diploma_PL_training_images/png/Solovieva_PL_crop_00432_ID_220200210300_step_12.png,Solovieva_diploma_PL_training_images/npy/Solovieva_PL_crop_00432_ID_220200210300_step_12.npy,crop_00432_ID_220200210300_step_12_7232334390.png,/content/drive/MyDrive/sentinel3/SLSTR/ml_manual_crops_010526/png/crop_00432_ID_220200210300_step_12_7232334390.png,True
Solovieva_PL_crop_00490_ID_220200210750_step_33,490,220200210750,33,2020-03-02,00:00:00,2020-03-02 00:00:00,53.0,181.0,998.62061,23.899,512,512,Solovieva_diploma_PL_training_images/png/Solovieva_PL_crop_00490_ID_220200210750_step_33.png,Solovieva_diploma_PL_training_images/npy/Solovieva_PL_crop_00490_ID_220200210750_step_33.npy,crop_00490_ID_220200210750_step_33_c199cbf837.png,/content/drive/MyDrive/sentinel3/SLSTR/ml_manual_crops_010526/png/crop_00490_ID_220200210750_step_33_c199cbf837.png,True
Solovieva_PL_crop_00491_ID_220200210750_step_34,491,220200210750,34,2020-03-02,01:00:00,2020-03-02 01:00:00,53.0,180.75,998.73621,24.69,512,512,Solovieva_diploma_PL_training_images/png/Solovieva_PL_crop_00491_ID_220200210750_step_34.png,Solovieva_diploma_PL_training_images/npy/Solovieva_PL_crop_00491_ID_220200210750_step_34.npy,crop_00491_ID_220200210750_step_34_3433621941.png,/content/drive/MyDrive/sentinel3/SLSTR/ml_manual_crops_010526/png/crop_00491_ID_220200210750_step_34_3433621941.png,True
Solovieva_PL_crop_00502_ID_220200210750_step_45,502,220200210750,45,2020-03-02,12:00:00,2020-03-02 12:00:00,51.0,180.5,1004.1087,25.121,512,512,Solovieva_diploma_PL_training_images/png/Solovieva_PL_crop_00502_ID_220200210750_step_45.png,Solovieva_diploma_PL_training_images/npy/Solovieva_PL_crop_00502_ID_220200210750_step_45.npy,crop_00502_ID_220200210750_step_45_11d8d9b39d.png,/content/drive/MyDrive/sentinel3/SLSTR/ml_manual_crops_010526/png/crop_00502_ID_220200210750_step_45_11d8d9b39d.png,True
Solovieva_PL_crop_00586_ID_220200304500_step_24,586,220200304500,24,2020-03-14,08:00:00,2020-03-14 08:00:00,57.75,150.0,988.15997,26.864,512,512,Solovieva_diploma_PL_training_images/png/Solovieva_PL_crop_00586_ID_220200304500_step_24.png,Solovieva_diploma_PL_training_images/npy/Solovieva_PL_crop_00586_ID_220200304500_step_24.npy,crop_00586_ID_220200304500_step_24_bf9f7ff7ed.png,/content/drive/MyDrive/sentinel3/SLSTR/ml_manual_crops_010526/png/crop_00586_ID_220200304500_step_24_bf9f7ff7ed.png,True
Solovieva_PL_crop_00737_ID_220200311160_step_6,737,220200311160,6,2020-03-30,04:00:00,2020-03-30 04:00:00,53.0,222.0,988.13812,18.38,512,512,Solovieva_diploma_PL_training_images/png/Solovieva_PL_crop_00737_ID_220200311160_step_6.png,Solovieva_diploma_PL_training_images/npy/Solovieva_PL_crop_00737_ID_220200311160_step_6.npy,crop_00737_ID_220200311160_step_6_81cf572146.png,/content/drive/MyDrive/sentinel3/SLSTR/ml_manual_crops_010526/png/crop_00737_ID_220200311160_step_6_81cf572146.png,True
Solovieva_PL_crop_00740_ID_220200311160_step_7,740,220200311160,7,2020-03-30,05:00:00,2020-03-30 05:00:00,52.75,222.25,988.88434,17.431,512,512,Solovieva_diploma_PL_training_images/png/Solovieva_PL_crop_00740_ID_220200311160_step_7.png,Solovieva_diploma_PL_training_images/npy/Solovieva_PL_crop_00740_ID_220200311160_step_7.npy,crop_00740_ID_220200311160_step_7_ded26124b1.png,/content/drive/MyDrive/sentinel3/SLSTR/ml_manual_crops_010526/png/crop_00740_ID_220200311160_step_7_ded26124b1.png,True
Solovieva_PL_crop_00743_ID_220200311160_step_8,743,220200311160,8,2020-03-30,06:00:00,2020-03-30 06:00:00,52.5,222.5,989.30933,16.875999999999998,512,512,Solovieva_diploma_PL_training_images/png/Solovieva_PL_crop_00743_ID_220200311160_step_8.png,Solovieva_diploma_PL_training_images/npy/Solovieva_PL_crop_00743_ID_220200311160_step_8.npy,crop_00743_ID_220200311160_step_8_1b5f50cd66.png,/content/drive/MyDrive/sentinel3/SLSTR/ml_manual_crops_010526/png/crop_00743_ID_220200311160_step_8_1b5f50cd66.png,True
Solovieva_PL_crop_00750_ID_220200311160_step_20,750,220200311160,20,2020-03-30,18:00:00,2020-03-30 18:00:00,52.0,228.0,993.00433,17.833,512,512,Solovieva_diploma_PL_training_images/png/Solovieva_PL_crop_00750_ID_220200311160_step_20.png,Solovieva_diploma_PL_training_images/npy/Solovieva_PL_crop_00750_ID_220200311160_step_20.npy,crop_00750_ID_220200311160_step_20_8cfddf30e9.png,/content/drive/MyDrive/sentinel3/SLSTR/ml_manual_crops_010526/png/crop_00750_ID_220200311160_step_20_8cfddf30e9.png,True
Solovieva_PL_crop_00749_ID_220200311250_step_19,749,220200311250,19,2020-03-30,20:00:00,2020-03-30 20:00:00,52.5,223.5,995.27875,19.344,512,512,Solovieva_diploma_PL_training_images/png/Solovieva_PL_crop_00749_ID_220200311250_step_19.png,Solovieva_diploma_PL_training_images/npy/Solovieva_PL_crop_00749_ID_220200311250_step_19.npy,crop_00749_ID_220200311250_step_19_7eaab2d29e.png,/content/drive/MyDrive/sentinel3/SLSTR/ml_manual_crops_010526/png/crop_00749_ID_220200311250_step_19_7eaab2d29e.png,True
Solovieva_PL_crop_00783_ID_220200401690_step_32,783,220200401690,32,2020-04-06,22:00:00,2020-04-06 22:00:00,58.0,190.75,1008.4837,37.667,512,512,Solovieva_diploma_PL_training_images/png/Solovieva_PL_crop_00783_ID_220200401690_step_32.png,Solovieva_diploma_PL_training_images/npy/Solovieva_PL_crop_00783_ID_220200401690_step_32.npy,crop_00783_ID_220200401690_step_32_faf3f1638e.png,/content/drive/MyDrive/sentinel3/SLSTR/ml_manual_crops_010526/png/crop_00783_ID_220200401690_step_32_faf3f1638e.png,True
Solovieva_PL_crop_00785_ID_220200401690_step_33,785,220200401690,33,2020-04-06,23:00:00,2020-04-06 23:00:00,57.75,191.0,1008.18811,36.983,512,512,Solovieva_diploma_PL_training_images/png/Solovieva_PL_crop_00785_ID_220200401690_step_33.png,Solovieva_diploma_PL_training_images/npy/Solovieva_PL_crop_00785_ID_220200401690_step_33.npy,crop_00785_ID_220200401690_step_33_a57dbe79fa.png,/content/drive/MyDrive/sentinel3/SLSTR/ml_manual_crops_010526/png/crop_00785_ID_220200401690_step_33_a57dbe79fa.png,True
Solovieva_PL_crop_00920_ID_220201008000_step_0,920,220201008000,0,2020-10-26,03:00:00,2020-10-26 03:00:00,80.0,152.25,994.82373,17.063,512,512,Solovieva_diploma_PL_training_images/png/Solovieva_PL_crop_00920_ID_220201008000_step_0.png,Solovieva_diploma_PL_training_images/npy/Solovieva_PL_crop_00920_ID_220201008000_step_0.npy,crop_00920_ID_220201008000_step_0_6c931e10de.png,/content/drive/MyDrive/sentinel3/SLSTR/ml_manual_crops_010526/png/crop_00920_ID_220201008000_step_0_6c931e10de.png,True
Solovieva_PL_crop_00921_ID_220201008000_step_1,921,220201008000,1,2020-10-26,04:00:00,2020-10-26 04:00:00,79.25,149.5,994.38373,17.638,512,512,Solovieva_diploma_PL_training_images/png/Solovieva_PL_crop_00921_ID_220201008000_step_1.png,Solovieva_diploma_PL_training_images/npy/Solovieva_PL_crop_00921_ID_220201008000_step_1.npy,crop_00921_ID_220201008000_step_1_2e8bd855b4.png,/content/drive/MyDrive/sentinel3/SLSTR/ml_manual_crops_010526/png/crop_00921_ID_220201008000_step_1_2e8bd855b4.png,True
Solovieva_PL_crop_00922_ID_220201008000_step_2,922,220201008000,2,2020-10-26,05:00:00,2020-10-26 05:00:00,79.0,149.5,994.25372,18.918,512,512,Solovieva_diploma_PL_training_images/png/Solovieva_PL_crop_00922_ID_220201008000_step_2.png,Solovieva_diploma_PL_training_images/npy/Solovieva_PL_crop_00922_ID_220201008000_step_2.npy,crop_00922_ID_220201008000_step_2_962780e394.png,/content/drive/MyDrive/sentinel3/SLSTR/ml_manual_crops_010526/png/crop_00922_ID_220201008000_step_2_962780e394.png,True
Solovieva_PL_crop_00924_ID_220201008000_step_4,924,220201008000,4,2020-10-26,07:00:00,2020-10-26 07:00:00,78.75,150.75,994.08563,21.739,512,512,Solovieva_diploma_PL_training_images/png/Solovieva_PL_crop_00924_ID_220201008000_step_4.png,Solovieva_diploma_PL_training_images/npy/Solovieva_PL_crop_00924_ID_220201008000_step_4.npy,crop_00924_ID_220201008000_step_4_6e29d71136.png,/content/drive/MyDrive/sentinel3/SLSTR/ml_manual_crops_010526/png/crop_00924_ID_220201008000_step_4_6e29d71136.png,True
Solovieva_PL_crop_00928_ID_220201008000_step_8,928,220201008000,8,2020-10-26,11:00:00,2020-10-26 11:00:00,77.75,155.0,994.59186,28.189000000000004,512,512,Solovieva_diploma_PL_training_images/png/Solovieva_PL_crop_00928_ID_220201008000_step_8.png,Solovieva_diploma_PL_training_images/npy/Solovieva_PL_crop_00928_ID_220201008000_step_8.npy,crop_00928_ID_220201008000_step_8_8be60250d4.png,/content/drive/MyDrive/sentinel3/SLSTR/ml_manual_crops_010526/png/crop_00928_ID_220201008000_step_8_8be60250d4.png,True
Solovieva_PL_crop_00929_ID_220201008000_step_9,929,220201008000,9,2020-10-26,12:00:00,2020-10-26 12:00:00,77.5,156.0,994.64996,30.188,512,512,Solovieva_diploma_PL_training_images/png/Solovieva_PL_crop_00929_ID_220201008000_step_9.png,Solovieva_diploma_PL_training_images/npy/Solovieva_PL_crop_00929_ID_220201008000_step_9.npy,crop_00929_ID_220201008000_step_9_aaee1869e8.png,/content/drive/MyDrive/sentinel3/SLSTR/ml_manual_crops_010526/png/crop_00929_ID_220201008000_step_9_aaee1869e8.png,True
Solovieva_PL_crop_00930_ID_220201008000_step_10,930,220201008000,10,2020-10-26,13:00:00,2020-10-26 13:00:00,77.25,158.0,995.3056,25.169000000000004,512,512,Solovieva_diploma_PL_training_images/png/Solovieva_PL_crop_00930_ID_220201008000_step_10.png,Solovieva_diploma_PL_training_images/npy/Solovieva_PL_crop_00930_ID_220201008000_step_10.npy,crop_00930_ID_220201008000_step_10_2244427f6a.png,/content/drive/MyDrive/sentinel3/SLSTR/ml_manual_crops_010526/png/crop_00930_ID_220201008000_step_10_2244427f6a.png,True
Solovieva_PL_crop_00931_ID_220201008000_step_11,931,220201008000,11,2020-10-26,14:00:00,2020-10-26 14:00:00,77.25,158.5,994.51434,24.053,512,512,Solovieva_diploma_PL_training_images/png/Solovieva_PL_crop_00931_ID_220201008000_step_11.png,Solovieva_diploma_PL_training_images/npy/Solovieva_PL_crop_00931_ID_220201008000_step_11.npy,crop_00931_ID_220201008000_step_11_b1a57a4e80.png,/content/drive/MyDrive/sentinel3/SLSTR/ml_manual_crops_010526/png/crop_00931_ID_220201008000_step_11_b1a57a4e80.png,True
Solovieva_PL_crop_00951_ID_220201008800_step_31,951,220201008800,31,2020-10-30,05:00:00,2020-10-30 05:00:00,74.75,183.0,997.75623,27.557,512,512,Solovieva_diploma_PL_training_images/png/Solovieva_PL_crop_00951_ID_220201008800_step_31.png,Solovieva_diploma_PL_training_images/npy/Solovieva_PL_crop_00951_ID_220201008800_step_31.npy,crop_00951_ID_220201008800_step_31_34c5c4782b.png,/content/drive/MyDrive/sentinel3/SLSTR/ml_manual_crops_010526/png/crop_00951_ID_220201008800_step_31_34c5c4782b.png,True
Solovieva_PL_crop_00952_ID_220201008800_step_32,952,220201008800,32,2020-10-30,06:00:00,2020-10-30 06:00:00,74.5,183.5,998.22437,28.157,512,512,Solovieva_diploma_PL_training_images/png/Solovieva_PL_crop_00952_ID_220201008800_step_32.png,Solovieva_diploma_PL_training_images/npy/Solovieva_PL_crop_00952_ID_220201008800_step_32.npy,crop_00952_ID_220201008800_step_32_a3f3c875d6.png,/content/drive/MyDrive/sentinel3/SLSTR/ml_manual_crops_010526/png/crop_00952_ID_220201008800_step_32_a3f3c875d6.png,True
Solovieva_PL_crop_00953_ID_220201008800_step_33,953,220201008800,33,2020-10-30,07:00:00,2020-10-30 07:00:00,74.25,184.0,998.66998,27.628000000000004,512,512,Solovieva_diploma_PL_training_images/png/Solovieva_PL_crop_00953_ID_220201008800_step_33.png,Solovieva_diploma_PL_training_images/npy/Solovieva_PL_crop_00953_ID_220201008800_step_33.npy,crop_00953_ID_220201008800_step_33_f488be8089.png,/content/drive/MyDrive/sentinel3/SLSTR/ml_manual_crops_010526/png/crop_00953_ID_220201008800_step_33_f488be8089.png,True
Solovieva_PL_crop_00957_ID_220201008800_step_48,957,220201008800,48,2020-10-30,22:00:00,2020-10-30 22:00:00,69.75,196.25,999.43872,22.596,512,512,Solovieva_diploma_PL_training_images/png/Solovieva_PL_crop_00957_ID_220201008800_step_48.png,Solovieva_diploma_PL_training_images/npy/Solovieva_PL_crop_00957_ID_220201008800_step_48.npy,crop_00957_ID_220201008800_step_48_8cddb603b2.png,/content/drive/MyDrive/sentinel3/SLSTR/ml_manual_crops_010526/png/crop_00957_ID_220201008800_step_48_8cddb603b2.png,True
Solovieva_PL_crop_00941_ID_220201009220_step_1,941,220201009220,1,2020-10-30,10:00:00,2020-10-30 10:00:00,74.5,198.25,998.34308,21.57,512,512,Solovieva_diploma_PL_training_images/png/Solovieva_PL_crop_00941_ID_220201009220_step_1.png,Solovieva_diploma_PL_training_images/npy/Solovieva_PL_crop_00941_ID_220201009220_step_1.npy,crop_00941_ID_220201009220_step_1_7ab90ac39f.png,/content/drive/MyDrive/sentinel3/SLSTR/ml_manual_crops_010526/png/crop_00941_ID_220201009220_step_1_7ab90ac39f.png,True
Solovieva_PL_crop_00946_ID_220201009220_step_8,946,220201009220,8,2020-10-30,17:00:00,2020-10-30 17:00:00,74.5,197.25,999.45685,19.965,512,512,Solovieva_diploma_PL_training_images/png/Solovieva_PL_crop_00946_ID_220201009220_step_8.png,Solovieva_diploma_PL_training_images/npy/Solovieva_PL_crop_00946_ID_220201009220_step_8.npy,crop_00946_ID_220201009220_step_8_3f414ba003.png,/content/drive/MyDrive/sentinel3/SLSTR/ml_manual_crops_010526/png/crop_00946_ID_220201009220_step_8_3f414ba003.png,True
Solovieva_PL_crop_00974_ID_220201100890_step_24,974,220201100890,24,2020-11-03,22:00:00,2020-11-03 22:00:00,56.0,143.75,972.7962,43.66600000000001,512,512,Solovieva_diploma_PL_training_images/png/Solovieva_PL_crop_00974_ID_220201100890_step_24.png,Solovieva_diploma_PL_training_images/npy/Solovieva_PL_crop_00974_ID_220201100890_step_24.npy,crop_00974_ID_220201100890_step_24_225344c967.png,/content/drive/MyDrive/sentinel3/SLSTR/ml_manual_crops_010526/png/crop_00974_ID_220201100890_step_24_225344c967.png,True
Solovieva_PL_crop_00975_ID_220201100890_step_25,975,220201100890,25,2020-11-03,23:00:00,2020-11-03 23:00:00,56.25,144.0,971.04688,43.328,512,512,Solovieva_diploma_PL_training_images/png/Solovieva_PL_crop_00975_ID_220201100890_step_25.png,Solovieva_diploma_PL_training_images/npy/Solovieva_PL_crop_00975_ID_220201100890_step_25.npy,crop_00975_ID_220201100890_step_25_b3fd4cd936.png,/content/drive/MyDrive/sentinel3/SLSTR/ml_manual_crops_010526/png/crop_00975_ID_220201100890_step_25_b3fd4cd936.png,True
Solovieva_PL_crop_00990_ID_220201100890_step_34,990,220201100890,34,2020-11-04,08:00:00,2020-11-04 08:00:00,56.25,144.25,969.35809,41.661,512,512,Solovieva_diploma_PL_training_images/png/Solovieva_PL_crop_00990_ID_220201100890_step_34.png,Solovieva_diploma_PL_training_images/npy/Solovieva_PL_crop_00990_ID_220201100890_step_34.npy,crop_00990_ID_220201100890_step_34_1b4e14a925.png,/content/drive/MyDrive/sentinel3/SLSTR/ml_manual_crops_010526/png/crop_00990_ID_220201100890_step_34_1b4e14a925.png,True
Solovieva_PL_crop_00991_ID_220201100890_step_35,991,220201100890,35,2020-11-04,09:00:00,2020-11-04 09:00:00,56.25,144.5,969.38,41.758,512,512,Solovieva_diploma_PL_training_images/png/Solovieva_PL_crop_00991_ID_220201100890_step_35.png,Solovieva_diploma_PL_training_images/npy/Solovieva_PL_crop_00991_ID_220201100890_step_35.npy,crop_00991_ID_220201100890_step_35_2ac7ce8984.png,/content/drive/MyDrive/sentinel3/SLSTR/ml_manual_crops_010526/png/crop_00991_ID_220201100890_step_35_2ac7ce8984.png,True
Solovieva_PL_crop_00969_ID_220201101150_step_8,969,220201101150,8,2020-11-03,20:00:00,2020-11-03 20:00:00,70.75,195.0,998.41187,24.399,512,512,Solovieva_diploma_PL_training_images/png/Solovieva_PL_crop_00969_ID_220201101150_step_8.png,Solovieva_diploma_PL_training_images/npy/Solovieva_PL_crop_00969_ID_220201101150_step_8.npy,crop_00969_ID_220201101150_step_8_b5eb701069.png,/content/drive/MyDrive/sentinel3/SLSTR/ml_manual_crops_010526/png/crop_00969_ID_220201101150_step_8_b5eb701069.png,True
Solovieva_PL_crop_00970_ID_220201101150_step_9,970,220201101150,9,2020-11-03,21:00:00,2020-11-03 21:00:00,71.0,195.25,998.02936,26.401,512,512,Solovieva_diploma_PL_training_images/png/Solovieva_PL_crop_00970_ID_220201101150_step_9.png,Solovieva_diploma_PL_training_images/npy/Solovieva_PL_crop_00970_ID_220201101150_step_9.npy,crop_00970_ID_220201101150_step_9_0323e2b4c4.png,/content/drive/MyDrive/sentinel3/SLSTR/ml_manual_crops_010526/png/crop_00970_ID_220201101150_step_9_0323e2b4c4.png,True
Solovieva_PL_crop_00982_ID_220201101150_step_22,982,220201101150,22,2020-11-04,10:00:00,2020-11-04 10:00:00,72.75,198.5,994.31,30.898000000000003,512,512,Solovieva_diploma_PL_training_images/png/Solovieva_PL_crop_00982_ID_220201101150_step_22.png,Solovieva_diploma_PL_training_images/npy/Solovieva_PL_crop_00982_ID_220201101150_step_22.npy,crop_00982_ID_220201101150_step_22_08773b76be.png,/content/drive/MyDrive/sentinel3/SLSTR/ml_manual_crops_010526/png/crop_00982_ID_220201101150_step_22_08773b76be.png,True
Solovieva_PL_crop_00977_ID_220201101710_step_7,977,220201101710,7,2020-11-04,20:00:00,2020-11-04 20:00:00,53.75,207.5,1006.64746,20.579,512,512,Solovieva_diploma_PL_training_images/png/Solovieva_PL_crop_00977_ID_220201101710_step_7.png,Solovieva_diploma_PL_training_images/npy/Solovieva_PL_crop_00977_ID_220201101710_step_7.npy,crop_00977_ID_220201101710_step_7_096fb966e3.png,/content/drive/MyDrive/sentinel3/SLSTR/ml_manual_crops_010526/png/crop_00977_ID_220201101710_step_7_096fb966e3.png,True
Solovieva_PL_crop_00979_ID_220201101710_step_9,979,220201101710,9,2020-11-04,22:00:00,2020-11-04 22:00:00,52.75,208.0,1008.34808,19.2,512,512,Solovieva_diploma_PL_training_images/png/Solovieva_PL_crop_00979_ID_220201101710_step_9.png,Solovieva_diploma_PL_training_images/npy/Solovieva_PL_crop_00979_ID_220201101710_step_9.npy,crop_00979_ID_220201101710_step_9_e50409e8d4.png,/content/drive/MyDrive/sentinel3/SLSTR/ml_manual_crops_010526/png/crop_00979_ID_220201101710_step_9_e50409e8d4.png,True
Solovieva_PL_crop_01009_ID_220201103360_step_11,1009,220201103360,11,2020-11-08,23:00:00,2020-11-08 23:00:00,55.75,144.0,999.62811,20.663,512,512,Solovieva_diploma_PL_training_images/png/Solovieva_PL_crop_01009_ID_220201103360_step_11.png,Solovieva_diploma_PL_training_images/npy/Solovieva_PL_crop_01009_ID_220201103360_step_11.npy,crop_01009_ID_220201103360_step_11_25529cedcd.png,/content/drive/MyDrive/sentinel3/SLSTR/ml_manual_crops_010526/png/crop_01009_ID_220201103360_step_11_25529cedcd.png,True
Solovieva_PL_crop_01014_ID_220201103360_step_12,1014,220201103360,12,2020-11-09,00:00:00,2020-11-09 00:00:00,55.5,143.75,999.98059,20.807,512,512,Solovieva_diploma_PL_training_images/png/Solovieva_PL_crop_01014_ID_220201103360_step_12.png,Solovieva_diploma_PL_training_images/npy/Solovieva_PL_crop_01014_ID_220201103360_step_12.npy,crop_01014_ID_220201103360_step_12_83e43b2074.png,/content/drive/MyDrive/sentinel3/SLSTR/ml_manual_crops_010526/png/crop_01014_ID_220201103360_step_12_83e43b2074.png,True
Solovieva_PL_crop_01011_ID_220201103660_step_1,1011,220201103660,1,2020-11-09,06:00:00,2020-11-09 06:00:00,55.5,143.0,1001.78058,17.326,512,512,Solovieva_diploma_PL_training_images/png/Solovieva_PL_crop_01011_ID_220201103660_step_1.png,Solovieva_diploma_PL_training_images/npy/Solovieva_PL_crop_01011_ID_220201103660_step_1.npy,crop_01011_ID_220201103660_step_1_8f93f574b0.png,/content/drive/MyDrive/sentinel3/SLSTR/ml_manual_crops_010526/png/crop_01011_ID_220201103660_step_1_8f93f574b0.png,True
Solovieva_PL_crop_01012_ID_220201103660_step_2,1012,220201103660,2,2020-11-09,07:00:00,2020-11-09 07:00:00,55.5,143.0,1001.96875,17.723,512,512,Solovieva_diploma_PL_training_images/png/Solovieva_PL_crop_01012_ID_220201103660_step_2.png,Solovieva_diploma_PL_training_images/npy/Solovieva_PL_crop_01012_ID_220201103660_step_2.npy,crop_01012_ID_220201103660_step_2_0abc14bb24.png,/content/drive/MyDrive/sentinel3/SLSTR/ml_manual_crops_010526/png/crop_01012_ID_220201103660_step_2_0abc14bb24.png,True
Solovieva_PL_crop_01013_ID_220201103660_step_11,1013,220201103660,11,2020-11-09,16:00:00,2020-11-09 16:00:00,54.75,142.25,1003.31873,18.015,512,512,Solovieva_diploma_PL_training_images/png/Solovieva_PL_crop_01013_ID_220201103660_step_11.png,Solovieva_diploma_PL_training_images/npy/Solovieva_PL_crop_01013_ID_220201103660_step_11.npy,crop_01013_ID_220201103660_step_11_91c96fde1e.png,/content/drive/MyDrive/sentinel3/SLSTR/ml_manual_crops_010526/png/crop_01013_ID_220201103660_step_11_91c96fde1e.png,True
Solovieva_PL_crop_01015_ID_220201103660_step_12,1015,220201103660,12,2020-11-09,17:00:00,2020-11-09 17:00:00,54.75,142.25,1003.34875,17.199,512,512,Solovieva_diploma_PL_training_images/png/Solovieva_PL_crop_01015_ID_220201103660_step_12.png,Solovieva_diploma_PL_training_images/npy/Solovieva_PL_crop_01015_ID_220201103660_step_12.npy,crop_01015_ID_220201103660_step_12_c0b04c3db5.png,/content/drive/MyDrive/sentinel3/SLSTR/ml_manual_crops_010526/png/crop_01015_ID_220201103660_step_12_c0b04c3db5.png,True
Solovieva_PL_crop_01016_ID_220201104350_step_0,1016,220201104350,0,2020-11-10,15:00:00,2020-11-10 15:00:00,57.75,153.0,1002.30499,17.28,512,512,Solovieva_diploma_PL_training_images/png/Solovieva_PL_crop_01016_ID_220201104350_step_0.png,Solovieva_diploma_PL_training_images/npy/Solovieva_PL_crop_01016_ID_220201104350_step_0.npy,crop_01016_ID_220201104350_step_0_504d7d9158.png,/content/drive/MyDrive/sentinel3/SLSTR/ml_manual_crops_010526/png/crop_01016_ID_220201104350_step_0_504d7d9158.png,True
Solovieva_PL_crop_01017_ID_220201104350_step_1,1017,220201104350,1,2020-11-10,16:00:00,2020-11-10 16:00:00,58.0,153.25,1002.10559,20.089,512,512,Solovieva_diploma_PL_training_images/png/Solovieva_PL_crop_01017_ID_220201104350_step_1.png,Solovieva_diploma_PL_training_images/npy/Solovieva_PL_crop_01017_ID_220201104350_step_1.npy,crop_01017_ID_220201104350_step_1_5a098374dc.png,/content/drive/MyDrive/sentinel3/SLSTR/ml_manual_crops_010526/png/crop_01017_ID_220201104350_step_1_5a098374dc.png,True
Solovieva_PL_crop_01020_ID_220201104350_step_11,1020,220201104350,11,2020-11-11,02:00:00,2020-11-11 02:00:00,58.25,156.5,1000.38562,31.462,512,512,Solovieva_diploma_PL_training_images/png/Solovieva_PL_crop_01020_ID_220201104350_step_11.png,Solovieva_diploma_PL_training_images/npy/Solovieva_PL_crop_01020_ID_220201104350_step_11.npy,crop_01020_ID_220201104350_step_11_898dc6cf78.png,/content/drive/MyDrive/sentinel3/SLSTR/ml_manual_crops_010526/png/crop_01020_ID_220201104350_step_11_898dc6cf78.png,True
Solovieva_PL_crop_01040_ID_220201105570_step_8,1040,220201105570,8,2020-11-14,09:00:00,2020-11-14 09:00:00,53.0,207.0,997.89624,26.215,512,512,Solovieva_diploma_PL_training_images/png/Solovieva_PL_crop_01040_ID_220201105570_step_8.png,Solovieva_diploma_PL_training_images/npy/Solovieva_PL_crop_01040_ID_220201105570_step_8.npy,crop_01040_ID_220201105570_step_8_0138382d45.png,/content/drive/MyDrive/sentinel3/SLSTR/ml_manual_crops_010526/png/crop_01040_ID_220201105570_step_8_0138382d45.png,True
Solovieva_PL_crop_01041_ID_220201105570_step_20,1041,220201105570,20,2020-11-14,21:00:00,2020-11-14 21:00:00,51.5,212.0,998.96124,21.885,512,512,Solovieva_diploma_PL_training_images/png/Solovieva_PL_crop_01041_ID_220201105570_step_20.png,Solovieva_diploma_PL_training_images/npy/Solovieva_PL_crop_01041_ID_220201105570_step_20.npy,crop_01041_ID_220201105570_step_20_373d1e39cc.png,/content/drive/MyDrive/sentinel3/SLSTR/ml_manual_crops_010526/png/crop_01041_ID_220201105570_step_20_373d1e39cc.png,True
Solovieva_PL_crop_01051_ID_220201108720_step_0,1051,220201108720,0,2020-11-22,18:00:00,2020-11-22 18:00:00,54.75,152.25,982.57745,34.541,512,512,Solovieva_diploma_PL_training_images/png/Solovieva_PL_crop_01051_ID_220201108720_step_0.png,Solovieva_diploma_PL_training_images/npy/Solovieva_PL_crop_01051_ID_220201108720_step_0.npy,crop_01051_ID_220201108720_step_0_8206c40766.png,/content/drive/MyDrive/sentinel3/SLSTR/ml_manual_crops_010526/png/crop_01051_ID_220201108720_step_0_8206c40766.png,True
Solovieva_PL_crop_01092_ID_220201203000_step_11,1092,220201203000,11,2020-12-08,09:00:00,2020-12-08 09:00:00,54.75,164.0,996.07996,32.169000000000004,512,512,Solovieva_diploma_PL_training_images/png/Solovieva_PL_crop_01092_ID_220201203000_step_11.png,Solovieva_diploma_PL_training_images/npy/Solovieva_PL_crop_01092_ID_220201203000_step_11.npy,crop_01092_ID_220201203000_step_11_cc333a52b9.png,/content/drive/MyDrive/sentinel3/SLSTR/ml_manual_crops_010526/png/crop_01092_ID_220201203000_step_11_cc333a52b9.png,True
Solovieva_PL_crop_01127_ID_220201204600_step_11,1127,220201204600,11,2020-12-12,22:00:00,2020-12-12 22:00:00,56.75,143.75,1001.9375,30.279,512,512,Solovieva_diploma_PL_training_images/png/Solovieva_PL_crop_01127_ID_220201204600_step_11.png,Solovieva_diploma_PL_training_images/npy/Solovieva_PL_crop_01127_ID_220201204600_step_11.npy,crop_01127_ID_220201204600_step_11_7071b03df4.png,/content/drive/MyDrive/sentinel3/SLSTR/ml_manual_crops_010526/png/crop_01127_ID_220201204600_step_11_7071b03df4.png,True
Solovieva_PL_crop_01137_ID_220201205820_step_0,1137,220201205820,0,2020-12-15,03:00:00,2020-12-15 03:00:00,47.25,152.0,972.44684,22.073,512,512,Solovieva_diploma_PL_training_images/png/Solovieva_PL_crop_01137_ID_220201205820_step_0.png,Solovieva_diploma_PL_training_images/npy/Solovieva_PL_crop_01137_ID_220201205820_step_0.npy,crop_01137_ID_220201205820_step_0_12c8ba8ada.png,/content/drive/MyDrive/sentinel3/SLSTR/ml_manual_crops_010526/png/crop_01137_ID_220201205820_step_0_12c8ba8ada.png,True
Solovieva_PL_crop_01138_ID_220201205820_step_1,1138,220201205820,1,2020-12-15,04:00:00,2020-12-15 04:00:00,47.5,153.25,971.58185,21.471,512,512,Solovieva_diploma_PL_training_images/png/Solovieva_PL_crop_01138_ID_220201205820_step_1.png,Solovieva_diploma_PL_training_images/npy/Solovieva_PL_crop_01138_ID_220201205820_step_1.npy,crop_01138_ID_220201205820_step_1_f3aff6836f.png,/content/drive/MyDrive/sentinel3/SLSTR/ml_manual_crops_010526/png/crop_01138_ID_220201205820_step_1_f3aff6836f.png,True
Solovieva_PL_crop_01145_ID_220201205820_step_9,1145,220201205820,9,2020-12-15,12:00:00,2020-12-15 12:00:00,49.0,158.75,972.86688,21.308000000000003,512,512,Solovieva_diploma_PL_training_images/png/Solovieva_PL_crop_01145_ID_220201205820_step_9.png,Solovieva_diploma_PL_training_images/npy/Solovieva_PL_crop_01145_ID_220201205820_step_9.npy,crop_01145_ID_220201205820_step_9_f6aadcc6db.png,/content/drive/MyDrive/sentinel3/SLSTR/ml_manual_crops_010526/png/crop_01145_ID_220201205820_step_9_f6aadcc6db.png,True
Solovieva_PL_crop_01147_ID_220201205820_step_10,1147,220201205820,10,2020-12-15,13:00:00,2020-12-15 13:00:00,49.25,159.25,972.51373,22.879,512,512,Solovieva_diploma_PL_training_images/png/Solovieva_PL_crop_01147_ID_220201205820_step_10.png,Solovieva_diploma_PL_training_images/npy/Solovieva_PL_crop_01147_ID_220201205820_step_10.npy,crop_01147_ID_220201205820_step_10_67bd1092ea.png,/content/drive/MyDrive/sentinel3/SLSTR/ml_manual_crops_010526/png/crop_01147_ID_220201205820_step_10_67bd1092ea.png,True
Solovieva_PL_crop_01149_ID_220201205820_step_11,1149,220201205820,11,2020-12-15,14:00:00,2020-12-15 14:00:00,49.25,159.75,972.36621,24.249,512,512,Solovieva_diploma_PL_training_images/png/Solovieva_PL_crop_01149_ID_220201205820_step_11.png,Solovieva_diploma_PL_training_images/npy/Solovieva_PL_crop_01149_ID_220201205820_step_11.npy,crop_01149_ID_220201205820_step_11_88ac027ee3.png,/content/drive/MyDrive/sentinel3/SLSTR/ml_manual_crops_010526/png/crop_01149_ID_220201205820_step_11_88ac027ee3.png,True
Solovieva_PL_crop_01163_ID_220201205820_step_23,1163,220201205820,23,2020-12-16,02:00:00,2020-12-16 02:00:00,52.5,160.75,970.83124,34.568000000000005,512,512,Solovieva_diploma_PL_training_images/png/Solovieva_PL_crop_01163_ID_220201205820_step_23.png,Solovieva_diploma_PL_training_images/npy/Solovieva_PL_crop_01163_ID_220201205820_step_23.npy,crop_01163_ID_220201205820_step_23_be95fd8511.png,/content/drive/MyDrive/sentinel3/SLSTR/ml_manual_crops_010526/png/crop_01163_ID_220201205820_step_23_be95fd8511.png,True
Solovieva_PL_crop_01160_ID_220201206210_step_10,1160,220201206210,10,2020-12-16,05:00:00,2020-12-16 05:00:00,53.25,167.75,979.56122,19.167,512,512,Solovieva_diploma_PL_training_images/png/Solovieva_PL_crop_01160_ID_220201206210_step_10.png,Solovieva_diploma_PL_training_images/npy/Solovieva_PL_crop_01160_ID_220201206210_step_10.npy,crop_01160_ID_220201206210_step_10_dc330e670a.png,/content/drive/MyDrive/sentinel3/SLSTR/ml_manual_crops_010526/png/crop_01160_ID_220201206210_step_10_dc330e670a.png,True
Solovieva_PL_crop_01188_ID_220201206410_step_33,1188,220201206410,33,2020-12-17,20:00:00,2020-12-17 20:00:00,54.75,186.25,971.60559,32.462,512,512,Solovieva_diploma_PL_training_images/png/Solovieva_PL_crop_01188_ID_220201206410_step_33.png,Solovieva_diploma_PL_training_images/npy/Solovieva_PL_crop_01188_ID_220201206410_step_33.npy,crop_01188_ID_220201206410_step_33_de5c7b5c1f.png,/content/drive/MyDrive/sentinel3/SLSTR/ml_manual_crops_010526/png/crop_01188_ID_220201206410_step_33_de5c7b5c1f.png,True
Solovieva_PL_crop_01207_ID_220201206410_step_45,1207,220201206410,45,2020-12-18,08:00:00,2020-12-18 08:00:00,56.25,188.0,971.6875,27.05,512,512,Solovieva_diploma_PL_training_images/png/Solovieva_PL_crop_01207_ID_220201206410_step_45.png,Solovieva_diploma_PL_training_images/npy/Solovieva_PL_crop_01207_ID_220201206410_step_45.npy,crop_01207_ID_220201206410_step_45_3f7ee594b8.png,/content/drive/MyDrive/sentinel3/SLSTR/ml_manual_crops_010526/png/crop_01207_ID_220201206410_step_45_3f7ee594b8.png,True
Solovieva_PL_crop_01209_ID_220201206410_step_46,1209,220201206410,46,2020-12-18,09:00:00,2020-12-18 09:00:00,56.25,188.0,971.87433,26.625,512,512,Solovieva_diploma_PL_training_images/png/Solovieva_PL_crop_01209_ID_220201206410_step_46.png,Solovieva_diploma_PL_training_images/npy/Solovieva_PL_crop_01209_ID_220201206410_step_46.npy,crop_01209_ID_220201206410_step_46_e098fc5928.png,/content/drive/MyDrive/sentinel3/SLSTR/ml_manual_crops_010526/png/crop_01209_ID_220201206410_step_46_e098fc5928.png,True
Solovieva_PL_crop_01210_ID_220201206410_step_47,1210,220201206410,47,2020-12-18,10:00:00,2020-12-18 10:00:00,56.25,188.25,972.19312,26.754,512,512,Solovieva_diploma_PL_training_images/png/Solovieva_PL_crop_01210_ID_220201206410_step_47.png,Solovieva_diploma_PL_training_images/npy/Solovieva_PL_crop_01210_ID_220201206410_step_47.npy,crop_01210_ID_220201206410_step_47_466c2b2521.png,/content/drive/MyDrive/sentinel3/SLSTR/ml_manual_crops_010526/png/crop_01210_ID_220201206410_step_47_466c2b2521.png,True
Solovieva_PL_crop_01214_ID_220201206410_step_56,1214,220201206410,56,2020-12-18,19:00:00,2020-12-18 19:00:00,56.5,189.25,972.11438,25.716,512,512,Solovieva_diploma_PL_training_images/png/Solovieva_PL_crop_01214_ID_220201206410_step_56.png,Solovieva_diploma_PL_training_images/npy/Solovieva_PL_crop_01214_ID_220201206410_step_56.npy,crop_01214_ID_220201206410_step_56_f586916070.png,/content/drive/MyDrive/sentinel3/SLSTR/ml_manual_crops_010526/png/crop_01214_ID_220201206410_step_56_f586916070.png,True
Solovieva_PL_crop_01215_ID_220201206410_step_57,1215,220201206410,57,2020-12-18,20:00:00,2020-12-18 20:00:00,56.5,189.5,972.1781,25.512,512,512,Solovieva_diploma_PL_training_images/png/Solovieva_PL_crop_01215_ID_220201206410_step_57.png,Solovieva_diploma_PL_training_images/npy/Solovieva_PL_crop_01215_ID_220201206410_step_57.npy,crop_01215_ID_220201206410_step_57_18e4d535ef.png,/content/drive/MyDrive/sentinel3/SLSTR/ml_manual_crops_010526/png/crop_01215_ID_220201206410_step_57_18e4d535ef.png,True
Solovieva_PL_crop_01156_ID_220201206650_step_0,1156,220201206650,0,2020-12-16,21:00:00,2020-12-16 21:00:00,51.0,146.5,984.23749,19.189,512,512,Solovieva_diploma_PL_training_images/png/Solovieva_PL_crop_01156_ID_220201206650_step_0.png,Solovieva_diploma_PL_training_images/npy/Solovieva_PL_crop_01156_ID_220201206650_step_0.npy,crop_01156_ID_220201206650_step_0_74362bcfa2.png,/content/drive/MyDrive/sentinel3/SLSTR/ml_manual_crops_010526/png/crop_01156_ID_220201206650_step_0_74362bcfa2.png,True
Solovieva_PL_crop_01174_ID_220201206650_step_11,1174,220201206650,11,2020-12-17,08:00:00,2020-12-17 08:00:00,47.25,149.5,988.85187,17.732,512,512,Solovieva_diploma_PL_training_images/png/Solovieva_PL_crop_01174_ID_220201206650_step_11.png,Solovieva_diploma_PL_training_images/npy/Solovieva_PL_crop_01174_ID_220201206650_step_11.npy,crop_01174_ID_220201206650_step_11_63f85c8180.png,/content/drive/MyDrive/sentinel3/SLSTR/ml_manual_crops_010526/png/crop_01174_ID_220201206650_step_11_63f85c8180.png,True
Solovieva_PL_crop_01165_ID_220201206900_step_0,1165,220201206900,0,2020-12-17,09:00:00,2020-12-17 09:00:00,53.5,167.25,975.9187,16.027,512,512,Solovieva_diploma_PL_training_images/png/Solovieva_PL_crop_01165_ID_220201206900_step_0.png,Solovieva_diploma_PL_training_images/npy/Solovieva_PL_crop_01165_ID_220201206900_step_0.npy,crop_01165_ID_220201206900_step_0_781dd2e26a.png,/content/drive/MyDrive/sentinel3/SLSTR/ml_manual_crops_010526/png/crop_01165_ID_220201206900_step_0_781dd2e26a.png,True
Solovieva_PL_crop_01173_ID_220201206900_step_10,1173,220201206900,10,2020-12-17,19:00:00,2020-12-17 19:00:00,53.75,165.0,976.19745,17.288,512,512,Solovieva_diploma_PL_training_images/png/Solovieva_PL_crop_01173_ID_220201206900_step_10.png,Solovieva_diploma_PL_training_images/npy/Solovieva_PL_crop_01173_ID_220201206900_step_10.npy,crop_01173_ID_220201206900_step_10_9b3158fa7d.png,/content/drive/MyDrive/sentinel3/SLSTR/ml_manual_crops_010526/png/crop_01173_ID_220201206900_step_10_9b3158fa7d.png,True
Solovieva_PL_crop_01175_ID_220201206900_step_11,1175,220201206900,11,2020-12-17,20:00:00,2020-12-17 20:00:00,53.75,165.0,976.60059,17.623,512,512,Solovieva_diploma_PL_training_images/png/Solovieva_PL_crop_01175_ID_220201206900_step_11.png,Solovieva_diploma_PL_training_images/npy/Solovieva_PL_crop_01175_ID_220201206900_step_11.npy,crop_01175_ID_220201206900_step_11_ab7ab55857.png,/content/drive/MyDrive/sentinel3/SLSTR/ml_manual_crops_010526/png/crop_01175_ID_220201206900_step_11_ab7ab55857.png,True
Solovieva_PL_crop_01191_ID_220201206900_step_22,1191,220201206900,22,2020-12-18,07:00:00,2020-12-18 07:00:00,51.75,165.75,979.70563,19.891,512,512,Solovieva_diploma_PL_training_images/png/Solovieva_PL_crop_01191_ID_220201206900_step_22.png,Solovieva_diploma_PL_training_images/npy/Solovieva_PL_crop_01191_ID_220201206900_step_22.npy,crop_01191_ID_220201206900_step_22_49d5867445.png,/content/drive/MyDrive/sentinel3/SLSTR/ml_manual_crops_010526/png/crop_01191_ID_220201206900_step_22_49d5867445.png,True
Solovieva_PL_crop_01192_ID_220201206900_step_23,1192,220201206900,23,2020-12-18,08:00:00,2020-12-18 08:00:00,51.75,166.0,979.91498,20.667,512,512,Solovieva_diploma_PL_training_images/png/Solovieva_PL_crop_01192_ID_220201206900_step_23.png,Solovieva_diploma_PL_training_images/npy/Solovieva_PL_crop_01192_ID_220201206900_step_23.npy,crop_01192_ID_220201206900_step_23_bd96d68e1d.png,/content/drive/MyDrive/sentinel3/SLSTR/ml_manual_crops_010526/png/crop_01192_ID_220201206900_step_23_bd96d68e1d.png,True
Solovieva_PL_crop_01202_ID_220201206900_step_35,1202,220201206900,35,2020-12-18,20:00:00,2020-12-18 20:00:00,51.75,171.25,982.89813,15.880999999999998,512,512,Solovieva_diploma_PL_training_images/png/Solovieva_PL_crop_01202_ID_220201206900_step_35.png,Solovieva_diploma_PL_training_images/npy/Solovieva_PL_crop_01202_ID_220201206900_step_35.npy,crop_01202_ID_220201206900_step_35_e956261b9c.png,/content/drive/MyDrive/sentinel3/SLSTR/ml_manual_crops_010526/png/crop_01202_ID_220201206900_step_35_e956261b9c.png,True
Solovieva_PL_crop_01189_ID_220201207380_step_9,1189,220201207380,9,2020-12-18,20:00:00,2020-12-18 20:00:00,56.25,169.0,981.72186,21.32,512,512,Solovieva_diploma_PL_training_images/png/Solovieva_PL_crop_01189_ID_220201207380_step_9.png,Solovieva_diploma_PL_training_images/npy/Solovieva_PL_crop_01189_ID_220201207380_step_9.npy,crop_01189_ID_220201207380_step_9_e38a592195.png,/content/drive/MyDrive/sentinel3/SLSTR/ml_manual_crops_010526/png/crop_01189_ID_220201207380_step_9_e38a592195.png,True
Solovieva_PL_crop_01190_ID_220201207380_step_10,1190,220201207380,10,2020-12-18,21:00:00,2020-12-18 21:00:00,56.25,168.75,981.9425,21.288,512,512,Solovieva_diploma_PL_training_images/png/Solovieva_PL_crop_01190_ID_220201207380_step_10.png,Solovieva_diploma_PL_training_images/npy/Solovieva_PL_crop_01190_ID_220201207380_step_10.npy,crop_01190_ID_220201207380_step_10_c3339dea93.png,/content/drive/MyDrive/sentinel3/SLSTR/ml_manual_crops_010526/png/crop_01190_ID_220201207380_step_10_c3339dea93.png,True
Solovieva_PL_crop_01194_ID_220201207670_step_0,1194,220201207670,0,2020-12-19,10:00:00,2020-12-19 10:00:00,56.0,167.25,984.46625,21.287,512,512,Solovieva_diploma_PL_training_images/png/Solovieva_PL_crop_01194_ID_220201207670_step_0.png,Solovieva_diploma_PL_training_images/npy/Solovieva_PL_crop_01194_ID_220201207670_step_0.npy,crop_01194_ID_220201207670_step_0_58f89dd66b.png,/content/drive/MyDrive/sentinel3/SLSTR/ml_manual_crops_010526/png/crop_01194_ID_220201207670_step_0_58f89dd66b.png,True
Solovieva_PL_crop_01200_ID_220201207670_step_10,1200,220201207670,10,2020-12-19,20:00:00,2020-12-19 20:00:00,56.5,166.25,985.14062,18.679,512,512,Solovieva_diploma_PL_training_images/png/Solovieva_PL_crop_01200_ID_220201207670_step_10.png,Solovieva_diploma_PL_training_images/npy/Solovieva_PL_crop_01200_ID_220201207670_step_10.npy,crop_01200_ID_220201207670_step_10_588e70e0af.png,/content/drive/MyDrive/sentinel3/SLSTR/ml_manual_crops_010526/png/crop_01200_ID_220201207670_step_10_588e70e0af.png,True
Solovieva_PL_crop_01203_ID_220201207670_step_11,1203,220201207670,11,2020-12-19,21:00:00,2020-12-19 21:00:00,56.5,166.25,985.24683,18.887,512,512,Solovieva_diploma_PL_training_images/png/Solovieva_PL_crop_01203_ID_220201207670_step_11.png,Solovieva_diploma_PL_training_images/npy/Solovieva_PL_crop_01203_ID_220201207670_step_11.npy,crop_01203_ID_220201207670_step_11_f71a3f3e0b.png,/content/drive/MyDrive/sentinel3/SLSTR/ml_manual_crops_010526/png/crop_01203_ID_220201207670_step_11_f71a3f3e0b.png,True
Solovieva_PL_crop_01220_ID_220201207670_step_23,1220,220201207670,23,2020-12-20,09:00:00,2020-12-20 09:00:00,57.25,164.0,984.47937,16.434,512,512,Solovieva_diploma_PL_training_images/png/Solovieva_PL_crop_01220_ID_220201207670_step_23.png,Solovieva_diploma_PL_training_images/npy/Solovieva_PL_crop_01220_ID_220201207670_step_23.npy,crop_01220_ID_220201207670_step_23_0c93c1920e.png,/content/drive/MyDrive/sentinel3/SLSTR/ml_manual_crops_010526/png/crop_01220_ID_220201207670_step_23_0c93c1920e.png,True
Solovieva_PL_crop_01217_ID_220201208000_step_10,1217,220201208000,10,2020-12-20,14:00:00,2020-12-20 14:00:00,59.5,159.0,991.03308,20.203,512,512,Solovieva_diploma_PL_training_images/png/Solovieva_PL_crop_01217_ID_220201208000_step_10.png,Solovieva_diploma_PL_training_images/npy/Solovieva_PL_crop_01217_ID_220201208000_step_10.npy,crop_01217_ID_220201208000_step_10_c7ff3026f3.png,/content/drive/MyDrive/sentinel3/SLSTR/ml_manual_crops_010526/png/crop_01217_ID_220201208000_step_10_c7ff3026f3.png,True
Solovieva_PL_crop_01228_ID_220201208190_step_12,1228,220201208190,12,2020-12-21,08:00:00,2020-12-21 08:00:00,56.0,148.5,995.41309,21.421,512,512,Solovieva_diploma_PL_training_images/png/Solovieva_PL_crop_01228_ID_220201208190_step_12.png,Solovieva_diploma_PL_training_images/npy/Solovieva_PL_crop_01228_ID_220201208190_step_12.npy,crop_01228_ID_220201208190_step_12_5e4a9a3ecf.png,/content/drive/MyDrive/sentinel3/SLSTR/ml_manual_crops_010526/png/crop_01228_ID_220201208190_step_12_5e4a9a3ecf.png,True
Solovieva_PL_crop_01223_ID_220201208200_step_6,1223,220201208200,6,2020-12-21,03:00:00,2020-12-21 03:00:00,54.25,224.75,1006.62561,25.012,512,512,Solovieva_diploma_PL_training_images/png/Solovieva_PL_crop_01223_ID_220201208200_step_6.png,Solovieva_diploma_PL_training_images/npy/Solovieva_PL_crop_01223_ID_220201208200_step_6.npy,crop_01223_ID_220201208200_step_6_a091a85ae5.png,/content/drive/MyDrive/sentinel3/SLSTR/ml_manual_crops_010526/png/crop_01223_ID_220201208200_step_6_a091a85ae5.png,True
Solovieva_PL_crop_01226_ID_220201208460_step_11,1226,220201208460,11,2020-12-21,22:00:00,2020-12-21 22:00:00,57.75,153.25,992.87433,18.916,512,512,Solovieva_diploma_PL_training_images/png/Solovieva_PL_crop_01226_ID_220201208460_step_11.png,Solovieva_diploma_PL_training_images/npy/Solovieva_PL_crop_01226_ID_220201208460_step_11.npy,crop_01226_ID_220201208460_step_11_0f9c8f24a9.png,/content/drive/MyDrive/sentinel3/SLSTR/ml_manual_crops_010526/png/crop_01226_ID_220201208460_step_11_0f9c8f24a9.png,True
Solovieva_PL_crop_01231_ID_220201208460_step_24,1231,220201208460,24,2020-12-22,11:00:00,2020-12-22 11:00:00,57.5,150.75,991.06,27.759,512,512,Solovieva_diploma_PL_training_images/png/Solovieva_PL_crop_01231_ID_220201208460_step_24.png,Solovieva_diploma_PL_training_images/npy/Solovieva_PL_crop_01231_ID_220201208460_step_24.npy,crop_01231_ID_220201208460_step_24_17ead526dc.png,/content/drive/MyDrive/sentinel3/SLSTR/ml_manual_crops_010526/png/crop_01231_ID_220201208460_step_24_17ead526dc.png,True
Solovieva_PL_crop_01232_ID_220201208460_step_36,1232,220201208460,36,2020-12-22,23:00:00,2020-12-22 23:00:00,56.75,149.25,985.07001,41.898,512,512,Solovieva_diploma_PL_training_images/png/Solovieva_PL_crop_01232_ID_220201208460_step_36.png,Solovieva_diploma_PL_training_images/npy/Solovieva_PL_crop_01232_ID_220201208460_step_36.npy,crop_01232_ID_220201208460_step_36_9f125497d8.png,/content/drive/MyDrive/sentinel3/SLSTR/ml_manual_crops_010526/png/crop_01232_ID_220201208460_step_36_9f125497d8.png,True
Solovieva_PL_crop_01238_ID_220201208460_step_48,1238,220201208460,48,2020-12-23,11:00:00,2020-12-23 11:00:00,54.75,150.5,985.56433,41.973,512,512,Solovieva_diploma_PL_training_images/png/Solovieva_PL_crop_01238_ID_220201208460_step_48.png,Solovieva_diploma_PL_training_images/npy/Solovieva_PL_crop_01238_ID_220201208460_step_48.npy,crop_01238_ID_220201208460_step_48_9cd3cdcfbe.png,/content/drive/MyDrive/sentinel3/SLSTR/ml_manual_crops_010526/png/crop_01238_ID_220201208460_step_48_9cd3cdcfbe.png,True
Solovieva_PL_crop_01236_ID_220201209650_step_11,1236,220201209650,11,2020-12-24,11:00:00,2020-12-24 11:00:00,57.75,153.25,993.59747,28.953,512,512,Solovieva_diploma_PL_training_images/png/Solovieva_PL_crop_01236_ID_220201209650_step_11.png,Solovieva_diploma_PL_training_images/npy/Solovieva_PL_crop_01236_ID_220201209650_step_11.npy,crop_01236_ID_220201209650_step_11_8ddcddc2da.png,/content/drive/MyDrive/sentinel3/SLSTR/ml_manual_crops_010526/png/crop_01236_ID_220201209650_step_11_8ddcddc2da.png,True
Solovieva_PL_crop_01233_ID_220201209900_step_0,1233,220201209900,0,2020-12-24,10:00:00,2020-12-24 10:00:00,54.0,160.75,998.86438,16.238,512,512,Solovieva_diploma_PL_training_images/png/Solovieva_PL_crop_01233_ID_220201209900_step_0.png,Solovieva_diploma_PL_training_images/npy/Solovieva_PL_crop_01233_ID_220201209900_step_0.npy,crop_01233_ID_220201209900_step_0_ca2e8aad0c.png,/content/drive/MyDrive/sentinel3/SLSTR/ml_manual_crops_010526/png/crop_01233_ID_220201209900_step_0_ca2e8aad0c.png,True
Solovieva_PL_crop_01234_ID_220201209900_step_9,1234,220201209900,9,2020-12-24,19:00:00,2020-12-24 19:00:00,53.75,166.25,1000.12183,19.142,512,512,Solovieva_diploma_PL_training_images/png/Solovieva_PL_crop_01234_ID_220201209900_step_9.png,Solovieva_diploma_PL_training_images/npy/Solovieva_PL_crop_01234_ID_220201209900_step_9.npy,crop_01234_ID_220201209900_step_9_3696a238eb.png,/content/drive/MyDrive/sentinel3/SLSTR/ml_manual_crops_010526/png/crop_01234_ID_220201209900_step_9_3696a238eb.png,True
Solovieva_PL_crop_01235_ID_220201209900_step_10,1235,220201209900,10,2020-12-24,20:00:00,2020-12-24 20:00:00,53.75,167.0,1000.97186,18.268,512,512,Solovieva_diploma_PL_training_images/png/Solovieva_PL_crop_01235_ID_220201209900_step_10.png,Solovieva_diploma_PL_training_images/npy/Solovieva_PL_crop_01235_ID_220201209900_step_10.npy,crop_01235_ID_220201209900_step_10_24b459caea.png,/content/drive/MyDrive/sentinel3/SLSTR/ml_manual_crops_010526/png/crop_01235_ID_220201209900_step_10_24b459caea.png,True
Solovieva_PL_crop_01242_ID_220201210420_step_8,1242,220201210420,8,2020-12-25,16:00:00,2020-12-25 16:00:00,50.5,205.25,992.51562,24.071,512,512,Solovieva_diploma_PL_training_images/png/Solovieva_PL_crop_01242_ID_220201210420_step_8.png,Solovieva_diploma_PL_training_images/npy/Solovieva_PL_crop_01242_ID_220201210420_step_8.npy,crop_01242_ID_220201210420_step_8_15314491d7.png,/content/drive/MyDrive/sentinel3/SLSTR/ml_manual_crops_010526/png/crop_01242_ID_220201210420_step_8_15314491d7.png,True
Solovieva_PL_crop_01247_ID_220201210700_step_9,1247,220201210700,9,2020-12-26,00:00:00,2020-12-26 00:00:00,60.75,178.5,1002.27496,21.281,512,512,Solovieva_diploma_PL_training_images/png/Solovieva_PL_crop_01247_ID_220201210700_step_9.png,Solovieva_diploma_PL_training_images/npy/Solovieva_PL_crop_01247_ID_220201210700_step_9.npy,crop_01247_ID_220201210700_step_9_5ceba38c78.png,/content/drive/MyDrive/sentinel3/SLSTR/ml_manual_crops_010526/png/crop_01247_ID_220201210700_step_9_5ceba38c78.png,True
Solovieva_PL_crop_01239_ID_220201210810_step_1,1239,220201210810,1,2020-12-25,21:00:00,2020-12-25 21:00:00,57.5,144.5,1002.89996,15.958,512,512,Solovieva_diploma_PL_training_images/png/Solovieva_PL_crop_01239_ID_220201210810_step_1.png,Solovieva_diploma_PL_training_images/npy/Solovieva_PL_crop_01239_ID_220201210810_step_1.npy,crop_01239_ID_220201210810_step_1_ff593a2730.png,/content/drive/MyDrive/sentinel3/SLSTR/ml_manual_crops_010526/png/crop_01239_ID_220201210810_step_1_ff593a2730.png,True
Solovieva_PL_crop_01255_ID_220201211290_step_10,1255,220201211290,10,2020-12-27,06:00:00,2020-12-27 06:00:00,49.5,159.75,989.76996,20.804,512,512,Solovieva_diploma_PL_training_images/png/Solovieva_PL_crop_01255_ID_220201211290_step_10.png,Solovieva_diploma_PL_training_images/npy/Solovieva_PL_crop_01255_ID_220201211290_step_10.npy,crop_01255_ID_220201211290_step_10_8f1c8bc617.png,/content/drive/MyDrive/sentinel3/SLSTR/ml_manual_crops_010526/png/crop_01255_ID_220201211290_step_10_8f1c8bc617.png,True
Solovieva_PL_crop_01252_ID_220201211540_step_0,1252,220201211540,0,2020-12-27,11:00:00,2020-12-27 11:00:00,53.0,160.75,985.67499,16.046,512,512,Solovieva_diploma_PL_training_images/png/Solovieva_PL_crop_01252_ID_220201211540_step_0.png,Solovieva_diploma_PL_training_images/npy/Solovieva_PL_crop_01252_ID_220201211540_step_0.npy,crop_01252_ID_220201211540_step_0_4cb59f551a.png,/content/drive/MyDrive/sentinel3/SLSTR/ml_manual_crops_010526/png/crop_01252_ID_220201211540_step_0_4cb59f551a.png,True
Solovieva_PL_crop_01253_ID_220201211650_step_1,1253,220201211650,1,2020-12-27,15:00:00,2020-12-27 15:00:00,54.25,143.5,1010.15747,16.406,512,512,Solovieva_diploma_PL_training_images/png/Solovieva_PL_crop_01253_ID_220201211650_step_1.png,Solovieva_diploma_PL_training_images/npy/Solovieva_PL_crop_01253_ID_220201211650_step_1.npy,crop_01253_ID_220201211650_step_1_ec457626f6.png,/content/drive/MyDrive/sentinel3/SLSTR/ml_manual_crops_010526/png/crop_01253_ID_220201211650_step_1_ec457626f6.png,True
Solovieva_PL_crop_01267_ID_220201211940_step_32,1267,220201211940,32,2020-12-29,08:00:00,2020-12-29 08:00:00,51.0,201.5,983.64124,29.362,512,512,Solovieva_diploma_PL_training_images/png/Solovieva_PL_crop_01267_ID_220201211940_step_32.png,Solovieva_diploma_PL_training_images/npy/Solovieva_PL_crop_01267_ID_220201211940_step_32.npy,crop_01267_ID_220201211940_step_32_2424f85175.png,/content/drive/MyDrive/sentinel3/SLSTR/ml_manual_crops_010526/png/crop_01267_ID_220201211940_step_32_2424f85175.png,True
Solovieva_PL_crop_01268_ID_220201213410_step_9,1268,220201213410,9,2020-12-30,19:00:00,2020-12-30 19:00:00,55.5,175.75,983.28998,22.604000000000003,512,512,Solovieva_diploma_PL_training_images/png/Solovieva_PL_crop_01268_ID_220201213410_step_9.png,Solovieva_diploma_PL_training_images/npy/Solovieva_PL_crop_01268_ID_220201213410_step_9.npy,crop_01268_ID_220201213410_step_9_fbde5c8b3d.png,/content/drive/MyDrive/sentinel3/SLSTR/ml_manual_crops_010526/png/crop_01268_ID_220201213410_step_9_fbde5c8b3d.png,True
Solovieva_PL_crop_01270_ID_220201213410_step_10,1270,220201213410,10,2020-12-30,20:00:00,2020-12-30 20:00:00,55.75,176.0,984.2962,22.637,512,512,Solovieva_diploma_PL_training_images/png/Solovieva_PL_crop_01270_ID_220201213410_step_10.png,Solovieva_diploma_PL_training_images/npy/Solovieva_PL_crop_01270_ID_220201213410_step_10.npy,crop_01270_ID_220201213410_step_10_e306a2d5ef.png,/content/drive/MyDrive/sentinel3/SLSTR/ml_manual_crops_010526/png/crop_01270_ID_220201213410_step_10_e306a2d5ef.png,True
Solovieva_PL_crop_01280_ID_220201213410_step_22,1280,220201213410,22,2020-12-31,08:00:00,2020-12-31 08:00:00,58.5,177.0,986.01562,15.823,512,512,Solovieva_diploma_PL_training_images/png/Solovieva_PL_crop_01280_ID_220201213410_step_22.png,Solovieva_diploma_PL_training_images/npy/Solovieva_PL_crop_01280_ID_220201213410_step_22.npy,crop_01280_ID_220201213410_step_22_7e3093b53b.png,/content/drive/MyDrive/sentinel3/SLSTR/ml_manual_crops_010526/png/crop_01280_ID_220201213410_step_22_7e3093b53b.png,True
Solovieva_PL_crop_01277_ID_220201213780_step_1,1277,220201213780,1,2020-12-31,05:00:00,2020-12-31 05:00:00,50.25,151.25,974.20813,30.693000000000005,512,512,Solovieva_diploma_PL_training_images/png/Solovieva_PL_crop_01277_ID_220201213780_step_1.png,Solovieva_diploma_PL_training_images/npy/Solovieva_PL_crop_01277_ID_220201213780_step_1.npy,crop_01277_ID_220201213780_step_1_bb81dbcb31.png,/content/drive/MyDrive/sentinel3/SLSTR/ml_manual_crops_010526/png/crop_01277_ID_220201213780_step_1_bb81dbcb31.png,True
