ID,step,lat,lon,slp,rel_vort_850_smth,track_datetime
120200107090,0,62.5,-38.0,973.30188,,2020-01-11 00:00:00
120200107090,1,62.5,-37.75,971.3587,,2020-01-11 01:00:00
120200107090,2,62.25,-37.75,970.11499,,2020-01-11 02:00:00
120200107090,3,62.25,-37.5,968.97498,,2020-01-11 03:00:00
120200107090,4,62.0,-37.5,967.90808,,2020-01-11 04:00:00
120200107090,5,61.5,-36.75,968.11121,,2020-01-11 05:00:00
120200107090,6,61.25,-36.0,967.40497,,2020-01-11 06:00:00
120200107090,7,61.25,-35.0,965.38684,,2020-01-11 07:00:00
120200107090,8,61.0,-34.0,966.79059,,2020-01-11 08:00:00
120200107090,9,61.0,-32.75,966.36932,,2020-01-11 09:00:00
120200107090,10,61.0,-31.75,966.41187,,2020-01-11 10:00:00
120200107090,11,61.0,-30.5,966.27808,,2020-01-11 11:00:00
120200107090,12,61.25,-29.25,965.1062,,2020-01-11 12:00:00
120200107090,13,61.25,-28.25,965.815,,2020-01-11 13:00:00
120200107090,14,61.5,-27.0,965.15497,,2020-01-11 14:00:00
120200107090,15,61.75,-26.0,965.32062,,2020-01-11 15:00:00
120200107090,16,62.0,-25.0,965.35559,,2020-01-11 16:00:00
120200107090,17,62.25,-24.0,965.63873,,2020-01-11 17:00:00
120200107090,18,62.5,-23.0,966.03058,,2020-01-11 18:00:00
120200107090,19,62.5,-22.0,968.58374,,2020-01-11 19:00:00
120200107090,20,62.75,-20.75,969.69434,,2020-01-11 20:00:00
120200107090,21,63.0,-19.75,970.52496,,2020-01-12 21:00:00
120200107090,22,63.0,-19.0,971.2406,,2020-01-12 22:00:00
120200107090,23,63.25,-17.5,971.86688,,2020-01-12 23:00:00
120200107090,24,63.25,-17.5,972.69873,,2020-01-13 00:00:00
120200107090,25,63.75,-15.5,972.68933,,2020-01-13 01:00:00
120200107090,26,63.75,-15.5,973.38373,,2020-01-13 02:00:00
120200107090,27,64.0,-13.75,972.77557,,2020-01-13 03:00:00
120200107090,28,64.0,-12.25,972.9231,,2020-01-13 04:00:00
120200107090,29,64.25,-10.75,972.71936,,2020-01-13 05:00:00
120200107090,30,64.5,-9.25,972.57812,,2020-01-13 06:00:00
120200107090,31,64.75,-7.75,972.91187,,2020-01-13 07:00:00
120200107090,32,65.0,-6.5,972.32812,,2020-01-13 08:00:00
120200107090,33,65.5,-5.5,971.87811,,2020-01-13 09:00:00
120200107090,34,65.75,-4.25,972.27747,,2020-01-13 10:00:00
120200107090,35,66.5,-3.0,970.90997,24.22300000000001,2020-01-13 11:00:00
120200107090,36,66.75,-2.0,971.16058,25.625,2020-01-13 12:00:00
120200107090,37,67.0,-1.0,971.29187,,2020-01-13 13:00:00
120200107090,38,67.25,-0.5,971.38251,,2020-01-13 14:00:00
120200107090,39,67.5,0.0,971.84436,,2020-01-13 15:00:00
120200107090,40,67.75,0.75,972.14496,,2020-01-13 16:00:00
120200107090,41,68.0,1.5,972.4975,,2020-01-13 17:00:00
120200107090,42,68.25,2.25,972.6825,,2020-01-13 18:00:00
120200107090,43,68.5,2.75,972.1806,28.181999999999995,2020-01-13 19:00:00
120200107090,44,68.5,2.75,973.16125,28.549000000000003,2020-01-13 20:00:00
120200107090,45,68.5,3.0,973.65747,,2020-01-14 21:00:00
120200107090,46,68.75,4.25,973.60437,,2020-01-14 22:00:00
120200107090,47,68.75,4.5,974.25061,,2020-01-14 23:00:00
120200107090,48,68.75,5.0,974.97058,,2020-01-15 00:00:00
120200107090,49,69.0,6.25,974.69,,2020-01-15 01:00:00
120200107090,50,69.0,7.0,975.28436,,2020-01-15 02:00:00
120200107090,51,69.25,8.0,975.38684,,2020-01-15 03:00:00
120200107090,52,69.25,9.0,975.96063,,2020-01-15 04:00:00
120200107090,53,69.25,9.5,976.6687,,2020-01-15 05:00:00
120200107090,54,69.5,10.75,976.97058,,2020-01-15 06:00:00
120200108210,0,65.25,-25.0,975.98059,,2020-01-13 00:00:00
120200108210,1,65.0,-25.0,973.82562,,2020-01-13 01:00:00
120200108210,2,64.75,-26.25,973.8075,,2020-01-13 02:00:00
120200108210,3,64.5,-27.5,973.22186,,2020-01-13 03:00:00
120200108210,4,64.0,-29.0,972.84686,,2020-01-13 04:00:00
120200108210,5,63.75,-30.0,972.49811,,2020-01-13 05:00:00
120200108210,6,63.5,-30.75,971.45624,,2020-01-13 06:00:00
120200108210,7,63.25,-31.75,971.3006,,2020-01-13 07:00:00
120200108210,8,63.0,-32.5,971.62622,,2020-01-13 08:00:00
120200108210,9,62.5,-33.25,971.47937,,2020-01-13 09:00:00
120200108210,10,62.25,-34.0,970.76373,,2020-01-13 10:00:00
120200108210,11,61.75,-34.5,970.59436,,2020-01-13 11:00:00
120200108210,12,61.25,-35.0,970.17249,,2020-01-13 12:00:00
120200108210,13,61.0,-35.5,970.08685,29.37,2020-01-13 13:00:00
120200108210,14,60.5,-35.75,970.34247,,2020-01-13 14:00:00
120200108210,15,60.0,-35.75,969.69183,,2020-01-13 15:00:00
120200108210,16,59.5,-35.75,970.52997,,2020-01-13 16:00:00
120200108210,17,59.0,-35.5,970.43561,,2020-01-13 17:00:00
120200108210,18,58.5,-35.0,970.64124,,2020-01-13 18:00:00
120200108210,19,58.0,-34.5,970.78809,,2020-01-13 19:00:00
120200108210,20,57.75,-34.0,970.99872,,2020-01-13 20:00:00
120200108210,21,57.25,-33.5,971.62933,25.268,2020-01-13 21:00:00
120200108210,22,56.75,-32.75,971.91937,,2020-01-14 22:00:00
120200108210,23,56.5,-31.75,971.08997,21.249,2020-01-14 23:00:00
120200108210,24,56.0,-31.25,971.72375,,2020-01-15 00:00:00
120200108210,25,55.75,-30.5,970.90247,,2020-01-15 01:00:00
120200108210,26,55.25,-29.5,971.35126,,2020-01-15 02:00:00
120200108210,27,55.0,-28.5,971.0437,,2020-01-15 03:00:00
120200108210,28,54.75,-27.75,971.21936,,2020-01-15 04:00:00
120200108210,29,54.5,-27.0,971.75562,,2020-01-15 05:00:00
120200108210,30,54.25,-26.0,971.96436,,2020-01-15 06:00:00
120200109640,0,56.75,-37.75,989.7287,,2020-01-15 00:00:00
120200109640,1,56.5,-37.25,989.97626,,2020-01-15 01:00:00
120200109640,2,56.25,-36.5,990.43933,,2020-01-15 02:00:00
120200109640,3,56.0,-36.25,990.50372,,2020-01-15 03:00:00
120200109640,4,56.0,-36.0,989.93872,,2020-01-15 04:00:00
120200109640,5,55.75,-35.75,990.00995,,2020-01-15 05:00:00
120200109640,6,55.5,-35.5,990.39374,,2020-01-15 06:00:00
120200109640,7,55.25,-35.0,990.83435,,2020-01-15 07:00:00
120200109640,8,55.0,-34.5,991.51062,,2020-01-15 08:00:00
120200109640,9,54.75,-33.75,991.63623,,2020-01-15 09:00:00
120200109640,10,54.5,-33.25,992.57745,,2020-01-15 10:00:00
120200109640,11,54.5,-32.75,992.39185,,2020-01-15 11:00:00
120200109640,12,54.25,-32.25,992.60809,17.447000000000003,2020-01-15 12:00:00
120200109640,13,54.25,-31.75,992.90308,,2020-01-16 13:00:00
120200109640,14,54.0,-31.0,993.185,,2020-01-16 14:00:00
120200109640,15,54.0,-30.5,992.98749,,2020-01-16 15:00:00
120200109640,16,53.75,-30.25,993.43311,,2020-01-16 16:00:00
120200109640,17,53.75,-29.75,993.48059,,2020-01-16 17:00:00
120200109640,18,53.75,-29.25,993.53998,,2020-01-16 18:00:00
120200109640,19,53.5,-28.5,993.94312,,2020-01-16 19:00:00
120200109640,20,53.5,-28.0,994.08563,,2020-01-16 20:00:00
120200109640,21,53.25,-27.5,994.63373,,2020-01-16 21:00:00
120200109640,22,53.25,-27.25,995.06561,18.729000000000003,2020-01-16 22:00:00
120200109640,23,53.25,-27.0,995.96997,18.309,2020-01-16 23:00:00
120200109640,24,53.0,-26.5,996.70245,,2020-01-17 00:00:00
120200109640,25,52.75,-26.5,997.82434,,2020-01-17 01:00:00
120200110030,0,77.5,-16.25,1007.36871,,2020-01-16 00:00:00
120200110030,1,78.0,-14.25,1005.76062,,2020-01-16 01:00:00
120200110030,2,78.0,-14.25,1005.64062,,2020-01-16 02:00:00
120200110030,3,78.25,-13.5,1004.95996,,2020-01-16 03:00:00
120200110030,4,78.25,-13.25,1004.76434,,2020-01-16 04:00:00
120200110030,5,78.5,-12.5,1004.44684,,2020-01-16 05:00:00
120200110030,6,78.5,-12.25,1004.32996,,2020-01-16 06:00:00
120200110030,7,78.5,-11.75,1004.4306,,2020-01-16 07:00:00
120200110030,8,78.5,-11.75,1003.78125,,2020-01-16 08:00:00
120200110030,9,78.75,-11.5,1003.44373,,2020-01-16 09:00:00
120200110030,10,78.75,-11.25,1003.43182,,2020-01-16 10:00:00
120200110030,11,78.75,-10.75,1003.64496,,2020-01-16 11:00:00
120200110030,12,78.75,-10.0,1004.18311,,2020-01-16 12:00:00
120200110030,13,78.75,-9.5,1004.53998,,2020-01-16 13:00:00
120200110030,14,78.5,-8.5,1004.77936,,2020-01-16 14:00:00
120200110030,15,78.5,-7.25,1005.31372,,2020-01-16 15:00:00
120200110030,16,78.25,-5.75,1006.20874,,2020-01-16 16:00:00
120200110030,17,78.25,-4.0,1006.15497,,2020-01-16 17:00:00
120200110030,18,78.25,-3.0,1006.32434,,2020-01-16 18:00:00
120200110030,19,78.5,-1.25,1005.79437,,2020-01-16 19:00:00
120200110030,20,78.5,0.25,1005.9281,22.25,2020-01-16 20:00:00
120200110030,21,78.5,1.0,1005.57562,22.33,2020-01-16 21:00:00
120200110030,22,78.5,1.0,1005.39124,,2020-01-17 22:00:00
120200110030,23,78.25,0.0,1005.89996,,2020-01-17 23:00:00
120200110030,24,78.25,0.5,1005.79437,,2020-01-18 00:00:00
120200110030,25,78.0,1.0,1006.1806,,2020-01-18 01:00:00
120200110030,26,77.75,1.75,1006.34247,,2020-01-18 02:00:00
120200110030,27,77.75,2.25,1006.30499,,2020-01-18 03:00:00
120200110030,28,77.5,3.5,1006.55811,,2020-01-18 04:00:00
120200110110,0,67.0,-28.0,990.87433,,2020-01-16 00:00:00
120200110110,1,66.75,-28.75,990.69745,,2020-01-16 01:00:00
120200110110,2,66.5,-29.5,990.75562,,2020-01-16 02:00:00
120200110110,3,66.25,-30.25,991.03125,,2020-01-16 03:00:00
120200110110,4,66.25,-30.5,991.72998,,2020-01-16 04:00:00
120200110110,5,66.0,-30.75,991.16437,,2020-01-16 05:00:00
120200110110,6,66.0,-30.75,990.79248,,2020-01-16 06:00:00
120200110110,7,65.75,-31.0,990.75183,,2020-01-16 07:00:00
120200110110,8,65.75,-31.0,990.37372,,2020-01-16 08:00:00
120200110110,9,66.0,-30.75,989.57312,,2020-01-16 09:00:00
120200110110,10,66.0,-30.75,989.27124,,2020-01-16 10:00:00
120200110110,11,66.25,-30.5,988.68372,,2020-01-16 11:00:00
120200110110,12,66.5,-30.25,987.87,,2020-01-16 12:00:00
120200110110,13,66.5,-30.25,987.35559,30.121,2020-01-16 13:00:00
120200110110,14,66.5,-30.5,987.35809,30.919,2020-01-16 14:00:00
120200110110,15,66.5,-30.5,987.40308,,2020-01-16 15:00:00
120200110110,16,66.25,-30.75,987.9856,,2020-01-16 16:00:00
120200110110,17,66.25,-30.75,988.18121,,2020-01-17 17:00:00
120200110110,18,66.25,-30.75,988.32996,,2020-01-17 18:00:00
120200110110,19,66.5,-31.0,988.98059,,2020-01-17 19:00:00
120200110110,20,66.5,-31.0,988.90936,,2020-01-17 20:00:00
120200110110,21,66.5,-31.0,989.34875,,2020-01-17 21:00:00
120200110110,22,66.25,-28.25,986.73999,29.683000000000003,2020-01-17 22:00:00
120200110110,23,66.75,-30.5,988.6106,31.651,2020-01-17 23:00:00
120200110110,24,66.75,-30.5,988.68811,,2020-01-18 00:00:00
120200110110,25,66.75,-30.25,988.29437,,2020-01-18 01:00:00
120200110110,26,67.0,-30.25,988.35938,,2020-01-18 02:00:00
120200110110,27,67.0,-30.25,988.94934,,2020-01-18 03:00:00
120200110110,28,67.0,-30.5,990.20245,,2020-01-18 04:00:00
120200110110,29,67.25,-30.25,990.24811,,2020-01-18 05:00:00
120200110110,30,67.5,-31.5,993.68933,,2020-01-18 06:00:00
120200110110,31,67.5,-31.25,993.61371,,2020-01-18 07:00:00
120200110110,32,67.75,-31.25,994.90057,,2020-01-18 08:00:00
120200110530,0,60.0,-56.5,994.52747,,2020-01-16 00:00:00
120200110530,1,60.0,-56.5,994.16687,,2020-01-16 01:00:00
120200110530,2,60.0,-56.25,994.19434,,2020-01-16 02:00:00
120200110530,3,59.75,-56.0,993.69684,,2020-01-16 03:00:00
120200110530,4,60.75,-56.5,993.14062,,2020-01-16 04:00:00
120200110530,5,60.75,-56.5,993.26245,,2020-01-17 05:00:00
120200110530,6,61.0,-56.75,992.87622,,2020-01-17 06:00:00
120200110530,7,61.0,-57.0,992.64685,,2020-01-17 07:00:00
120200110530,8,60.75,-57.0,992.55188,,2020-01-17 08:00:00
120200110530,9,60.5,-57.0,991.6712,,2020-01-17 09:00:00
120200110530,10,60.25,-57.0,991.75,,2020-01-17 10:00:00
120200110530,11,60.0,-56.75,991.10559,,2020-01-17 11:00:00
120200110530,12,59.75,-56.5,990.96686,,2020-01-17 12:00:00
120200110530,13,59.5,-56.25,991.09686,,2020-01-17 13:00:00
120200110530,14,59.25,-56.0,991.1181,40.58,2020-01-17 14:00:00
120200110530,15,59.0,-55.5,989.96686,40.476,2020-01-17 15:00:00
120200110530,16,58.75,-55.25,990.57874,,2020-01-17 16:00:00
120200110530,17,58.5,-54.5,990.70563,,2020-01-17 17:00:00
120200110530,18,58.5,-53.75,991.12683,,2020-01-17 18:00:00
120200110530,19,58.25,-53.5,991.95624,,2020-01-17 19:00:00
120200110530,20,58.5,-52.75,991.67059,,2020-01-17 20:00:00
120200110530,21,58.5,-52.25,991.69183,,2020-01-17 21:00:00
120200110530,22,58.5,-51.75,992.28748,,2020-01-17 22:00:00
120200110530,23,58.5,-51.5,992.22998,,2020-01-17 23:00:00
120200110530,24,58.75,-51.0,992.65375,31.409,2020-01-18 00:00:00
120200110530,25,58.75,-50.5,993.31061,30.842,2020-01-18 01:00:00
120200110530,26,59.0,-50.25,993.84186,,2020-01-18 02:00:00
120200110530,27,59.0,-49.75,993.96307,,2020-01-18 03:00:00
120200110530,28,59.25,-49.5,994.20123,,2020-01-18 04:00:00
120200110530,29,59.25,-49.25,994.97437,,2020-01-19 05:00:00
120200110530,30,59.5,-48.75,995.07684,,2020-01-19 06:00:00
120200110530,31,59.75,-48.5,995.85187,,2020-01-19 07:00:00
120200110530,32,59.75,-48.25,995.44873,,2020-01-19 08:00:00
120200110530,33,60.0,-48.0,996.08746,,2020-01-19 09:00:00
120200110530,34,60.25,-48.0,996.05872,,2020-01-19 10:00:00
120200110530,35,60.25,-48.0,995.62811,,2020-01-19 11:00:00
120200110530,36,60.5,-48.5,995.60437,,2020-01-19 12:00:00
120200110530,37,60.5,-48.5,995.15997,,2020-01-19 13:00:00
120200110530,38,60.5,-48.5,994.23938,,2020-01-19 14:00:00
120200110530,39,60.5,-48.5,994.24371,,2020-01-19 15:00:00
120200113080,0,77.5,35.25,979.20874,,2020-01-20 00:00:00
120200113080,1,77.5,36.25,978.78497,,2020-01-20 01:00:00
120200113080,2,77.5,36.75,978.77808,,2020-01-20 02:00:00
120200113080,3,77.25,37.75,978.22687,,2020-01-20 03:00:00
120200113080,4,77.0,39.0,977.75562,,2020-01-20 04:00:00
120200113080,5,77.0,39.5,977.34375,,2020-01-20 05:00:00
120200113080,6,76.75,40.25,976.78497,,2020-01-20 06:00:00
120200113080,7,76.75,40.75,976.65747,,2020-01-20 07:00:00
120200113080,8,76.75,41.5,975.91498,,2020-01-20 08:00:00
120200113080,9,76.5,42.25,976.24188,,2020-01-20 09:00:00
120200113080,10,76.5,43.25,975.35059,,2020-01-20 10:00:00
120200113080,11,76.5,43.75,974.72748,,2020-01-21 11:00:00
120200113080,12,76.25,44.0,974.33246,,2020-01-21 12:00:00
120200113080,13,76.0,44.25,974.32312,,2020-01-21 13:00:00
120200113080,14,76.0,45.0,973.89313,,2020-01-21 14:00:00
120200113080,15,76.0,45.5,973.13934,23.402,2020-01-21 15:00:00
120200113080,16,76.0,46.0,972.77124,24.012,2020-01-21 16:00:00
120200113080,17,76.0,46.5,972.13812,23.531,2020-01-21 17:00:00
120200113080,18,76.0,46.75,971.74249,22.523,2020-01-21 18:00:00
120200113080,19,76.0,46.75,971.61621,21.742,2020-01-21 19:00:00
120200113080,20,76.0,46.75,971.45685,,2020-01-21 20:00:00
120200113080,21,76.0,47.0,971.14435,,2020-01-21 21:00:00
120200113080,22,76.0,47.25,971.50433,,2020-01-21 22:00:00
120200113080,23,76.25,47.5,971.07062,,2020-01-21 23:00:00
120200113080,24,76.25,47.25,970.69623,,2020-01-22 00:00:00
120200113080,25,76.25,47.0,970.28058,,2020-01-22 01:00:00
120200113080,26,76.5,46.25,971.22498,,2020-01-22 02:00:00
120200113080,27,76.5,45.25,971.93622,,2020-01-22 03:00:00
120200113080,28,76.25,44.5,971.94,,2020-01-22 04:00:00
120200113080,29,76.25,43.75,972.45123,,2020-01-22 05:00:00
120200113080,30,76.0,42.75,972.9906,,2020-01-22 06:00:00
120200113080,31,75.75,42.0,973.59497,,2020-01-22 07:00:00
120200113080,32,75.5,41.5,974.03375,,2020-01-22 08:00:00
120200113080,33,75.5,40.75,975.60437,,2020-01-22 09:00:00
120200113080,34,75.25,43.5,970.83807,,2020-01-22 10:00:00
120200113080,35,75.0,43.5,971.07495,,2020-01-23 11:00:00
120200113080,36,74.75,43.0,971.22687,,2020-01-23 12:00:00
120200113080,37,74.5,42.75,971.9856,,2020-01-23 13:00:00
120200113080,38,74.5,42.5,972.41248,,2020-01-23 14:00:00
120200113080,39,74.25,42.25,972.61249,,2020-01-23 15:00:00
120200113080,40,74.0,42.0,973.40125,,2020-01-23 16:00:00
120200113080,41,73.75,41.5,973.91437,,2020-01-23 17:00:00
120200113080,42,73.5,41.25,974.51434,,2020-01-23 18:00:00
120200113080,43,73.25,41.0,975.59875,,2020-01-23 19:00:00
120200113080,44,73.0,41.0,976.13873,,2020-01-23 20:00:00
120200113080,45,72.5,40.75,976.9162,,2020-01-23 21:00:00
120200113080,46,72.25,40.5,977.88123,,2020-01-23 22:00:00
120200113080,47,72.0,40.25,978.61871,,2020-01-23 23:00:00
120200113080,48,71.5,40.25,978.94312,,2020-01-24 00:00:00
120200113080,49,71.25,40.25,979.4281,,2020-01-24 01:00:00
120200113080,50,70.75,40.25,979.64746,,2020-01-24 02:00:00
120200113080,51,70.5,40.0,980.49811,,2020-01-24 03:00:00
120200113080,52,70.0,39.75,981.03186,,2020-01-24 04:00:00
120200113080,53,69.5,39.5,981.70563,,2020-01-24 05:00:00
120200113080,54,69.0,38.25,984.46497,,2020-01-24 06:00:00
120200113080,55,68.75,38.5,984.5531,,2020-01-24 07:00:00
120200113390,0,68.25,-59.25,999.4881,,2020-01-20 00:00:00
120200113390,1,68.5,-59.25,999.07001,,2020-01-21 01:00:00
120200113390,2,68.75,-59.25,998.38495,,2020-01-21 02:00:00
120200113390,3,69.0,-59.5,998.01685,,2020-01-21 03:00:00
120200113390,4,69.25,-60.0,997.87683,,2020-01-21 04:00:00
120200113390,5,69.5,-60.25,996.65686,,2020-01-21 05:00:00
120200113390,6,69.5,-59.75,996.31122,,2020-01-21 06:00:00
120200113390,7,69.75,-60.25,995.81061,,2020-01-21 07:00:00
120200113390,8,70.0,-61.0,995.29498,,2020-01-21 08:00:00
120200113390,9,70.25,-61.75,994.9162,,2020-01-21 09:00:00
120200113390,10,70.25,-62.0,995.3606,,2020-01-21 10:00:00
120200113390,11,70.5,-62.75,993.29688,,2020-01-21 11:00:00
120200113390,12,70.5,-63.25,993.04187,,2020-01-21 12:00:00
120200113390,13,70.75,-63.75,992.27686,,2020-01-21 13:00:00
120200113390,14,70.75,-64.25,992.35126,,2020-01-21 14:00:00
120200113390,15,71.0,-64.5,992.14813,27.621,2020-01-21 15:00:00
120200113390,16,71.25,-65.0,992.01746,27.365,2020-01-21 16:00:00
120200113390,17,71.25,-65.25,992.07495,,2020-01-21 17:00:00
120200113390,18,71.25,-65.75,991.21997,,2020-01-21 18:00:00
120200113390,19,71.25,-66.5,992.22375,,2020-01-21 19:00:00
120200113390,20,71.25,-67.0,992.28809,,2020-01-21 20:00:00
120200113390,21,71.25,-67.25,992.78125,,2020-01-21 21:00:00
120200113390,22,71.25,-67.25,992.9187,,2020-01-21 22:00:00
120200113390,23,71.0,-67.5,993.11438,,2020-01-21 23:00:00
120200113390,24,71.0,-67.75,993.57935,,2020-01-22 00:00:00
120200113390,25,71.0,-67.25,992.77124,,2020-01-23 01:00:00
120200113390,26,71.0,-67.25,992.70062,,2020-01-23 02:00:00
120200113390,27,71.0,-67.0,992.41187,,2020-01-23 03:00:00
120200113390,28,71.0,-67.0,992.72125,,2020-01-23 04:00:00
120200113390,29,71.0,-66.75,992.38745,,2020-01-23 05:00:00
120200113390,30,71.25,-66.25,991.49249,,2020-01-23 06:00:00
120200113390,31,71.25,-66.0,991.88062,,2020-01-23 07:00:00
120200113390,32,71.25,-65.75,991.85309,,2020-01-23 08:00:00
120200113390,33,71.25,-65.25,992.02997,,2020-01-23 09:00:00
120200113390,34,71.25,-65.0,992.44373,,2020-01-23 10:00:00
120200113390,35,71.25,-64.75,992.1037,,2020-01-23 11:00:00
120200113390,36,71.5,-64.5,992.08374,,2020-01-23 12:00:00
120200113390,37,71.5,-64.25,992.19873,,2020-01-23 13:00:00
120200113390,38,71.5,-64.0,992.27435,,2020-01-23 14:00:00
120200113390,39,71.75,-64.0,992.36932,,2020-01-23 15:00:00
120200113390,40,71.75,-63.75,992.7312,,2020-01-23 16:00:00
120200113390,41,72.0,-63.75,992.60687,,2020-01-23 17:00:00
120200113390,42,72.0,-63.75,992.96686,,2020-01-23 18:00:00
120200113390,43,72.25,-63.5,993.2431,,2020-01-23 19:00:00
120200113390,44,72.25,-63.5,993.71747,,2020-01-23 20:00:00
120200113390,45,72.5,-63.75,994.37933,,2020-01-23 21:00:00
120200113390,46,72.5,-64.0,994.95184,,2020-01-23 22:00:00
120200113390,47,72.75,-64.25,995.00873,,2020-01-23 23:00:00
120200113390,48,72.75,-64.25,996.04871,,2020-01-24 00:00:00
120200113390,49,73.0,-64.5,996.64313,,2020-01-25 01:00:00
120200113390,50,73.0,-64.75,997.08063,,2020-01-25 02:00:00
120200113390,51,73.0,-64.75,997.52246,,2020-01-25 03:00:00
120200113390,52,73.0,-65.0,998.07001,,2020-01-25 04:00:00
120200113390,53,73.25,-65.5,998.89062,,2020-01-25 05:00:00
120200113390,54,73.25,-65.75,999.14624,,2020-01-25 06:00:00
120200113390,55,73.25,-66.0,999.97626,,2020-01-25 07:00:00
120200113390,56,73.5,-66.75,1000.875,,2020-01-25 08:00:00
120200113390,57,73.5,-67.0,1001.38623,,2020-01-25 09:00:00
120200113390,58,73.5,-67.5,1002.46747,,2020-01-25 10:00:00
120200113400,0,61.0,-57.5,994.51685,,2020-01-20 00:00:00
120200113400,1,61.25,-57.5,994.55499,19.772,2020-01-21 01:00:00
120200113400,2,61.25,-57.5,993.44373,,2020-01-21 02:00:00
120200113400,3,61.25,-57.5,993.21936,,2020-01-21 03:00:00
120200113400,4,61.25,-57.75,992.9931,,2020-01-21 04:00:00
120200113400,5,61.75,-57.5,992.18182,,2020-01-21 05:00:00
120200113400,6,62.0,-57.5,991.82373,,2020-01-21 06:00:00
120200113400,7,62.25,-57.5,991.49933,,2020-01-21 07:00:00
120200113400,8,62.25,-57.5,991.15625,,2020-01-21 08:00:00
120200113400,9,62.25,-57.5,990.84747,,2020-01-21 09:00:00
120200113400,10,62.0,-57.25,990.47437,,2020-01-21 10:00:00
120200113400,11,62.0,-57.25,991.24811,,2020-01-21 11:00:00
120200113400,12,62.25,-57.0,990.64313,,2020-01-21 12:00:00
120200113400,13,62.25,-56.75,990.59186,,2020-01-21 13:00:00
120200113400,14,62.25,-56.5,990.4325,,2020-01-21 14:00:00
120200113400,15,62.75,-56.75,989.99432,,2020-01-21 15:00:00
120200113400,16,62.75,-56.75,989.97998,,2020-01-21 16:00:00
120200113400,17,62.75,-56.5,989.39874,,2020-01-21 17:00:00
120200113400,18,62.75,-56.25,989.42999,,2020-01-21 18:00:00
120200113400,19,62.75,-56.0,989.44745,,2020-01-21 19:00:00
120200113400,20,62.5,-55.25,990.13684,,2020-01-21 20:00:00
120200113400,21,62.75,-55.25,990.04498,,2020-01-21 21:00:00
120200113400,22,63.0,-55.25,990.67871,,2020-01-21 22:00:00
120200113400,23,62.5,-54.0,990.31561,,2020-01-21 23:00:00
120200113400,24,62.75,-54.0,990.3656,,2020-01-22 00:00:00
120200113400,25,63.0,-54.25,990.625,,2020-01-23 01:00:00
120200113400,26,63.0,-54.0,990.36438,,2020-01-23 02:00:00
120200113400,27,63.25,-53.75,990.47687,,2020-01-23 03:00:00
120200113400,28,63.5,-53.5,990.44995,,2020-01-23 04:00:00
120200113400,29,63.75,-53.0,990.30371,,2020-01-23 05:00:00
120200113400,30,64.0,-53.0,990.49121,,2020-01-23 06:00:00
120200113400,31,64.75,-53.25,990.81433,,2020-01-23 07:00:00
120200113400,32,65.0,-53.25,991.28558,,2020-01-23 08:00:00
120200113400,33,65.5,-53.75,991.8775,,2020-01-23 09:00:00
120200114860,0,68.0,-19.0,973.46625,,2020-01-23 00:00:00
120200114860,1,68.25,-17.25,973.13,,2020-01-23 01:00:00
120200114860,2,69.0,-15.75,972.82312,,2020-01-23 02:00:00
120200114860,3,69.25,-14.5,972.71936,,2020-01-23 03:00:00
120200114860,4,69.5,-13.5,972.38062,,2020-01-23 04:00:00
120200114860,5,69.75,-12.25,971.9812,,2020-01-23 05:00:00
120200114860,6,70.5,-12.25,970.79437,,2020-01-23 06:00:00
120200114860,7,70.5,-10.5,970.88812,,2020-01-23 07:00:00
120200114860,8,70.75,-9.25,970.89813,,2020-01-23 08:00:00
120200114860,9,71.0,-8.5,970.9187,,2020-01-23 09:00:00
120200114860,10,71.0,-7.75,971.45685,,2020-01-23 10:00:00
120200114860,11,71.25,-7.5,971.2981,,2020-01-23 11:00:00
120200114860,12,71.25,-7.25,971.94684,,2020-01-23 12:00:00
120200114860,13,71.5,-6.75,971.98187,,2020-01-23 13:00:00
120200114860,14,71.5,-6.25,973.33313,,2020-01-23 14:00:00
120200114860,15,71.75,-5.5,973.49683,,2020-01-23 15:00:00
120200114860,16,71.75,-5.5,973.69812,,2020-01-24 16:00:00
120200114860,17,71.75,-5.25,973.50122,,2020-01-24 17:00:00
120200114860,18,71.75,-5.0,973.86932,,2020-01-24 18:00:00
120200114860,19,71.75,-4.75,974.11188,18.462,2020-01-24 19:00:00
120200114860,20,71.75,-4.5,974.27557,18.896,2020-01-24 20:00:00
120200114860,21,71.75,-4.25,974.70996,18.288,2020-01-24 21:00:00
120200114860,22,71.75,-4.25,975.40808,17.474999999999998,2020-01-24 22:00:00
120200114860,23,71.25,-4.75,976.41058,,2020-01-24 23:00:00
120200114860,24,71.0,-4.5,977.50311,,2020-01-25 00:00:00
120200114860,25,70.75,-4.25,978.80371,,2020-01-25 01:00:00
120200115290,0,73.5,13.75,978.14685,,2020-01-24 00:00:00
120200115290,1,73.75,12.5,978.27063,,2020-01-24 01:00:00
120200115290,2,73.5,13.25,978.01373,,2020-01-24 02:00:00
120200115290,3,73.75,11.75,978.50061,,2020-01-24 03:00:00
120200115290,4,73.75,11.5,978.75311,,2020-01-24 04:00:00
120200115290,5,73.5,13.0,978.81934,,2020-01-24 05:00:00
120200115290,6,73.5,13.0,979.21875,,2020-01-24 06:00:00
120200115290,7,73.75,10.25,979.78687,,2020-01-24 07:00:00
120200115290,8,73.75,9.5,979.57062,,2020-01-24 08:00:00
120200115290,9,73.75,9.0,980.40875,,2020-01-24 09:00:00
120200115290,10,73.75,8.25,980.95935,,2020-01-24 10:00:00
120200115290,11,73.75,7.25,981.66187,,2020-01-24 11:00:00
120200115290,12,73.5,4.5,981.71808,,2020-01-24 12:00:00
120200115290,13,73.5,3.0,982.4187,,2020-01-24 13:00:00
120200115290,14,73.5,2.25,983.45935,,2020-01-24 14:00:00
120200115290,15,73.5,1.75,984.06061,,2020-01-24 15:00:00
120200115290,16,73.25,0.0,984.84436,,2020-01-24 16:00:00
120200115290,17,73.0,-1.5,985.59247,,2020-01-24 17:00:00
120200115290,18,72.75,-2.75,986.76062,30.379,2020-01-24 18:00:00
120200115290,19,72.5,-3.0,987.57935,,2020-01-24 19:00:00
120200115290,20,72.25,-3.25,988.26746,,2020-01-24 20:00:00
120200115290,21,72.0,-3.5,988.97375,,2020-01-25 21:00:00
120200115290,22,72.0,-4.0,989.77875,24.051,2020-01-25 22:00:00
120200115290,23,71.75,-4.25,990.47247,24.39800000000001,2020-01-25 23:00:00
120200115290,24,71.75,-4.5,991.10809,,2020-01-26 00:00:00
120200115290,25,71.5,-4.75,991.62622,,2020-01-26 01:00:00
120200115290,26,71.5,-5.25,992.34875,,2020-01-26 02:00:00
120200115290,27,71.5,-5.75,992.73749,,2020-01-26 03:00:00
120200115290,28,71.5,-6.5,993.53186,,2020-01-26 04:00:00
120200115290,29,71.5,-7.0,993.9281,,2020-01-26 05:00:00
120200115290,30,71.5,-7.75,994.49249,,2020-01-26 06:00:00
120200115290,31,71.5,-9.5,994.7312,,2020-01-26 07:00:00
120200115290,32,71.25,-10.5,994.55621,,2020-01-26 08:00:00
120200115290,33,71.25,-10.75,995.10498,,2020-01-26 09:00:00
120200115290,34,71.25,-11.5,995.21124,,2020-01-26 10:00:00
120200115290,35,71.25,-12.5,995.63873,,2020-01-26 11:00:00
120200115440,0,72.75,-11.75,976.65436,,2020-01-24 00:00:00
120200115440,1,72.75,-12.25,978.57996,,2020-01-24 01:00:00
120200115440,2,72.5,-12.5,979.80811,,2020-01-24 02:00:00
120200115440,3,72.25,-12.5,981.43683,,2020-01-24 03:00:00
120200115440,4,72.0,-12.75,982.8006,,2020-01-24 04:00:00
120200115440,5,71.75,-12.75,983.98248,,2020-01-24 05:00:00
120200115440,6,71.5,-13.0,985.39935,,2020-01-24 06:00:00
120200115440,7,71.25,-13.0,986.62061,,2020-01-24 07:00:00
120200115440,8,71.0,-13.0,988.06433,,2020-01-24 08:00:00
120200115440,9,70.75,-12.75,989.32245,,2020-01-24 09:00:00
120200115440,10,70.75,-12.5,990.58936,,2020-01-24 10:00:00
120200115440,11,70.5,-12.5,992.1806,,2020-01-24 11:00:00
120200115440,12,70.25,-12.75,992.69873,,2020-01-24 12:00:00
120200115440,13,70.25,-12.75,993.37372,20.539,2020-01-25 13:00:00
120200115440,14,70.0,-13.0,993.7912,,2020-01-25 14:00:00
120200115440,15,69.75,-13.0,993.88,,2020-01-25 15:00:00
120200115440,16,69.75,-13.0,993.9931,,2020-01-25 16:00:00
120200115820,0,72.0,37.25,986.95624,,2020-01-25 00:00:00
120200115820,1,72.0,37.5,986.80621,,2020-01-25 01:00:00
120200115820,2,72.0,37.75,986.77246,,2020-01-25 02:00:00
120200115820,3,72.0,38.0,986.36932,,2020-01-25 03:00:00
120200115820,4,72.0,38.25,986.32373,,2020-01-25 04:00:00
120200115820,5,72.0,38.25,986.08496,,2020-01-25 05:00:00
120200115820,6,72.0,38.25,985.91998,,2020-01-25 06:00:00
120200115820,7,72.0,38.25,986.12061,,2020-01-25 07:00:00
120200115820,8,72.0,38.25,986.14435,,2020-01-25 08:00:00
120200115820,9,72.0,38.25,986.27374,,2020-01-25 09:00:00
120200115820,10,72.0,38.25,985.20996,,2020-01-25 10:00:00
120200115820,11,72.0,38.25,985.51874,37.519000000000005,2020-01-25 11:00:00
120200115820,12,72.0,38.25,985.56622,,2020-01-25 12:00:00
120200115820,13,72.0,38.0,986.31122,,2020-01-25 13:00:00
120200115820,14,72.0,37.5,985.77875,,2020-01-25 14:00:00
120200115820,15,72.0,37.0,986.72247,,2020-01-25 15:00:00
120200115820,16,72.0,37.0,987.53876,,2020-01-25 16:00:00
120200115820,17,71.75,36.5,987.38184,,2020-01-25 17:00:00
120200115820,18,71.75,36.5,988.00623,36.366,2020-01-25 18:00:00
120200115820,19,71.5,36.25,987.85999,35.449000000000005,2020-01-25 19:00:00
120200115820,20,71.5,36.5,987.97559,37.147,2020-01-25 20:00:00
120200115820,21,71.25,36.25,988.4425,,2020-01-25 21:00:00
120200115820,22,71.25,35.5,986.98938,,2020-01-25 22:00:00
120200115820,23,71.25,35.25,987.3031,,2020-01-25 23:00:00
120200115820,24,71.25,35.25,987.39996,,2020-01-27 00:00:00
120200115820,25,71.0,34.5,987.29938,,2020-01-27 01:00:00
120200115820,26,70.75,34.0,987.76746,,2020-01-27 02:00:00
120200115820,27,70.25,33.25,988.91248,,2020-01-27 03:00:00
120200115820,28,70.25,33.25,989.1037,,2020-01-27 04:00:00
120200115820,29,70.0,33.75,989.35498,,2020-01-27 05:00:00
120200115820,30,70.0,33.75,991.13312,,2020-01-27 06:00:00
120200115820,31,70.0,33.75,993.5,,2020-01-27 07:00:00
120200115980,0,55.75,-29.75,987.25873,,2020-01-25 00:00:00
120200115980,1,55.75,-29.0,986.40125,,2020-01-25 01:00:00
120200115980,2,56.0,-28.25,985.08746,,2020-01-25 02:00:00
120200115980,3,56.25,-27.5,983.67371,,2020-01-25 03:00:00
120200115980,4,56.25,-26.75,983.03876,,2020-01-25 04:00:00
120200115980,5,56.25,-25.75,982.24933,,2020-01-25 05:00:00
120200115980,6,56.5,-25.25,981.7937,,2020-01-25 06:00:00
120200115980,7,56.5,-24.25,981.89996,,2020-01-25 07:00:00
120200115980,8,56.75,-23.5,981.34558,,2020-01-25 08:00:00
120200115980,9,57.0,-22.75,980.70245,,2020-01-25 09:00:00
120200115980,10,57.5,-22.75,979.87433,,2020-01-25 10:00:00
120200115980,11,57.75,-22.0,978.75812,,2020-01-25 11:00:00
120200115980,12,58.25,-22.5,978.45746,19.998,2020-01-26 12:00:00
120200115980,13,58.25,-20.75,977.64185,19.757,2020-01-26 13:00:00
120200115980,14,58.5,-19.75,976.94,,2020-01-26 14:00:00
120200115980,15,58.75,-19.25,976.16998,,2020-01-26 15:00:00
120200115980,16,59.0,-18.75,975.77124,,2020-01-26 16:00:00
120200115980,17,59.25,-18.0,975.07495,,2020-01-26 17:00:00
120200115980,18,59.5,-17.25,974.8656,,2020-01-26 18:00:00
120200115980,19,60.0,-16.75,973.70245,,2020-01-26 19:00:00
120200115980,20,60.25,-15.75,974.07184,,2020-01-26 20:00:00
120200115980,21,60.75,-16.0,973.1156,,2020-01-26 21:00:00
120200115980,22,61.0,-17.25,973.13,,2020-01-26 22:00:00
120200116100,0,62.25,-21.25,971.20685,,2020-01-26 00:00:00
120200116100,1,62.5,-21.5,970.26996,,2020-01-26 01:00:00
120200116100,2,62.5,-22.0,968.77496,,2020-01-26 02:00:00
120200116100,3,62.5,-22.25,967.69873,,2020-01-26 03:00:00
120200116100,4,62.5,-22.75,966.91748,,2020-01-26 04:00:00
120200116100,5,62.5,-22.75,965.9281,,2020-01-26 05:00:00
120200116100,6,62.5,-23.0,965.16998,,2020-01-26 06:00:00
120200116100,7,62.5,-22.75,964.76813,,2020-01-26 07:00:00
120200116100,8,62.5,-22.75,964.53558,,2020-01-26 08:00:00
120200116100,9,62.75,-22.25,963.18372,,2020-01-26 09:00:00
120200116100,10,62.75,-22.25,962.90936,,2020-01-26 10:00:00
120200116100,11,62.75,-22.0,963.13873,34.215999999999994,2020-01-26 11:00:00
120200116100,12,63.0,-21.75,962.44562,33.548,2020-01-26 12:00:00
120200116100,13,63.5,-21.5,962.65558,35.253,2020-01-26 13:00:00
120200116100,14,63.5,-21.5,961.93933,,2020-01-26 14:00:00
120200116100,15,63.5,-22.0,961.64435,,2020-01-26 15:00:00
120200116250,0,70.75,38.0,995.3056,,2020-01-26 00:00:00
120200116250,1,70.75,38.0,996.07562,,2020-01-26 01:00:00
120200116250,2,70.75,39.0,996.14246,,2020-01-26 02:00:00
120200116250,3,70.5,39.5,995.93311,,2020-01-26 03:00:00
120200116250,4,70.5,39.75,996.43121,,2020-01-26 04:00:00
120200116250,5,70.5,40.0,996.58185,,2020-01-26 05:00:00
120200116250,6,70.5,40.5,996.58313,,2020-01-26 06:00:00
120200116250,7,70.5,40.75,996.76312,,2020-01-26 07:00:00
120200116250,8,70.5,41.0,997.15808,,2020-01-26 08:00:00
120200116250,9,70.75,41.25,997.12683,,2020-01-26 09:00:00
120200116250,10,70.75,41.5,997.15625,30.669,2020-01-26 10:00:00
120200116250,11,71.0,41.25,997.57062,,2020-01-26 11:00:00
120200116250,12,71.0,41.0,997.63251,,2020-01-26 12:00:00
120200116250,13,71.0,40.75,997.78247,,2020-01-26 13:00:00
120200116250,14,70.75,40.25,998.31183,,2020-01-26 14:00:00
120200116250,15,70.75,39.75,998.89996,,2020-01-26 15:00:00
120200116250,16,70.5,39.5,999.56622,,2020-01-27 16:00:00
120200116250,17,70.5,39.5,1000.315,31.298,2020-01-27 17:00:00
120200116250,18,70.0,39.25,1000.22247,29.334,2020-01-27 18:00:00
120200116250,19,69.75,39.0,1000.84808,28.734,2020-01-27 19:00:00
120200116250,20,69.5,39.0,1001.45624,,2020-01-27 20:00:00
120200116250,21,68.75,39.0,1002.28436,,2020-01-27 21:00:00
120200116250,22,68.5,39.75,1002.56311,,2020-01-27 22:00:00
120200116250,23,68.5,39.75,1002.57245,,2020-01-27 23:00:00
120200116250,24,68.5,40.0,1003.08997,,2020-01-28 00:00:00
120200116250,25,68.5,40.5,1003.72058,,2020-01-28 01:00:00
120200116250,26,68.5,40.75,1003.08124,,2020-01-28 02:00:00
120200116250,27,68.25,41.25,1003.92938,,2020-01-28 03:00:00
120200116250,28,68.25,41.25,1004.37683,,2020-01-28 04:00:00
120200116250,29,67.75,41.75,1005.76062,,2020-01-28 05:00:00
120200116250,30,67.75,41.75,1005.87683,,2020-01-28 06:00:00
120200116250,31,67.5,42.25,1006.88684,,2020-01-28 07:00:00
120200116250,32,67.25,42.75,1008.09308,,2020-01-28 08:00:00
120200116250,33,67.25,42.75,1008.08685,,2020-01-28 09:00:00
120200116250,34,67.0,43.25,1009.11438,,2020-01-28 10:00:00
120200116250,35,67.0,43.25,1009.32745,,2020-01-28 11:00:00
120200116250,36,67.0,43.25,1009.60687,,2020-01-28 12:00:00
120200116470,0,62.0,-40.0,976.68182,,2020-01-26 00:00:00
120200116470,1,61.5,-40.75,977.86499,,2020-01-26 01:00:00
120200116470,2,61.25,-40.5,976.83685,,2020-01-26 02:00:00
120200116470,3,60.75,-40.75,977.38251,,2020-01-26 03:00:00
120200116470,4,60.25,-41.0,978.14124,,2020-01-26 04:00:00
120200116470,5,60.0,-41.0,978.87561,,2020-01-26 05:00:00
120200116470,6,59.75,-41.0,979.28375,,2020-01-26 06:00:00
120200116470,7,59.25,-40.75,980.07623,,2020-01-27 07:00:00
120200116470,8,59.0,-40.5,980.59375,,2020-01-27 08:00:00
120200116470,9,58.75,-40.0,981.03876,,2020-01-27 09:00:00
120200116470,10,58.5,-39.75,981.59308,,2020-01-27 10:00:00
120200116470,11,58.25,-39.25,981.95374,,2020-01-27 11:00:00
120200116470,12,58.0,-39.0,982.73187,,2020-01-27 12:00:00
120200116470,13,57.75,-38.25,982.7356,,2020-01-27 13:00:00
120200117100,0,61.0,-27.75,965.97687,,2020-01-27 00:00:00
120200117100,1,61.0,-28.0,966.65247,,2020-01-27 01:00:00
120200117100,2,60.75,-27.75,967.82062,,2020-01-27 02:00:00
120200117100,3,60.75,-28.0,968.91498,,2020-01-27 03:00:00
120200117100,4,60.5,-27.75,969.49683,,2020-01-28 04:00:00
120200117100,5,60.5,-27.5,970.41998,,2020-01-28 05:00:00
120200117100,6,60.25,-27.0,970.93311,,2020-01-28 06:00:00
120200117100,7,60.25,-27.0,971.64124,,2020-01-28 07:00:00
120200117100,8,59.5,-25.75,972.97308,,2020-01-28 08:00:00
120200117100,9,59.5,-25.0,973.25812,,2020-01-28 09:00:00
120200117100,10,59.5,-24.75,974.08246,,2020-01-28 10:00:00
120200117100,11,59.25,-24.75,975.66687,,2020-01-28 11:00:00
120200117100,12,59.25,-24.75,976.82562,19.127,2020-01-28 12:00:00
120200117100,13,59.25,-22.5,976.20746,,2020-01-28 13:00:00
120200117100,14,59.25,-22.5,977.2406,,2020-01-28 14:00:00
120200117100,15,59.5,-21.5,976.84808,,2020-01-28 15:00:00
120200117100,16,59.5,-20.25,977.72125,,2020-01-28 16:00:00
120200117100,17,59.75,-19.0,978.33997,,2020-01-28 17:00:00
120200117100,18,59.75,-18.5,978.68933,,2020-01-28 18:00:00
120200117100,19,60.0,-18.75,978.9281,,2020-01-28 19:00:00
120200117100,20,60.0,-18.75,979.41187,,2020-01-28 20:00:00
120200117100,21,59.5,-17.0,980.32062,,2020-01-28 21:00:00
120200117100,22,59.5,-16.5,980.78748,18.812,2020-01-28 22:00:00
120200117100,23,59.75,-17.0,981.34125,,2020-01-28 23:00:00
120200117100,24,59.75,-16.5,981.9812,,2020-01-29 00:00:00
120200117100,25,59.75,-15.5,982.40497,,2020-01-29 01:00:00
120200117100,26,59.75,-16.5,983.35938,,2020-01-29 02:00:00
120200117100,27,59.75,-15.5,983.21747,,2020-01-29 03:00:00
120200117100,28,59.75,-12.5,984.0675,,2020-01-30 04:00:00
120200117100,29,59.75,-11.5,984.07745,,2020-01-30 05:00:00
120200117100,30,59.75,-11.0,984.40997,,2020-01-30 06:00:00
120200117100,31,59.75,-10.5,984.65875,,2020-01-30 07:00:00
120200117100,32,59.75,-9.75,984.56183,,2020-01-30 08:00:00
120200117100,33,59.75,-9.0,985.14124,,2020-01-30 09:00:00
120200117100,34,59.75,-8.5,985.21747,,2020-01-30 10:00:00
120200117100,35,59.75,-8.0,985.49121,,2020-01-30 11:00:00
120200117100,36,60.0,-7.75,985.6156,,2020-01-30 12:00:00
120200117100,37,60.0,-7.25,985.90497,,2020-01-30 13:00:00
120200117100,38,60.0,-6.75,986.31433,,2020-01-30 14:00:00
120200117100,39,60.0,-5.5,986.755,,2020-01-30 15:00:00
120200117100,40,60.25,-5.0,986.65247,,2020-01-30 16:00:00
120200117100,41,60.25,-4.5,986.63623,,2020-01-30 17:00:00
120200117100,42,60.25,-3.75,986.68182,,2020-01-30 18:00:00
120200117100,43,60.25,-3.5,986.54248,,2020-01-30 19:00:00
120200117100,44,60.25,-3.0,986.73438,,2020-01-30 20:00:00
120200117100,45,60.25,-2.5,987.18872,,2020-01-30 21:00:00
120200117130,0,63.0,-2.25,978.65936,,2020-01-27 00:00:00
120200117130,1,63.0,-2.5,978.32123,,2020-01-27 01:00:00
120200117130,2,63.25,-2.75,978.11438,,2020-01-28 02:00:00
120200117130,3,63.25,-2.75,977.94501,,2020-01-28 03:00:00
120200117130,4,63.5,-3.0,977.66058,,2020-01-28 04:00:00
120200117130,5,63.5,-3.0,977.70874,,2020-01-28 05:00:00
120200117130,6,63.75,-3.25,977.53809,,2020-01-28 06:00:00
120200117130,7,64.0,-3.0,977.7381,,2020-01-28 07:00:00
120200117130,8,64.0,-3.25,977.90497,,2020-01-28 08:00:00
120200117130,9,64.25,-3.25,977.93182,,2020-01-28 09:00:00
120200117130,10,64.5,-3.25,978.3031,,2020-01-28 10:00:00
120200117130,11,64.75,-3.25,978.82001,,2020-01-28 11:00:00
120200117130,12,65.0,-3.75,978.53058,,2020-01-28 12:00:00
120200117130,13,65.25,-4.25,978.87811,,2020-01-28 13:00:00
120200117130,14,65.25,-5.0,978.52625,,2020-01-28 14:00:00
120200117130,15,65.5,-5.0,979.14996,,2020-01-28 15:00:00
120200117130,16,65.75,-5.25,979.62183,,2020-01-28 16:00:00
120200117130,17,65.75,-5.75,979.50562,,2020-01-28 17:00:00
120200117130,18,66.0,-6.0,979.99188,,2020-01-28 18:00:00
120200117130,19,66.0,-6.5,979.95813,,2020-01-28 19:00:00
120200117130,20,66.0,-7.25,980.16498,18.602,2020-01-28 20:00:00
120200117130,21,66.25,-7.5,980.48871,19.302,2020-01-28 21:00:00
120200117130,22,66.25,-8.0,980.73871,19.077,2020-01-28 22:00:00
120200117130,23,66.25,-8.5,980.78247,18.283,2020-01-28 23:00:00
120200117130,24,66.5,-9.0,980.79938,,2020-01-29 00:00:00
120200117130,25,66.25,-9.25,980.88251,,2020-01-29 01:00:00
120200117130,26,66.25,-9.75,980.58246,,2020-01-30 02:00:00
120200117130,27,66.5,-10.5,981.36749,,2020-01-30 03:00:00
120200117130,28,66.5,-11.0,981.63,,2020-01-30 04:00:00
120200117130,29,66.25,-11.25,981.48871,,2020-01-30 05:00:00
120200117130,30,66.25,-11.5,981.54187,,2020-01-30 06:00:00
120200117130,31,66.25,-12.0,982.06122,,2020-01-30 07:00:00
120200117130,32,66.0,-11.75,981.88251,,2020-01-30 08:00:00
120200117130,33,66.0,-12.0,982.03125,,2020-01-30 09:00:00
120200117130,34,65.75,-13.0,982.95062,,2020-01-30 10:00:00
120200117130,35,65.75,-13.0,983.01495,,2020-01-30 11:00:00
120200117130,36,65.75,-13.0,982.77686,,2020-01-30 12:00:00
120200117130,37,65.75,-13.0,982.54749,,2020-01-30 13:00:00
120200117130,38,65.75,-13.0,982.57996,,2020-01-30 14:00:00
120200117130,39,65.75,-13.0,982.87622,,2020-01-30 15:00:00
120200117130,40,65.75,-13.0,982.75183,,2020-01-30 16:00:00
120200117130,41,65.75,-13.0,983.01996,,2020-01-30 17:00:00
120200117130,42,65.75,-13.0,982.80188,,2020-01-30 18:00:00
120200117130,43,65.75,-13.0,983.11621,,2020-01-30 19:00:00
120200117130,44,65.75,-13.0,983.09558,,2020-01-30 20:00:00
120200117130,45,66.0,-13.25,983.4931,,2020-01-30 21:00:00
120200117130,46,66.0,-13.25,983.45184,,2020-01-30 22:00:00
120200117130,47,66.0,-13.5,983.67249,,2020-01-30 23:00:00
120200200550,0,64.0,-39.5,986.75433,,2020-02-01 00:00:00
120200200550,1,63.5,-39.75,986.27936,,2020-02-01 01:00:00
120200200550,2,62.75,-41.0,987.2912,,2020-02-01 02:00:00
120200200550,3,62.75,-41.0,986.9325,,2020-02-01 03:00:00
120200200550,4,62.75,-41.0,986.95563,,2020-02-01 04:00:00
120200200550,5,62.75,-41.0,986.87622,,2020-02-01 05:00:00
120200200550,6,62.75,-41.0,987.22809,,2020-02-02 06:00:00
120200200550,7,62.75,-41.0,987.34808,,2020-02-02 07:00:00
120200200550,8,62.0,-40.75,986.1731,,2020-02-02 08:00:00
120200200550,9,62.0,-40.25,985.50311,,2020-02-02 09:00:00
120200200550,10,61.75,-40.0,985.09875,,2020-02-02 10:00:00
120200200550,11,61.5,-39.75,985.13562,,2020-02-02 11:00:00
120200200550,12,61.5,-39.5,985.19312,,2020-02-02 12:00:00
120200200550,13,61.25,-39.25,985.26495,20.044,2020-02-02 13:00:00
120200200550,14,61.25,-38.75,985.41998,,2020-02-02 14:00:00
120200200550,15,61.25,-38.5,985.78058,,2020-02-02 15:00:00
120200200550,16,61.0,-38.0,986.18683,,2020-02-02 16:00:00
120200200550,17,61.0,-37.75,987.01685,,2020-02-02 17:00:00
120200200570,0,70.75,20.75,974.96436,,2020-02-01 00:00:00
120200200570,1,70.75,20.75,974.47125,,2020-02-01 01:00:00
120200200570,2,70.75,20.25,973.61249,,2020-02-01 02:00:00
120200200570,3,71.25,23.25,975.45062,,2020-02-01 03:00:00
120200200570,4,71.25,23.25,975.00873,,2020-02-01 04:00:00
120200200570,5,71.25,23.25,974.52557,,2020-02-02 05:00:00
120200200570,6,71.5,19.25,970.99561,,2020-02-02 06:00:00
120200200570,7,71.5,19.25,970.85559,,2020-02-02 07:00:00
120200200570,8,71.75,19.25,970.63312,,2020-02-02 08:00:00
120200200570,9,72.0,19.5,970.44873,,2020-02-02 09:00:00
120200200570,10,72.0,19.5,970.21307,,2020-02-02 10:00:00
120200200570,11,72.0,19.75,969.73309,,2020-02-02 11:00:00
120200200570,12,72.25,19.75,969.82495,,2020-02-02 12:00:00
120200200570,13,72.5,19.5,969.99249,,2020-02-02 13:00:00
120200200570,14,72.5,20.0,969.78558,,2020-02-02 14:00:00
120200200570,15,72.25,21.25,969.64435,,2020-02-02 15:00:00
120200200570,16,72.25,21.75,969.79938,,2020-02-02 16:00:00
120200200570,17,72.5,22.0,969.72626,,2020-02-02 17:00:00
120200200570,18,72.5,22.5,970.03876,25.180000000000003,2020-02-02 18:00:00
120200200570,19,72.75,23.0,969.99561,,2020-02-02 19:00:00
120200200570,20,72.75,23.5,970.38251,,2020-02-02 20:00:00
120200200570,21,73.0,23.5,970.49811,,2020-02-02 21:00:00
120200200570,22,73.0,24.0,970.94562,,2020-02-02 22:00:00
120200200570,23,73.25,24.25,971.04248,,2020-02-02 23:00:00
120200200570,24,73.25,24.75,971.5462,,2020-02-03 00:00:00
120200200570,25,73.25,25.25,972.15747,,2020-02-03 01:00:00
120200200570,26,73.25,26.0,972.38934,,2020-02-03 02:00:00
120200200570,27,73.25,26.5,973.01373,,2020-02-03 03:00:00
120200200570,28,73.5,26.75,973.48999,,2020-02-03 04:00:00
120200200570,29,73.5,27.5,973.5531,,2020-02-04 05:00:00
120200200570,30,73.5,28.0,974.45563,,2020-02-04 06:00:00
120200200570,31,73.25,29.25,974.71747,,2020-02-04 07:00:00
120200200570,32,73.5,29.75,974.98499,,2020-02-04 08:00:00
120200200570,33,73.5,30.25,975.25751,,2020-02-04 09:00:00
120200200570,34,73.75,30.75,975.66559,,2020-02-04 10:00:00
120200200570,35,74.0,31.25,976.20496,,2020-02-04 11:00:00
120200200570,36,74.0,31.75,976.48438,,2020-02-04 12:00:00
120200200570,37,74.0,32.25,977.30872,,2020-02-04 13:00:00
120200200570,38,74.0,32.75,978.06122,,2020-02-04 14:00:00
120200200570,39,74.0,33.5,978.54498,,2020-02-04 15:00:00
120200200570,40,74.0,34.0,978.97375,,2020-02-04 16:00:00
120200200570,41,74.0,34.75,979.67499,,2020-02-04 17:00:00
120200200570,42,73.75,35.5,980.58875,,2020-02-04 18:00:00
120200200570,43,74.0,36.0,980.81934,,2020-02-04 19:00:00
120200200570,44,74.0,36.75,981.7312,,2020-02-04 20:00:00
120200200570,45,74.5,37.0,981.38123,,2020-02-04 21:00:00
120200200570,46,74.75,37.5,981.62122,,2020-02-04 22:00:00
120200200570,47,74.5,38.25,982.75122,,2020-02-04 23:00:00
120200200570,48,75.0,38.5,982.66187,,2020-02-05 00:00:00
120200200570,49,75.5,38.75,982.54688,,2020-02-05 01:00:00
120200200570,50,75.5,39.5,983.23688,,2020-02-05 02:00:00
120200200570,51,76.5,39.25,982.84125,,2020-02-05 03:00:00
120200201310,0,63.0,-24.25,990.70123,,2020-02-02 00:00:00
120200201310,1,63.25,-24.25,990.11249,,2020-02-02 01:00:00
120200201310,2,63.5,-24.5,990.0481,,2020-02-03 02:00:00
120200201310,3,63.75,-24.75,989.9281,,2020-02-03 03:00:00
120200201310,4,64.0,-25.25,989.45746,,2020-02-03 04:00:00
120200201310,5,64.25,-25.75,989.85748,,2020-02-03 05:00:00
120200201310,6,64.25,-26.25,989.90497,,2020-02-03 06:00:00
120200201310,7,64.5,-26.75,989.87811,,2020-02-03 07:00:00
120200201310,8,64.5,-27.25,990.20996,,2020-02-03 08:00:00
120200201310,9,64.25,-28.0,990.29437,,2020-02-03 09:00:00
120200201310,10,64.25,-28.25,991.14374,,2020-02-03 10:00:00
120200201310,11,64.0,-28.75,991.82123,,2020-02-03 11:00:00
120200201310,12,63.75,-29.0,992.32495,,2020-02-03 12:00:00
120200201310,13,63.5,-29.25,993.72375,,2020-02-03 13:00:00
120200201310,14,63.25,-29.25,995.21246,26.946,2020-02-03 14:00:00
120200201310,15,63.0,-29.0,996.36371,,2020-02-03 15:00:00
120200201310,16,62.75,-28.5,997.83685,,2020-02-03 16:00:00
120200201310,17,62.5,-28.0,998.50873,,2020-02-03 17:00:00
120200201310,18,62.25,-27.5,1000.16125,,2020-02-03 18:00:00
120200201310,19,62.0,-27.0,1001.51874,,2020-02-03 19:00:00
120200202620,0,73.75,14.0,987.78937,,2020-02-04 00:00:00
120200202620,1,73.75,15.0,986.84747,,2020-02-04 01:00:00
120200202620,2,73.75,16.0,986.12061,,2020-02-04 02:00:00
120200202620,3,73.75,17.0,985.29498,,2020-02-04 03:00:00
120200202620,4,73.75,18.0,984.51935,,2020-02-04 04:00:00
120200202620,5,73.75,19.0,983.85248,,2020-02-04 05:00:00
120200202620,6,74.0,17.75,983.77557,,2020-02-04 06:00:00
120200202620,7,74.0,20.75,982.94995,,2020-02-04 07:00:00
120200202620,8,74.0,21.25,981.63684,,2020-02-05 08:00:00
120200202620,9,74.0,21.0,980.78937,,2020-02-05 09:00:00
120200202620,10,74.0,19.75,980.82874,,2020-02-05 10:00:00
120200202620,11,74.0,20.5,979.75562,,2020-02-05 11:00:00
120200202620,12,73.75,22.25,978.8681,,2020-02-05 12:00:00
120200202620,13,73.5,27.5,978.75562,,2020-02-05 13:00:00
120200202620,14,73.75,28.0,977.78998,,2020-02-05 14:00:00
120200202620,15,73.75,28.5,977.63062,,2020-02-05 15:00:00
120200202620,16,74.0,28.75,977.2525,,2020-02-05 16:00:00
120200202620,17,74.0,29.25,977.14874,,2020-02-05 17:00:00
120200202620,18,74.25,28.0,976.30371,29.270000000000003,2020-02-05 18:00:00
120200202620,19,74.5,27.25,976.89246,31.719,2020-02-05 19:00:00
120200202620,20,74.5,27.0,976.9881,,2020-02-05 20:00:00
120200202620,21,74.5,26.25,977.34998,,2020-02-05 21:00:00
120200202620,22,74.5,25.75,977.86188,,2020-02-05 22:00:00
120200202620,23,74.75,25.25,978.6181,,2020-02-05 23:00:00
120200202620,24,74.5,24.5,980.13495,,2020-02-06 00:00:00
120200202620,25,74.5,24.25,981.0531,,2020-02-06 01:00:00
120200202620,26,74.25,23.75,982.61371,,2020-02-06 02:00:00
120200202620,27,74.0,23.25,984.26562,,2020-02-06 03:00:00
120200202620,28,74.0,23.25,985.63434,,2020-02-06 04:00:00
120200202620,29,73.75,23.0,987.26685,,2020-02-06 05:00:00
120200202620,30,73.25,22.5,987.26245,,2020-02-06 06:00:00
120200202690,0,75.5,27.0,984.31311,,2020-02-04 00:00:00
120200202690,1,75.5,27.0,983.51746,,2020-02-04 01:00:00
120200202690,2,75.5,27.25,982.87933,,2020-02-04 02:00:00
120200202690,3,75.75,27.25,982.22125,,2020-02-04 03:00:00
120200202690,4,75.5,27.5,982.26312,,2020-02-04 04:00:00
120200202690,5,75.5,28.0,981.18121,,2020-02-04 05:00:00
120200202690,6,75.5,28.25,980.62183,,2020-02-05 06:00:00
120200202690,7,75.5,28.5,980.82062,,2020-02-05 07:00:00
120200202690,8,75.5,29.25,980.40125,,2020-02-05 08:00:00
120200202690,9,75.5,30.0,979.98187,,2020-02-05 09:00:00
120200202690,10,75.5,31.0,980.54437,,2020-02-05 10:00:00
120200202690,11,75.75,31.0,981.82434,23.549,2020-02-05 11:00:00
120200202690,12,75.75,31.0,981.3725,,2020-02-05 12:00:00
120200202690,13,75.75,30.25,981.47058,,2020-02-05 13:00:00
120200202690,14,75.75,30.5,981.46124,,2020-02-05 14:00:00
120200202690,15,76.0,29.25,983.09998,,2020-02-05 15:00:00
120200202700,0,80.0,9.0,988.51312,,2020-02-04 00:00:00
120200202700,1,80.0,9.0,987.41376,,2020-02-04 01:00:00
120200202700,2,80.0,9.0,986.54309,,2020-02-04 02:00:00
120200202700,3,79.75,9.0,986.18872,,2020-02-04 03:00:00
120200202700,4,79.25,9.25,987.08685,,2020-02-04 04:00:00
120200202700,5,79.0,9.5,986.65625,,2020-02-04 05:00:00
120200202700,6,78.5,9.25,986.9256,,2020-02-05 06:00:00
120200202700,7,78.25,10.0,986.23688,,2020-02-05 07:00:00
120200202700,8,78.0,10.0,985.59375,,2020-02-05 08:00:00
120200202700,9,78.0,10.5,986.19684,,2020-02-05 09:00:00
120200202700,10,77.25,10.5,984.90308,,2020-02-05 10:00:00
120200202700,11,77.0,11.0,984.82812,,2020-02-05 11:00:00
120200202700,12,76.75,11.25,984.34125,,2020-02-05 12:00:00
120200202700,13,76.5,11.5,985.16437,,2020-02-05 13:00:00
120200202700,14,76.0,12.0,984.66998,,2020-02-05 14:00:00
120200202700,15,75.75,12.5,985.49872,,2020-02-05 15:00:00
120200202700,16,75.5,12.75,987.44995,,2020-02-05 16:00:00
120200202700,17,75.0,13.5,987.90125,,2020-02-05 17:00:00
120200202700,18,74.5,14.0,988.38562,,2020-02-05 18:00:00
120200202700,19,74.0,14.75,988.57373,26.369000000000003,2020-02-05 19:00:00
120200202700,20,73.5,15.75,988.87933,,2020-02-05 20:00:00
120200202700,21,73.0,16.75,989.03436,,2020-02-05 21:00:00
120200202700,22,72.5,17.75,989.36249,,2020-02-05 22:00:00
120200202710,0,71.25,29.25,988.96936,,2020-02-04 00:00:00
120200202710,1,71.25,29.75,988.63,,2020-02-04 01:00:00
120200202710,2,71.0,30.5,988.04938,,2020-02-04 02:00:00
120200202710,3,70.75,31.25,988.52374,,2020-02-04 03:00:00
120200202710,4,70.5,31.75,988.35809,,2020-02-05 04:00:00
120200202710,5,70.75,33.5,987.35809,,2020-02-05 05:00:00
120200202710,6,71.0,35.0,986.30872,,2020-02-05 06:00:00
120200202710,7,71.25,36.25,984.84686,,2020-02-05 07:00:00
120200202710,8,71.5,37.25,984.16937,,2020-02-05 08:00:00
120200202710,9,71.75,38.25,983.25684,,2020-02-05 09:00:00
120200202710,10,72.25,39.5,982.58997,,2020-02-05 10:00:00
120200202710,11,73.0,41.0,981.91687,,2020-02-05 11:00:00
120200202710,12,73.5,41.75,981.28497,,2020-02-05 12:00:00
120200202710,13,73.75,42.0,980.46375,,2020-02-05 13:00:00
120200202710,14,73.5,42.25,979.71747,,2020-02-05 14:00:00
120200202710,15,74.0,42.25,979.5412,32.297,2020-02-05 15:00:00
120200202710,16,74.0,42.0,978.83435,31.551,2020-02-05 16:00:00
120200202710,17,74.25,42.25,978.19745,33.344,2020-02-05 17:00:00
120200202710,18,74.25,42.25,977.39563,34.165,2020-02-05 18:00:00
120200202710,19,74.5,42.5,977.33936,,2020-02-05 19:00:00
120200202710,20,74.5,42.25,977.03748,,2020-02-05 20:00:00
120200202710,21,74.5,42.25,977.00183,,2020-02-05 21:00:00
120200202710,22,74.5,42.5,977.09247,,2020-02-05 22:00:00
120200202710,23,74.5,42.5,977.41809,,2020-02-05 23:00:00
120200202710,24,74.5,42.75,977.86188,,2020-02-06 00:00:00
120200202710,25,74.25,42.75,978.19684,,2020-02-06 01:00:00
120200202710,26,74.5,43.5,979.62622,,2020-02-06 02:00:00
120200202710,27,75.0,43.75,980.22498,,2020-02-06 03:00:00
120200202710,28,75.0,43.75,980.53247,,2020-02-07 04:00:00
120200202710,29,75.0,44.0,980.34937,,2020-02-07 05:00:00
120200202710,30,75.0,44.25,980.99811,,2020-02-07 06:00:00
120200202710,31,75.0,44.5,981.43933,,2020-02-07 07:00:00
120200202710,32,75.0,45.0,981.74622,,2020-02-07 08:00:00
120200202710,33,75.0,45.75,981.74371,,2020-02-07 09:00:00
120200202710,34,75.0,46.25,982.26813,,2020-02-07 10:00:00
120200202710,35,75.0,46.75,982.56183,,2020-02-07 11:00:00
120200202710,36,75.25,47.25,982.92871,,2020-02-07 12:00:00
120200202710,37,75.25,47.75,983.34875,,2020-02-07 13:00:00
120200202710,38,75.25,48.5,985.55933,,2020-02-07 14:00:00
120200202710,39,75.25,49.0,986.4212,,2020-02-07 15:00:00
120200202710,40,75.25,49.75,986.58374,,2020-02-07 16:00:00
120200202710,41,75.5,50.25,987.35559,,2020-02-07 17:00:00
120200202710,42,75.75,50.5,987.35748,,2020-02-07 18:00:00
120200202710,43,75.75,51.0,987.89746,,2020-02-07 19:00:00
120200202710,44,76.0,50.75,988.40936,,2020-02-07 20:00:00
120200202710,45,76.0,50.75,989.17749,,2020-02-07 21:00:00
120200202710,46,76.0,50.5,989.70935,,2020-02-07 22:00:00
120200202710,47,76.25,50.0,990.09375,,2020-02-07 23:00:00
120200202710,48,76.25,49.75,990.41559,,2020-02-08 00:00:00
120200202710,49,76.25,50.0,990.81372,,2020-02-08 01:00:00
120200202710,50,76.25,50.0,991.47809,,2020-02-08 02:00:00
120200202710,51,76.25,50.25,991.89624,,2020-02-08 03:00:00
120200202710,52,76.25,50.5,992.03876,,2020-02-09 04:00:00
120200202710,53,76.25,50.5,992.6806,,2020-02-09 05:00:00
120200202710,54,76.0,50.75,993.53436,,2020-02-09 06:00:00
120200202710,55,76.0,50.5,993.76434,,2020-02-09 07:00:00
120200202710,56,76.0,50.0,993.96747,,2020-02-09 08:00:00
120200202710,57,76.0,49.75,994.435,,2020-02-09 09:00:00
120200202710,58,75.75,49.5,994.45563,,2020-02-09 10:00:00
120200202710,59,75.75,49.25,995.06873,,2020-02-09 11:00:00
120200202710,60,75.75,49.0,995.24683,,2020-02-09 12:00:00
120200202710,61,75.5,49.0,995.80933,,2020-02-09 13:00:00
120200202710,62,75.75,49.0,996.47308,,2020-02-09 14:00:00
120200202710,63,75.75,48.5,996.88745,,2020-02-09 15:00:00
120200204200,0,58.0,-54.5,976.3006,19.655,2020-02-06 00:00:00
120200204200,1,57.75,-54.0,977.25,,2020-02-06 01:00:00
120200204200,2,57.75,-53.75,977.77936,,2020-02-06 02:00:00
120200204200,3,57.75,-53.25,978.2337,,2020-02-06 03:00:00
120200204200,4,57.75,-52.75,978.56812,,2020-02-06 04:00:00
120200204200,5,57.75,-52.5,979.47626,,2020-02-06 05:00:00
120200204200,6,57.75,-52.25,980.35559,,2020-02-06 06:00:00
120200204200,7,57.75,-52.0,979.94623,,2020-02-06 07:00:00
120200204200,8,57.75,-51.75,980.21997,,2020-02-07 08:00:00
120200204200,9,57.5,-51.5,981.59186,,2020-02-07 09:00:00
120200204200,10,57.5,-51.25,981.85938,,2020-02-07 10:00:00
120200204200,11,57.5,-51.0,981.41437,,2020-02-07 11:00:00
120200204200,12,57.5,-51.0,981.625,,2020-02-07 12:00:00
120200204200,13,57.25,-50.5,981.96497,,2020-02-07 13:00:00
120200204200,14,57.25,-50.25,981.62311,,2020-02-07 14:00:00
120200204200,15,57.25,-50.0,981.4212,,2020-02-07 15:00:00
120200204200,16,57.0,-49.75,982.34186,,2020-02-07 16:00:00
120200204200,17,57.0,-49.5,982.43182,,2020-02-07 17:00:00
120200204200,18,56.75,-48.75,981.62061,,2020-02-07 18:00:00
120200204200,19,56.5,-48.5,982.67249,,2020-02-07 19:00:00
120200204200,20,56.25,-48.25,984.44,,2020-02-07 20:00:00
120200204200,21,56.25,-47.75,983.21808,,2020-02-07 21:00:00
120200204200,22,56.0,-47.25,984.28876,,2020-02-07 22:00:00
120200204200,23,56.0,-46.5,982.70685,,2020-02-07 23:00:00
120200204200,24,55.75,-46.0,983.32935,,2020-02-08 00:00:00
120200206610,0,64.5,-39.25,970.93433,,2020-02-10 00:00:00
120200206610,1,64.5,-39.25,971.6687,,2020-02-10 01:00:00
120200206610,2,64.75,-39.75,972.75623,,2020-02-10 02:00:00
120200206610,3,64.5,-39.25,972.64435,,2020-02-10 03:00:00
120200206610,4,64.25,-39.0,972.52185,,2020-02-10 04:00:00
120200206610,5,64.25,-38.75,972.84998,,2020-02-10 05:00:00
120200206610,6,64.25,-38.75,973.36371,,2020-02-10 06:00:00
120200206610,7,64.25,-38.75,974.31812,,2020-02-10 07:00:00
120200206610,8,64.25,-38.75,974.74933,,2020-02-10 08:00:00
120200206610,9,64.25,-38.0,975.4881,,2020-02-10 09:00:00
120200206610,10,64.25,-37.75,976.18121,,2020-02-10 10:00:00
120200206610,11,64.25,-37.75,977.26624,,2020-02-10 11:00:00
120200206610,12,64.25,-37.5,978.02997,,2020-02-10 12:00:00
120200206610,13,64.5,-37.5,978.69501,,2020-02-10 13:00:00
120200206610,14,64.5,-37.25,979.0506,17.749000000000002,2020-02-10 14:00:00
120200206610,15,64.5,-37.25,979.80371,,2020-02-10 15:00:00
120200206610,16,64.5,-37.5,980.1712,,2020-02-10 16:00:00
120200206610,17,64.5,-37.5,981.1731,,2020-02-10 17:00:00
120200207780,0,67.0,-0.75,971.82062,,2020-02-12 00:00:00
120200207780,1,66.75,-0.75,972.28436,,2020-02-12 01:00:00
120200207780,2,66.5,-0.75,972.79938,,2020-02-12 02:00:00
120200207780,3,66.5,-0.5,973.32495,,2020-02-12 03:00:00
120200207780,4,66.25,-0.25,973.64313,,2020-02-12 04:00:00
120200207780,5,66.0,0.0,974.27496,,2020-02-12 05:00:00
120200207780,6,66.0,0.25,975.00562,,2020-02-12 06:00:00
120200207780,7,65.75,0.5,975.4837,,2020-02-12 07:00:00
120200207780,8,65.5,0.75,976.38562,,2020-02-12 08:00:00
120200207780,9,65.25,1.25,976.24432,,2020-02-12 09:00:00
120200207780,10,65.25,1.5,977.065,,2020-02-12 10:00:00
120200207780,11,65.0,1.5,978.33936,,2020-02-12 11:00:00
120200207780,12,64.75,1.75,979.11249,21.146,2020-02-12 12:00:00
120200207780,13,64.75,2.25,979.50812,,2020-02-12 13:00:00
120200207780,14,64.75,2.75,979.97809,,2020-02-12 14:00:00
120200207780,15,64.5,3.25,980.3656,,2020-02-12 15:00:00
120200207780,16,64.5,3.5,981.11188,,2020-02-12 16:00:00
120200207780,17,65.0,6.0,980.54688,,2020-02-12 17:00:00
120200207780,18,64.75,5.75,981.20374,,2020-02-12 18:00:00
120200207780,19,63.5,7.0,983.73309,19.186,2020-02-12 19:00:00
120200207780,20,63.25,6.5,984.96436,,2020-02-12 20:00:00
120200207780,21,63.25,6.5,984.96808,,2020-02-12 21:00:00
120200207780,22,63.5,6.25,984.81061,23.185,2020-02-12 22:00:00
120200207780,23,63.5,6.75,985.52246,,2020-02-13 23:00:00
120200207780,24,63.75,7.0,985.71185,,2020-02-14 00:00:00
120200207780,25,63.75,7.5,986.5675,,2020-02-14 01:00:00
120200207780,26,63.75,7.75,987.36688,,2020-02-14 02:00:00
120200207810,0,75.75,-4.25,978.21686,,2020-02-12 00:00:00
120200207810,1,75.5,-4.5,978.55438,,2020-02-12 01:00:00
120200207810,2,75.25,-5.0,978.71246,,2020-02-12 02:00:00
120200207810,3,75.0,-5.25,978.9856,,2020-02-12 03:00:00
120200207810,4,74.75,-5.75,979.29498,,2020-02-12 04:00:00
120200207810,5,74.5,-6.0,979.8056,,2020-02-12 05:00:00
120200207810,6,74.25,-6.25,980.11121,,2020-02-12 06:00:00
120200207810,7,73.75,-6.75,980.71936,,2020-02-12 07:00:00
120200207810,8,73.75,-7.0,982.70935,,2020-02-12 08:00:00
120200207810,9,73.5,-7.0,982.82874,,2020-02-12 09:00:00
120200207810,10,73.25,-7.0,983.32684,,2020-02-12 10:00:00
120200207810,11,72.75,-6.5,982.69,,2020-02-12 11:00:00
120200207810,12,72.5,-6.75,983.44434,,2020-02-12 12:00:00
120200207810,13,72.0,-6.5,983.3681,,2020-02-12 13:00:00
120200207810,14,71.75,-6.5,983.82184,,2020-02-12 14:00:00
120200207810,15,71.5,-6.5,983.77936,,2020-02-12 15:00:00
120200207810,16,71.0,-6.25,984.38812,,2020-02-12 16:00:00
120200207810,17,70.75,-6.25,984.43372,,2020-02-12 17:00:00
120200207810,18,70.5,-6.0,984.54559,,2020-02-12 18:00:00
120200207810,19,70.25,-5.5,984.78308,18.744,2020-02-12 19:00:00
120200208210,0,59.25,-58.0,992.04059,,2020-02-12 00:00:00
120200208210,1,59.5,-57.75,991.27936,,2020-02-12 01:00:00
120200208210,2,59.75,-57.5,989.73438,,2020-02-12 02:00:00
120200208210,3,60.0,-57.25,989.38812,,2020-02-12 03:00:00
120200208210,4,60.25,-58.75,987.58185,,2020-02-12 04:00:00
120200208210,5,60.25,-59.25,987.20746,,2020-02-12 05:00:00
120200208210,6,60.5,-59.0,986.07684,,2020-02-12 06:00:00
120200208210,7,60.5,-59.25,985.56311,,2020-02-12 07:00:00
120200208210,8,60.5,-59.25,983.79309,,2020-02-12 08:00:00
120200208210,9,60.75,-59.25,982.22559,,2020-02-12 09:00:00
120200208210,10,60.75,-59.5,981.01996,,2020-02-13 10:00:00
120200208210,11,60.75,-59.5,980.53186,,2020-02-13 11:00:00
120200208210,12,61.0,-59.75,979.8125,,2020-02-13 12:00:00
120200208210,13,61.0,-59.75,978.86438,,2020-02-13 13:00:00
120200208210,14,61.0,-60.0,978.38995,51.881,2020-02-13 14:00:00
120200208210,15,61.0,-60.0,977.20245,49.342,2020-02-13 15:00:00
120200208210,16,61.0,-60.25,976.83124,,2020-02-13 16:00:00
120200208210,17,61.0,-60.5,976.88373,,2020-02-13 17:00:00
120200208210,18,60.75,-60.5,977.55621,,2020-02-13 18:00:00
120200208210,19,61.0,-59.5,973.4325,,2020-02-13 19:00:00
120200208210,20,61.0,-59.5,971.80621,,2020-02-13 20:00:00
120200208210,21,61.0,-59.75,970.89246,,2020-02-13 21:00:00
120200208210,22,61.0,-60.0,970.48688,,2020-02-13 22:00:00
120200208210,23,61.0,-60.25,970.58185,,2020-02-13 23:00:00
120200208210,24,60.75,-61.0,972.78247,,2020-02-14 00:00:00
120200208210,25,60.75,-61.0,972.25562,43.173,2020-02-14 01:00:00
120200208210,26,60.75,-61.25,971.6181,44.435,2020-02-14 02:00:00
120200208210,27,60.75,-61.25,971.6131,,2020-02-14 03:00:00
120200208210,28,60.5,-61.25,972.53876,,2020-02-14 04:00:00
120200208210,29,60.5,-61.25,972.20874,,2020-02-14 05:00:00
120200208210,30,60.5,-61.25,972.20935,,2020-02-14 06:00:00
120200208210,31,60.25,-61.25,973.34625,,2020-02-14 07:00:00
120200208210,32,60.25,-61.25,973.53058,,2020-02-14 08:00:00
120200208210,33,60.0,-61.25,975.20813,,2020-02-14 09:00:00
120200208210,34,60.0,-61.25,975.52313,,2020-02-15 10:00:00
120200208210,35,59.75,-61.25,976.625,,2020-02-15 11:00:00
120200208210,36,59.75,-61.25,976.58997,,2020-02-15 12:00:00
120200208210,37,59.5,-61.25,977.91559,,2020-02-15 13:00:00
120200208210,38,59.5,-61.0,977.75684,,2020-02-15 14:00:00
120200208210,39,59.25,-61.0,978.48059,,2020-02-15 15:00:00
120200208210,40,59.0,-61.0,979.70245,,2020-02-15 16:00:00
120200208210,41,59.0,-60.75,979.6731,,2020-02-15 17:00:00
120200208210,42,58.75,-60.75,980.9162,,2020-02-15 18:00:00
120200208210,43,58.25,-60.75,982.8562,,2020-02-15 19:00:00
120200208210,44,58.25,-60.5,982.505,,2020-02-15 20:00:00
120200208210,45,58.0,-60.25,984.11688,,2020-02-15 21:00:00
120200208210,46,57.75,-60.0,984.35687,,2020-02-15 22:00:00
120200208210,47,57.25,-59.75,986.16187,,2020-02-15 23:00:00
120200208210,48,57.25,-59.5,985.80371,,2020-02-16 00:00:00
120200208210,49,57.0,-59.0,986.02374,,2020-02-16 01:00:00
120200208210,50,56.75,-58.5,985.59308,,2020-02-16 02:00:00
120200208210,51,56.75,-58.25,986.23688,,2020-02-16 03:00:00
120200208210,52,57.25,-58.25,985.74811,,2020-02-16 04:00:00
120200208210,53,57.25,-58.0,985.96497,,2020-02-16 05:00:00
120200208210,54,57.25,-57.75,986.45245,,2020-02-16 06:00:00
120200208210,55,57.0,-57.25,986.51434,,2020-02-16 07:00:00
120200208260,0,61.5,-12.5,994.08563,,2020-02-12 00:00:00
120200208260,1,61.5,-12.25,994.33063,,2020-02-12 01:00:00
120200208260,2,61.5,-12.0,994.1106,,2020-02-12 02:00:00
120200208260,3,61.5,-12.0,994.02124,,2020-02-12 03:00:00
120200208260,4,61.5,-11.75,993.81683,,2020-02-12 04:00:00
120200208260,5,61.5,-11.75,993.77557,,2020-02-12 05:00:00
120200208260,6,61.5,-11.5,993.79059,,2020-02-12 06:00:00
120200208260,7,61.5,-11.5,993.5481,,2020-02-12 07:00:00
120200208260,8,61.5,-11.75,993.79999,,2020-02-13 08:00:00
120200208260,9,61.5,-12.0,994.08435,,2020-02-13 09:00:00
120200208260,10,61.5,-12.0,994.36249,,2020-02-13 10:00:00
120200208260,11,61.5,-12.0,994.49188,22.216,2020-02-13 11:00:00
120200208260,12,61.5,-12.0,994.58496,21.957,2020-02-13 12:00:00
120200208260,13,61.25,-11.25,994.4325,,2020-02-13 13:00:00
120200208260,14,61.25,-11.25,994.7937,,2020-02-13 14:00:00
120200208260,15,61.25,-11.5,995.27124,,2020-02-13 15:00:00
120200208260,16,61.25,-11.75,996.42871,,2020-02-13 16:00:00
120200208260,17,61.25,-10.75,996.77246,,2020-02-13 17:00:00
120200208260,18,61.0,-10.25,997.1037,,2020-02-13 18:00:00
120200208260,19,61.0,-10.0,997.91498,,2020-02-13 19:00:00
120200208260,20,61.0,-9.75,998.42438,,2020-02-13 20:00:00
120200208400,0,62.5,-16.25,995.1156,,2020-02-12 00:00:00
120200208400,1,62.5,-16.5,995.06061,,2020-02-12 01:00:00
120200208400,2,62.5,-16.5,995.57495,,2020-02-13 02:00:00
120200208400,3,62.5,-16.75,995.81934,,2020-02-13 03:00:00
120200208400,4,62.25,-17.0,995.73248,,2020-02-13 04:00:00
120200208400,5,62.25,-17.25,995.96185,,2020-02-13 05:00:00
120200208400,6,62.25,-17.25,996.41998,,2020-02-13 06:00:00
120200208400,7,62.25,-17.25,996.78247,,2020-02-13 07:00:00
120200208400,8,62.25,-17.75,997.38623,,2020-02-13 08:00:00
120200208400,9,62.25,-17.75,997.93372,,2020-02-13 09:00:00
120200208400,10,62.25,-18.0,998.2962,15.317999999999998,2020-02-13 10:00:00
120200208740,0,55.75,-59.25,985.76245,18.851,2020-02-13 00:00:00
120200208740,1,56.0,-59.75,983.62622,20.606,2020-02-13 01:00:00
120200208740,2,56.0,-59.5,982.9375,,2020-02-13 02:00:00
120200208740,3,55.75,-59.25,982.15436,,2020-02-13 03:00:00
120200208740,4,55.75,-58.75,982.06683,,2020-02-13 04:00:00
120200208740,5,56.0,-58.25,980.73749,,2020-02-13 05:00:00
120200208740,6,56.0,-58.0,979.83063,,2020-02-13 06:00:00
120200208740,7,55.25,-58.0,981.79059,,2020-02-13 07:00:00
120200208740,8,55.75,-57.25,977.84058,,2020-02-13 08:00:00
120200208740,9,55.75,-57.0,977.14624,,2020-02-13 09:00:00
120200208740,10,55.75,-56.5,976.16125,,2020-02-13 10:00:00
120200208740,11,55.5,-56.0,975.84186,,2020-02-13 11:00:00
120200208740,12,55.25,-55.25,975.58624,,2020-02-13 12:00:00
120200208740,13,55.25,-55.0,975.19562,,2020-02-13 13:00:00
120200208740,14,55.0,-54.25,974.7981,,2020-02-13 14:00:00
120200208740,15,55.75,-55.25,974.78558,34.129,2020-02-14 15:00:00
120200208740,16,54.75,-53.5,974.72748,,2020-02-14 16:00:00
120200208740,17,54.75,-53.25,974.4325,,2020-02-14 17:00:00
120200209120,0,56.0,-47.25,968.96997,,2020-02-14 00:00:00
120200209120,1,56.25,-47.0,967.76562,,2020-02-14 01:00:00
120200209120,2,56.25,-46.75,966.37933,,2020-02-14 02:00:00
120200209120,3,56.25,-47.5,966.18811,,2020-02-14 03:00:00
120200209120,4,56.25,-47.5,964.9975,,2020-02-14 04:00:00
120200209120,5,56.25,-47.25,964.14062,,2020-02-14 05:00:00
120200209120,6,56.25,-47.25,963.05872,,2020-02-14 06:00:00
120200209120,7,56.25,-47.0,962.45624,,2020-02-14 07:00:00
120200209120,8,56.5,-45.25,960.59247,,2020-02-14 08:00:00
120200209120,9,55.75,-47.0,962.43683,,2020-02-14 09:00:00
120200209120,10,55.5,-46.75,961.75684,,2020-02-14 10:00:00
120200209120,11,55.25,-46.5,962.08685,,2020-02-14 11:00:00
120200209120,12,55.0,-46.0,962.1087,,2020-02-14 12:00:00
120200209120,13,54.75,-45.5,961.9187,22.017,2020-02-14 13:00:00
120200209120,14,54.5,-45.25,961.9906,19.482,2020-02-14 14:00:00
120200209120,15,53.75,-42.5,962.04437,,2020-02-14 15:00:00
120200211340,0,58.75,-57.25,996.06061,,2020-02-17 00:00:00
120200211340,1,58.5,-56.75,996.24249,,2020-02-17 01:00:00
120200211340,2,58.5,-56.5,996.05872,,2020-02-17 02:00:00
120200211340,3,58.25,-56.0,996.8075,,2020-02-17 03:00:00
120200211340,4,58.25,-55.5,996.65558,,2020-02-17 04:00:00
120200211340,5,58.25,-55.25,997.19501,,2020-02-17 05:00:00
120200211340,6,58.25,-54.75,997.53809,,2020-02-17 06:00:00
120200211340,7,58.0,-54.0,998.71686,,2020-02-17 07:00:00
120200211340,8,58.0,-53.5,997.99249,,2020-02-17 08:00:00
120200211340,9,58.0,-52.75,997.86371,,2020-02-17 09:00:00
120200211340,10,58.0,-52.0,998.25372,,2020-02-18 10:00:00
120200211340,11,58.0,-51.5,998.43933,,2020-02-18 11:00:00
120200211340,12,57.75,-51.25,999.00934,,2020-02-18 12:00:00
120200211340,13,57.75,-50.5,999.255,,2020-02-18 13:00:00
120200211340,14,57.75,-49.75,998.71436,16.342000000000002,2020-02-18 14:00:00
120200211340,15,57.75,-49.0,998.96686,16.117,2020-02-18 15:00:00
120200211340,16,57.75,-48.5,998.82001,,2020-02-18 16:00:00
120200212110,0,61.75,-36.5,976.185,18.772,2020-02-19 00:00:00
120200212110,1,61.75,-36.5,976.39874,,2020-02-19 01:00:00
120200212110,2,61.75,-36.75,976.83624,,2020-02-19 02:00:00
120200212110,3,61.5,-36.75,977.47498,,2020-02-19 03:00:00
120200212110,4,61.5,-36.25,977.51062,,2020-02-19 04:00:00
120200212110,5,61.5,-35.75,977.0437,,2020-02-19 05:00:00
120200212110,6,61.25,-35.5,977.55371,,2020-02-19 06:00:00
120200212110,7,61.25,-34.75,977.37811,,2020-02-19 07:00:00
120200212110,8,61.0,-34.25,978.10938,,2020-02-19 08:00:00
120200212110,9,60.0,-32.75,980.28625,,2020-02-19 09:00:00
120200212110,10,59.75,-32.0,981.27374,,2020-02-19 10:00:00
120200212110,11,59.75,-31.0,981.23438,,2020-02-19 11:00:00
120200212110,12,59.5,-30.25,982.17249,15.095999999999998,2020-02-19 12:00:00
120200213470,0,74.0,8.0,967.0025,,2020-02-21 00:00:00
120200213470,1,74.0,7.75,966.3125,,2020-02-21 01:00:00
120200213470,2,74.0,7.75,965.59125,,2020-02-21 02:00:00
120200213470,3,74.25,8.5,965.45435,,2020-02-21 03:00:00
120200213470,4,74.25,8.25,964.66809,,2020-02-21 04:00:00
120200213470,5,74.0,7.0,963.77313,,2020-02-21 05:00:00
120200213470,6,74.0,6.75,963.05811,,2020-02-21 06:00:00
120200213470,7,74.0,6.25,962.81,,2020-02-21 07:00:00
120200213470,8,74.0,6.0,962.43372,,2020-02-21 08:00:00
120200213470,9,74.0,5.75,961.94373,,2020-02-21 09:00:00
120200213470,10,74.0,5.0,962.28308,,2020-02-21 10:00:00
120200213470,11,73.75,4.0,961.43811,22.168000000000003,2020-02-21 11:00:00
120200213470,12,73.5,3.25,960.7912,20.203,2020-02-22 12:00:00
120200213470,13,73.5,3.0,960.81812,20.042,2020-02-22 13:00:00
120200213470,14,73.25,2.5,960.39996,,2020-02-22 14:00:00
120200213470,15,73.0,1.75,960.41058,,2020-02-22 15:00:00
120200213470,16,72.75,1.25,960.03937,,2020-02-22 16:00:00
120200213470,17,72.5,0.5,960.10498,,2020-02-22 17:00:00
120200213470,18,72.25,-0.25,960.64624,,2020-02-22 18:00:00
120200213470,19,71.75,-1.0,960.63184,,2020-02-22 19:00:00
120200213470,20,71.5,-1.5,961.3725,17.824,2020-02-22 20:00:00
120200213470,21,71.25,-2.0,961.73187,18.982000000000003,2020-02-22 21:00:00
120200213470,22,70.75,-2.25,962.02936,20.124,2020-02-22 22:00:00
120200213470,23,70.5,-2.5,962.43121,,2020-02-22 23:00:00
120200213470,24,70.25,-2.5,962.77936,,2020-02-23 00:00:00
120200213470,25,70.0,-2.75,963.7962,,2020-02-23 01:00:00
120200213470,26,69.75,-2.75,964.23059,,2020-02-23 02:00:00
120200213470,27,69.25,-2.75,965.12311,,2020-02-23 03:00:00
120200213470,28,69.0,-2.5,965.35309,,2020-02-23 04:00:00
120200213470,29,68.75,-2.5,966.79248,,2020-02-23 05:00:00
120200213470,30,68.5,-2.25,967.34436,,2020-02-23 06:00:00
120200213470,31,68.25,-2.0,968.68311,,2020-02-23 07:00:00
120200213470,32,68.0,-1.75,969.31372,,2020-02-23 08:00:00
120200213470,33,67.5,-1.25,970.26562,,2020-02-23 09:00:00
120200213470,34,67.5,-0.75,970.55872,24.02,2020-02-23 10:00:00
120200213470,35,67.0,0.0,971.95245,,2020-02-23 11:00:00
120200213470,36,66.75,0.5,972.83875,,2020-02-24 12:00:00
120200213470,37,66.5,1.25,973.505,,2020-02-24 13:00:00
120200213470,38,66.25,1.75,974.57684,,2020-02-24 14:00:00
120200213470,39,65.75,2.5,975.89435,,2020-02-24 15:00:00
120200213470,40,65.5,3.25,976.47247,,2020-02-24 16:00:00
120200213470,41,65.25,4.0,977.59308,,2020-02-24 17:00:00
120200213470,42,65.0,5.0,977.77997,,2020-02-24 18:00:00
120200213470,43,64.75,5.75,978.91937,,2020-02-24 19:00:00
120200213470,44,64.5,6.75,979.73438,,2020-02-24 20:00:00
120200213470,45,64.25,8.75,980.34497,,2020-02-24 21:00:00
120200213470,46,63.75,7.75,982.51184,,2020-02-24 22:00:00
120200213490,0,71.0,12.5,964.51123,,2020-02-21 00:00:00
120200213490,1,71.25,13.5,964.09937,,2020-02-21 01:00:00
120200213490,2,71.75,14.25,963.73059,,2020-02-21 02:00:00
120200213490,3,72.0,14.5,962.74561,,2020-02-21 03:00:00
120200213490,4,72.25,15.0,962.15558,,2020-02-21 04:00:00
120200213490,5,72.5,15.5,961.67749,,2020-02-21 05:00:00
120200213490,6,72.75,16.0,961.39374,,2020-02-21 06:00:00
120200213490,7,73.0,16.25,960.71124,,2020-02-21 07:00:00
120200213490,8,73.25,15.75,960.27313,,2020-02-21 08:00:00
120200213490,9,73.25,14.75,958.85309,,2020-02-21 09:00:00
120200213490,10,73.5,14.5,958.26624,19.532,2020-02-22 10:00:00
120200213490,11,73.5,14.0,957.55811,19.129,2020-02-22 11:00:00
120200213490,12,73.75,14.5,957.79999,19.864,2020-02-22 12:00:00
120200213490,13,73.75,14.25,957.07562,20.622,2020-02-22 13:00:00
120200213490,14,74.0,16.0,957.71936,,2020-02-22 14:00:00
120200213490,15,74.0,16.0,957.16498,,2020-02-22 15:00:00
120200213490,16,74.0,15.75,956.52124,,2020-02-22 16:00:00
120200213580,34,70.5,10.5,957.755,,2020-02-24 10:00:00
120200213580,35,70.25,10.75,958.83063,,2020-02-24 11:00:00
120200213620,0,58.75,-27.25,968.77875,,2020-02-21 00:00:00
120200213620,1,58.75,-26.25,969.63123,,2020-02-21 01:00:00
120200213620,2,59.25,-24.5,968.66559,,2020-02-21 02:00:00
120200213620,3,59.5,-23.25,968.8606,,2020-02-21 03:00:00
120200213620,4,59.25,-22.5,970.13873,,2020-02-22 04:00:00
120200213620,5,59.5,-21.25,969.76062,,2020-02-22 05:00:00
120200213620,6,59.5,-20.0,970.45245,,2020-02-22 06:00:00
120200213620,7,59.75,-18.5,970.02313,,2020-02-22 07:00:00
120200213620,8,59.75,-17.25,970.72186,,2020-02-22 08:00:00
120200213620,9,59.75,-16.0,971.48248,,2020-02-22 09:00:00
120200213620,10,59.75,-14.5,972.79871,,2020-02-22 10:00:00
120200213620,11,59.75,-13.0,973.78186,16.344,2020-02-22 11:00:00
120200213620,12,60.0,-11.5,974.19,18.379,2020-02-22 12:00:00
120200213620,13,60.0,-10.25,974.95184,19.919,2020-02-22 13:00:00
120200213620,14,60.0,-9.25,975.81934,,2020-02-22 14:00:00
120200213620,15,60.25,-8.5,975.15875,,2020-02-22 15:00:00
120200213620,16,60.0,-8.25,977.26685,,2020-02-22 16:00:00
120200213620,17,60.0,-6.75,978.15625,,2020-02-22 17:00:00
120200213620,18,60.25,-3.5,977.40057,,2020-02-22 18:00:00
120200213620,19,60.25,-2.0,978.00562,,2020-02-22 19:00:00
120200213620,20,60.25,-1.0,978.46063,18.889,2020-02-22 20:00:00
120200213620,21,60.0,-0.5,980.51746,,2020-02-22 21:00:00
120200213620,22,59.75,0.5,982.61188,,2020-02-22 22:00:00
120200213620,23,59.75,1.75,983.39813,16.895,2020-02-22 23:00:00
120200213830,0,63.0,-18.25,973.45685,,2020-02-22 00:00:00
120200213830,1,62.75,-18.0,974.65375,,2020-02-22 01:00:00
120200213830,2,62.5,-17.5,976.06433,,2020-02-22 02:00:00
120200213830,3,62.5,-17.25,977.49371,,2020-02-22 03:00:00
120200213830,4,62.25,-16.75,978.33563,,2020-02-22 04:00:00
120200213830,5,62.25,-16.25,979.18561,,2020-02-22 05:00:00
120200213830,6,62.25,-16.0,980.1731,,2020-02-22 06:00:00
120200213830,7,62.25,-15.5,980.98999,,2020-02-22 07:00:00
120200213830,8,62.25,-15.0,982.23688,,2020-02-22 08:00:00
120200213830,9,62.0,-14.25,982.66559,,2020-02-22 09:00:00
120200213830,10,62.0,-14.0,983.58374,,2020-02-22 10:00:00
120200213830,11,62.0,-13.75,984.20062,,2020-02-22 11:00:00
120200213830,12,62.0,-13.25,984.96124,,2020-02-22 12:00:00
120200213830,13,62.0,-12.75,985.66748,,2020-02-22 13:00:00
120200213830,14,62.0,-12.25,986.0412,,2020-02-23 14:00:00
120200213830,15,61.75,-11.75,986.33246,,2020-02-23 15:00:00
120200213830,16,61.75,-11.25,986.69684,,2020-02-23 16:00:00
120200213830,17,61.75,-10.5,987.60938,,2020-02-23 17:00:00
120200213830,18,61.5,-10.0,987.94501,,2020-02-23 18:00:00
120200213830,19,61.5,-9.25,988.97809,,2020-02-23 19:00:00
120200213830,20,61.25,-8.75,989.625,,2020-02-23 20:00:00
120200213830,21,61.25,-7.75,990.37933,,2020-02-23 21:00:00
120200213830,22,61.0,-7.25,991.63434,,2020-02-23 22:00:00
120200213830,23,60.75,-6.75,992.7475,,2020-02-23 23:00:00
120200213830,24,60.5,-6.25,994.79938,,2020-02-24 00:00:00
120200213830,25,60.25,-5.5,996.2287,,2020-02-24 01:00:00
120200213830,26,60.0,-4.5,997.57874,,2020-02-24 02:00:00
120200213830,27,59.5,-3.75,999.02313,,2020-02-24 03:00:00
120200213830,28,59.0,-3.0,1000.69501,,2020-02-24 04:00:00
120200214010,0,61.0,-54.0,989.6131,,2020-02-22 00:00:00
120200214010,1,61.25,-53.25,989.21997,16.4,2020-02-22 01:00:00
120200214010,2,61.25,-54.25,987.83435,17.026,2020-02-22 02:00:00
120200214010,3,61.5,-53.25,987.54059,,2020-02-22 03:00:00
120200214010,4,62.0,-52.75,987.56122,,2020-02-22 04:00:00
120200214010,5,62.0,-53.25,986.65057,,2020-02-22 05:00:00
120200214010,6,62.5,-52.5,987.05621,,2020-02-22 06:00:00
120200214010,7,62.5,-52.75,985.875,,2020-02-22 07:00:00
120200214010,8,62.5,-53.0,985.7312,,2020-02-23 08:00:00
120200214010,9,63.0,-52.0,985.91748,,2020-02-23 09:00:00
120200214010,10,63.25,-52.0,986.09686,,2020-02-23 10:00:00
120200214010,11,63.25,-52.0,985.65186,,2020-02-23 11:00:00
120200214010,12,63.0,-52.0,985.02496,,2020-02-23 12:00:00
120200214010,13,63.0,-51.5,985.49561,27.194000000000003,2020-02-23 13:00:00
120200214010,14,63.0,-51.5,985.42749,28.926,2020-02-23 14:00:00
120200214010,15,62.75,-51.25,986.32935,30.37,2020-02-23 15:00:00
120200214010,16,62.5,-51.25,986.86188,,2020-02-23 16:00:00
120200214010,17,62.0,-51.0,987.94,,2020-02-23 17:00:00
120200214010,18,62.0,-50.75,988.6106,,2020-02-23 18:00:00
120200214010,19,61.75,-50.25,989.87122,,2020-02-23 19:00:00
120200214010,20,61.75,-50.25,990.57623,,2020-02-23 20:00:00
120200214010,21,61.75,-50.25,990.88434,,2020-02-23 21:00:00
120200214010,22,61.25,-50.25,991.91125,,2020-02-23 22:00:00
120200214110,0,65.25,-32.25,984.72125,,2020-02-22 00:00:00
120200214110,1,65.75,-33.0,984.73248,,2020-02-22 01:00:00
120200214110,2,66.25,-33.75,987.72626,,2020-02-23 02:00:00
120200214110,3,66.25,-33.75,988.19501,,2020-02-23 03:00:00
120200214110,4,66.25,-33.5,988.34686,,2020-02-23 04:00:00
120200214110,5,66.25,-33.25,988.53937,,2020-02-23 05:00:00
120200214110,6,66.0,-32.0,986.86249,,2020-02-23 06:00:00
120200214110,7,66.0,-31.75,987.3681,,2020-02-23 07:00:00
120200214110,8,66.0,-31.5,988.685,,2020-02-23 08:00:00
120200214110,9,66.0,-31.25,989.50684,,2020-02-23 09:00:00
120200214110,10,66.25,-30.0,989.02686,,2020-02-23 10:00:00
120200214110,11,66.25,-27.0,988.98999,21.049,2020-02-23 11:00:00
120200214110,12,66.25,-26.5,989.43683,23.687,2020-02-23 12:00:00
120200214110,13,66.5,-25.0,989.37,,2020-02-23 13:00:00
120200214110,14,66.5,-24.5,989.9187,,2020-02-23 14:00:00
120200214110,15,67.0,-24.0,990.00061,,2020-02-23 15:00:00
120200214110,16,67.25,-23.5,990.29999,,2020-02-23 16:00:00
120200214110,17,67.25,-23.0,990.62561,,2020-02-23 17:00:00
120200214110,18,67.5,-22.0,991.0462,,2020-02-23 18:00:00
120200214110,19,67.5,-21.5,991.09875,,2020-02-23 19:00:00
120200214110,20,67.5,-21.25,991.88312,,2020-02-23 20:00:00
120200214110,21,67.5,-21.0,992.57312,25.563,2020-02-23 21:00:00
120200214110,22,67.5,-21.0,993.50684,24.839,2020-02-23 22:00:00
120200214110,23,67.5,-20.5,994.02063,,2020-02-23 23:00:00
120200214110,24,67.5,-19.75,995.02435,,2020-02-24 00:00:00
120200214110,25,67.5,-19.0,995.875,,2020-02-24 01:00:00
120200214110,26,67.5,-18.25,996.3775,,2020-02-25 02:00:00
120200214110,27,67.75,-17.0,997.71497,,2020-02-25 03:00:00
120200214110,28,67.75,-16.5,997.91437,,2020-02-25 04:00:00
120200214110,29,67.75,-16.25,998.00623,,2020-02-25 05:00:00
120200214390,0,62.75,-38.5,991.77936,17.177999999999997,2020-02-23 00:00:00
120200214390,1,62.75,-38.5,991.87,20.491,2020-02-23 01:00:00
120200214390,2,63.0,-37.5,992.31061,,2020-02-23 02:00:00
120200214390,3,63.25,-37.0,992.48871,,2020-02-23 03:00:00
120200214390,4,63.25,-37.0,992.94373,,2020-02-23 04:00:00
120200214390,5,63.5,-36.0,993.05933,,2020-02-23 05:00:00
120200214390,6,63.5,-36.0,993.17249,,2020-02-23 06:00:00
120200214390,7,63.75,-35.25,992.8656,,2020-02-23 07:00:00
120200214390,8,63.75,-35.0,992.80121,,2020-02-23 08:00:00
120200214390,9,64.0,-34.0,992.43372,,2020-02-23 09:00:00
120200214390,10,64.25,-33.5,992.42059,,2020-02-23 10:00:00
120200214390,11,64.25,-33.75,992.44183,,2020-02-23 11:00:00
120200214390,12,64.25,-33.75,992.73187,,2020-02-23 12:00:00
120200214390,13,64.5,-32.75,992.4881,,2020-02-23 13:00:00
120200214390,14,64.5,-33.0,992.54688,,2020-02-23 14:00:00
120200214390,15,64.75,-31.75,993.1275,,2020-02-23 15:00:00
120200214390,16,64.75,-31.75,992.25751,,2020-02-24 16:00:00
120200214390,17,64.75,-31.5,992.17499,,2020-02-24 17:00:00
120200214390,18,64.25,-33.5,991.57935,,2020-02-24 18:00:00
120200214390,19,64.0,-34.0,990.9837,,2020-02-24 19:00:00
120200214390,20,64.0,-34.0,990.83313,,2020-02-24 20:00:00
120200214390,21,64.0,-33.75,990.58496,,2020-02-24 21:00:00
120200214390,22,63.75,-33.75,990.39435,18.016,2020-02-24 22:00:00
120200214390,23,63.75,-33.75,990.40997,19.192,2020-02-24 23:00:00
120200214390,24,63.5,-33.75,989.87,19.492,2020-02-25 00:00:00
120200214390,25,63.5,-33.5,989.8175,,2020-02-25 01:00:00
120200214390,26,63.25,-33.5,989.565,,2020-02-25 02:00:00
120200214390,27,63.25,-33.25,989.25183,,2020-02-25 03:00:00
120200214390,28,63.25,-32.75,989.09375,,2020-02-25 04:00:00
120200214390,29,63.0,-32.75,988.82623,,2020-02-25 05:00:00
120200214390,30,63.0,-32.5,988.22998,,2020-02-25 06:00:00
120200214390,31,62.75,-32.5,987.74371,,2020-02-25 07:00:00
120200214390,32,62.75,-32.0,987.20563,,2020-02-25 08:00:00
120200214390,33,62.75,-31.75,986.81561,,2020-02-25 09:00:00
120200214440,0,70.25,12.25,963.00433,,2020-02-23 00:00:00
120200214440,1,69.25,12.5,964.93872,,2020-02-23 01:00:00
120200214440,2,69.5,12.5,965.44745,,2020-02-23 02:00:00
120200214440,3,69.25,13.0,966.05811,,2020-02-23 03:00:00
120200214440,4,69.0,14.0,966.01245,,2020-02-23 04:00:00
120200214440,5,69.25,14.75,965.6756,,2020-02-23 05:00:00
120200214440,6,69.5,15.5,965.935,,2020-02-23 06:00:00
120200214440,7,69.75,16.0,966.88251,,2020-02-23 07:00:00
120200214440,8,70.0,16.75,967.78809,,2020-02-23 08:00:00
120200214440,9,70.0,17.25,968.77435,,2020-02-23 09:00:00
120200214440,10,70.0,17.25,970.05188,23.807,2020-02-23 10:00:00
120200214880,0,58.75,-13.5,1000.28748,,2020-02-24 00:00:00
120200214880,1,59.0,-13.25,999.13745,,2020-02-24 01:00:00
120200214880,2,59.25,-13.0,998.01123,,2020-02-24 02:00:00
120200214880,3,59.75,-13.0,996.46375,,2020-02-24 03:00:00
120200214880,4,60.0,-12.75,995.60059,,2020-02-24 04:00:00
120200214880,5,60.25,-12.5,994.32184,,2020-02-24 05:00:00
120200214880,6,61.0,-12.5,992.88123,,2020-02-24 06:00:00
120200214880,7,61.25,-12.25,992.13934,,2020-02-24 07:00:00
120200214880,8,62.0,-12.5,990.50873,,2020-02-24 08:00:00
120200214880,9,62.25,-12.0,989.76373,,2020-02-24 09:00:00
120200214880,10,62.75,-12.0,989.04309,,2020-02-24 10:00:00
120200214880,11,63.25,-11.75,987.7381,21.324,2020-02-24 11:00:00
120200214880,12,63.5,-11.25,987.16687,21.631,2020-02-25 12:00:00
120200214880,13,64.0,-11.0,986.375,,2020-02-25 13:00:00
120200214880,14,64.25,-10.5,986.01434,,2020-02-25 14:00:00
120200214880,15,64.75,-10.5,984.75751,,2020-02-25 15:00:00
120200214880,16,65.25,-10.25,984.27313,,2020-02-25 16:00:00
120200215020,0,60.75,-39.25,994.20935,,2020-02-24 00:00:00
120200215020,1,60.75,-39.25,994.34125,,2020-02-24 01:00:00
120200215020,2,60.75,-39.0,994.63934,,2020-02-24 02:00:00
120200215020,3,60.75,-39.0,995.01746,,2020-02-24 03:00:00
120200215020,4,60.5,-38.75,995.90497,,2020-02-24 04:00:00
120200215020,5,60.5,-38.0,995.0531,,2020-02-24 05:00:00
120200215020,6,60.5,-37.5,994.85059,,2020-02-24 06:00:00
120200215020,7,60.25,-37.5,995.77185,,2020-02-25 07:00:00
120200215020,8,60.25,-37.0,996.23248,,2020-02-25 08:00:00
120200215020,9,60.0,-36.75,997.49933,,2020-02-25 09:00:00
120200215020,10,60.0,-36.25,997.62872,,2020-02-25 10:00:00
120200215020,11,59.75,-35.75,998.31934,,2020-02-25 11:00:00
120200215020,12,59.5,-35.0,999.2981,16.821,2020-02-25 12:00:00
120200215020,13,59.25,-34.25,999.97375,16.034000000000002,2020-02-25 13:00:00
120200215060,0,66.0,-27.5,984.68683,,2020-02-24 00:00:00
120200215060,1,65.75,-28.25,984.81622,,2020-02-24 01:00:00
120200215060,2,65.75,-28.25,984.84125,,2020-02-24 02:00:00
120200215060,3,65.75,-27.75,984.54688,,2020-02-24 03:00:00
120200215060,4,65.5,-28.25,983.65436,,2020-02-24 04:00:00
120200215060,5,65.25,-28.5,982.94934,,2020-02-25 05:00:00
120200215060,6,65.25,-28.5,983.52997,,2020-02-25 06:00:00
120200215060,7,65.25,-28.5,984.02936,,2020-02-25 07:00:00
120200215060,8,65.0,-29.0,984.1037,,2020-02-25 08:00:00
120200215060,9,64.75,-29.0,983.53186,,2020-02-25 09:00:00
120200215060,10,64.75,-29.0,983.79059,,2020-02-25 10:00:00
120200215060,11,64.5,-29.25,984.185,,2020-02-25 11:00:00
120200215060,12,64.25,-29.5,984.89935,,2020-02-25 12:00:00
120200215060,13,64.25,-29.5,985.26184,28.714,2020-02-25 13:00:00
120200215060,14,64.0,-29.75,986.27185,,2020-02-25 14:00:00
120200215060,15,63.75,-29.5,986.63434,,2020-02-25 15:00:00
120200215060,16,63.75,-29.5,987.28247,,2020-02-25 16:00:00
120200215060,17,63.5,-29.25,987.5625,,2020-02-25 17:00:00
120200215060,18,63.5,-29.25,988.28436,,2020-02-25 18:00:00
120200215060,19,63.25,-29.0,988.7431,,2020-02-25 19:00:00
120200215060,20,63.25,-29.0,988.75684,,2020-02-25 20:00:00
120200215060,21,63.0,-28.5,989.14685,,2020-02-25 21:00:00
120200215060,22,63.25,-28.75,989.29498,30.479,2020-02-25 22:00:00
120200215060,23,63.5,-29.0,990.55188,,2020-02-25 23:00:00
120200215060,24,63.5,-29.0,990.89496,,2020-02-26 00:00:00
120200215060,25,63.25,-28.75,991.14496,,2020-02-26 01:00:00
120200215060,26,63.25,-28.75,991.56622,,2020-02-26 02:00:00
120200215060,27,63.25,-29.0,991.91187,,2020-02-26 03:00:00
120200215060,28,63.25,-29.0,992.01562,,2020-02-26 04:00:00
120200215060,29,63.25,-29.0,992.17499,,2020-02-27 05:00:00
120200215060,30,63.25,-29.25,993.03436,,2020-02-27 06:00:00
120200215060,31,63.5,-29.75,992.8681,,2020-02-27 07:00:00
120200215060,32,63.75,-30.25,992.17249,,2020-02-27 08:00:00
120200215060,33,63.75,-30.0,991.5675,,2020-02-27 09:00:00
120200215060,34,64.25,-32.5,992.94873,,2020-02-27 10:00:00
120200215060,35,64.25,-32.75,992.39435,,2020-02-27 11:00:00
120200215060,36,64.0,-33.0,991.62933,,2020-02-27 12:00:00
120200215060,37,64.0,-33.25,990.6662,,2020-02-27 13:00:00
120200215060,38,64.0,-33.5,990.14246,,2020-02-27 14:00:00
120200215060,39,63.75,-33.75,989.6687,,2020-02-27 15:00:00
120200215060,40,63.75,-33.5,988.30682,,2020-02-27 16:00:00
120200215060,41,63.5,-33.5,987.59937,,2020-02-27 17:00:00
120200215060,42,63.5,-33.75,987.61932,,2020-02-27 18:00:00
120200215060,43,63.5,-34.0,987.77747,,2020-02-27 19:00:00
120200215060,44,63.5,-34.25,987.82745,,2020-02-27 20:00:00
120200215060,45,63.75,-34.75,989.04871,,2020-02-27 21:00:00
120200215060,46,64.0,-35.25,991.96497,,2020-02-27 22:00:00
120200215060,47,64.0,-35.5,992.15247,,2020-02-27 23:00:00
120200215460,0,57.5,9.0,979.065,,2020-02-25 00:00:00
120200215460,1,57.75,9.25,979.88684,,2020-02-25 01:00:00
120200215460,2,58.0,9.5,980.84436,,2020-02-25 02:00:00
120200215460,3,58.0,9.75,980.52557,,2020-02-25 03:00:00
120200215460,4,58.0,9.75,980.92438,,2020-02-25 04:00:00
120200215460,5,58.25,10.0,982.2475,,2020-02-25 05:00:00
120200215460,6,58.0,9.75,982.09058,,2020-02-25 06:00:00
120200215460,7,58.0,9.5,983.255,,2020-02-25 07:00:00
120200215460,8,57.75,9.25,983.32874,,2020-02-25 08:00:00
120200215460,9,57.75,9.25,983.97998,22.946,2020-02-25 09:00:00
120200215530,0,71.5,28.5,990.22687,,2020-02-25 00:00:00
120200215530,1,71.5,28.5,989.9931,,2020-02-25 01:00:00
120200215530,2,71.25,29.25,990.68182,,2020-02-25 02:00:00
120200215530,3,71.5,29.75,990.11249,,2020-02-25 03:00:00
120200215530,4,71.5,30.25,990.27063,,2020-02-25 04:00:00
120200215530,5,71.75,31.25,989.79248,,2020-02-25 05:00:00
120200215530,6,71.75,31.75,989.89246,,2020-02-25 06:00:00
120200215530,7,71.75,32.0,989.83246,,2020-02-25 07:00:00
120200215530,8,72.0,33.0,989.29559,23.37,2020-02-25 08:00:00
120200215530,9,72.0,33.75,989.07812,,2020-02-25 09:00:00
120200215530,10,72.25,34.5,988.75122,,2020-02-26 10:00:00
120200215530,11,72.25,35.0,988.65308,23.476,2020-02-26 11:00:00
120200215530,12,72.5,35.75,988.56433,24.158,2020-02-26 12:00:00
120200215530,13,72.5,36.25,988.90875,,2020-02-26 13:00:00
120200215530,14,72.75,37.0,988.77625,,2020-02-26 14:00:00
120200215530,15,73.25,37.75,988.43121,23.158,2020-02-26 15:00:00
120200215530,16,73.5,38.5,988.49432,24.698,2020-02-26 16:00:00
120200215530,17,73.75,39.25,988.59686,25.731,2020-02-26 17:00:00
120200215530,18,73.75,40.0,989.0412,25.192,2020-02-26 18:00:00
120200215530,19,74.0,40.5,989.09375,,2020-02-26 19:00:00
120200215530,20,74.5,41.25,989.255,,2020-02-26 20:00:00
120200215530,21,75.25,42.0,988.62933,,2020-02-26 21:00:00
120200215530,22,75.5,42.75,988.78558,,2020-02-26 22:00:00
120200215910,0,66.0,-8.75,987.27747,,2020-02-26 00:00:00
120200215910,1,65.75,-9.0,986.87872,,2020-02-26 01:00:00
120200215910,2,65.5,-9.25,986.98248,,2020-02-26 02:00:00
120200215910,3,65.25,-9.5,987.08936,,2020-02-26 03:00:00
120200215910,4,65.0,-9.5,986.47809,,2020-02-26 04:00:00
120200215910,5,64.75,-9.5,986.18933,,2020-02-26 05:00:00
120200215910,6,64.75,-9.75,986.34247,,2020-02-26 06:00:00
120200215910,7,64.5,-10.0,986.17749,,2020-02-26 07:00:00
120200215910,8,64.25,-9.75,986.07623,,2020-02-26 08:00:00
120200215910,9,64.25,-9.5,985.88745,,2020-02-26 09:00:00
120200215910,10,64.0,-10.0,986.47247,,2020-02-26 10:00:00
120200215910,11,63.75,-10.0,985.96375,,2020-02-26 11:00:00
120200215910,12,63.5,-10.25,986.41058,17.638,2020-02-26 12:00:00
120200215910,13,63.5,-10.0,986.125,18.02,2020-02-26 13:00:00
120200215910,14,63.25,-10.25,986.78125,,2020-02-26 14:00:00
120200216170,0,63.0,-32.5,986.68372,,2020-02-26 00:00:00
120200216170,1,63.0,-32.5,986.33063,,2020-02-26 01:00:00
120200216170,2,63.0,-32.25,986.28497,,2020-02-26 02:00:00
120200216170,3,62.75,-32.25,986.245,,2020-02-26 03:00:00
120200216170,4,62.75,-32.0,985.97998,,2020-02-26 04:00:00
120200216170,5,62.75,-31.75,985.91748,,2020-02-27 05:00:00
120200216170,6,62.75,-31.75,986.00684,,2020-02-27 06:00:00
120200216170,7,62.75,-31.5,985.75623,,2020-02-27 07:00:00
120200216170,8,62.75,-31.25,985.6875,,2020-02-27 08:00:00
120200216170,9,62.75,-31.25,985.22626,,2020-02-27 09:00:00
120200216170,10,62.75,-31.0,985.15558,,2020-02-27 10:00:00
120200216170,11,62.75,-30.75,985.10437,,2020-02-27 11:00:00
120200216170,12,62.75,-30.5,985.01312,27.796,2020-02-27 12:00:00
120200216170,13,62.75,-30.5,985.08313,27.786,2020-02-27 13:00:00
120200216170,14,62.75,-30.25,984.87811,27.766,2020-02-27 14:00:00
120200216170,15,62.75,-30.25,984.50751,,2020-02-27 15:00:00
120200216170,16,63.0,-30.0,984.63373,,2020-02-27 16:00:00
120200216170,17,63.0,-30.0,984.01312,,2020-02-27 17:00:00
120200216170,18,63.0,-30.0,984.21185,,2020-02-27 18:00:00
120200216170,19,63.25,-30.0,983.54309,,2020-02-27 19:00:00
120200216170,20,63.5,-30.0,983.56561,,2020-02-27 20:00:00
120200216170,21,63.75,-30.25,983.41498,,2020-02-27 21:00:00
120200216170,22,63.75,-30.5,983.00623,25.066,2020-02-27 22:00:00
120200216170,23,64.0,-31.0,983.24622,,2020-02-27 23:00:00
120200216170,24,64.0,-31.75,983.10938,,2020-02-28 00:00:00
120200216170,25,64.0,-32.75,984.05121,,2020-02-28 01:00:00
120200216170,26,63.75,-33.25,983.16687,,2020-02-28 02:00:00
120200216170,27,63.5,-33.5,982.60437,,2020-02-28 03:00:00
120200216170,28,63.25,-34.0,982.41248,,2020-02-28 04:00:00
120200216170,29,63.0,-34.25,981.90497,,2020-02-29 05:00:00
120200216170,30,62.75,-34.25,981.9837,,2020-02-29 06:00:00
120200216170,31,62.5,-34.5,981.78436,,2020-02-29 07:00:00
120200216170,32,62.25,-34.75,981.48621,,2020-02-29 08:00:00
120200216170,33,62.0,-35.0,981.28436,,2020-02-29 09:00:00
120200216170,34,61.75,-35.0,981.01813,,2020-02-29 10:00:00
120200216170,35,61.5,-35.25,981.07745,,2020-02-29 11:00:00
120200216170,36,61.25,-35.5,980.83313,26.15300000000001,2020-02-29 12:00:00
120200216170,37,61.0,-35.25,980.745,26.544,2020-02-29 13:00:00
120200216170,38,60.75,-35.25,980.76935,,2020-02-29 14:00:00
120200216170,39,61.0,-34.5,980.3656,,2020-02-29 15:00:00
120200216170,40,60.5,-34.5,980.76312,,2020-02-29 16:00:00
120200216170,41,60.25,-34.25,980.5531,,2020-02-29 17:00:00
120200216170,42,60.25,-33.75,979.86371,,2020-02-29 18:00:00
120200216170,43,60.0,-33.5,980.02747,,2020-02-29 19:00:00
120200216170,44,59.75,-33.25,979.8056,,2020-02-29 20:00:00
120200216170,45,59.75,-32.75,979.30499,,2020-02-29 21:00:00
120200216170,46,59.5,-32.75,979.31,,2020-02-29 22:00:00
120200216170,47,59.5,-32.25,979.11871,,2020-02-29 23:00:00
120200216170,48,59.25,-32.0,979.34186,24.21,2020-03-01 00:00:00
120200216170,49,59.25,-31.5,979.66748,,2020-03-01 01:00:00
120200216170,50,58.75,-31.25,980.38745,,2020-03-01 02:00:00
120200216170,51,59.0,-30.5,979.63495,,2020-03-01 03:00:00
120200216170,52,59.0,-30.25,979.60938,,2020-03-01 04:00:00
120200216170,53,58.75,-29.75,980.22937,,2020-03-02 05:00:00
120200216170,54,58.75,-29.25,979.82373,,2020-03-02 06:00:00
120200216170,55,58.75,-29.0,980.02435,,2020-03-02 07:00:00
120200216280,0,69.5,8.75,987.63873,,2020-02-26 00:00:00
120200216280,1,69.5,9.25,987.88495,,2020-02-26 01:00:00
120200216280,2,69.5,9.5,987.30499,,2020-02-27 02:00:00
120200216280,3,69.75,11.75,987.73309,,2020-02-27 03:00:00
120200216280,4,69.75,12.25,987.21246,,2020-02-27 04:00:00
120200216280,5,70.0,14.25,987.59125,,2020-02-27 05:00:00
120200216280,6,70.0,16.5,987.71246,,2020-02-27 06:00:00
120200216280,7,70.25,17.25,988.00684,,2020-02-27 07:00:00
120200216280,8,70.25,17.25,986.99432,,2020-02-27 08:00:00
120200216280,9,70.5,18.0,987.62561,,2020-02-27 09:00:00
120200216280,10,70.5,18.25,987.45563,31.981,2020-02-27 10:00:00
120200216280,11,70.5,18.25,987.71436,,2020-02-27 11:00:00
120200216280,12,70.5,18.25,987.39746,33.075,2020-02-27 12:00:00
120200216280,13,70.0,17.25,987.64996,,2020-02-27 13:00:00
120200216280,14,70.75,20.25,987.48938,,2020-02-27 14:00:00
120200216280,15,70.75,20.75,987.24561,,2020-02-27 15:00:00
120200216280,16,70.75,20.75,987.6731,,2020-02-27 16:00:00
120200216280,17,70.75,20.75,988.13812,,2020-02-27 17:00:00
120200216280,18,71.0,22.25,988.10126,,2020-02-27 18:00:00
120200216340,0,58.5,-38.0,992.6275,25.766,2020-02-27 00:00:00
120200216340,1,58.5,-37.5,992.3606,,2020-02-27 01:00:00
120200216340,2,58.5,-37.25,992.46997,,2020-02-27 02:00:00
120200216340,3,58.5,-36.75,992.27496,,2020-02-27 03:00:00
120200216340,4,58.5,-36.0,991.69995,,2020-02-27 04:00:00
120200216340,5,58.5,-35.5,991.62561,,2020-02-27 05:00:00
120200216340,6,58.5,-35.0,991.35437,,2020-02-27 06:00:00
120200216340,7,58.5,-34.25,990.99188,,2020-02-27 07:00:00
120200216340,8,58.5,-33.75,990.93433,,2020-02-27 08:00:00
120200216340,9,58.5,-33.0,990.52435,,2020-02-27 09:00:00
120200216340,10,58.5,-32.5,991.08875,,2020-02-27 10:00:00
120200216340,11,58.5,-31.75,990.89496,21.671,2020-02-27 11:00:00
120200216340,12,58.75,-30.75,989.98187,21.353000000000005,2020-02-27 12:00:00
120200216340,13,59.0,-29.75,989.50311,21.057,2020-02-27 13:00:00
120200216340,14,59.25,-29.0,988.38562,,2020-02-27 14:00:00
120200216340,15,59.25,-28.25,987.89813,,2020-02-27 15:00:00
120200216340,16,59.25,-27.5,987.40125,,2020-02-27 16:00:00
120200216340,17,59.5,-26.75,986.95624,,2020-02-27 17:00:00
120200216340,18,59.75,-26.25,986.20874,,2020-02-27 18:00:00
120200216340,19,60.0,-25.75,985.81812,,2020-02-27 19:00:00
120200216340,20,60.0,-25.25,985.92999,,2020-02-27 20:00:00
120200216340,21,60.25,-25.0,985.24811,,2020-02-27 21:00:00
120200216340,22,60.25,-24.5,984.28058,,2020-02-27 22:00:00
120200216340,23,60.5,-24.0,984.46875,,2020-02-27 23:00:00
120200216340,24,60.5,-23.25,984.40247,,2020-02-29 00:00:00
120200216380,0,59.0,-28.75,992.77496,,2020-02-27 00:00:00
120200216380,1,59.5,-26.25,991.87183,,2020-02-27 01:00:00
120200216380,2,59.75,-25.75,991.28748,,2020-02-27 02:00:00
120200216380,3,59.75,-25.5,990.75873,,2020-02-27 03:00:00
120200216380,4,60.0,-24.75,989.65997,,2020-02-27 04:00:00
120200216380,5,60.25,-24.25,989.15686,,2020-02-27 05:00:00
120200216380,6,60.25,-23.75,988.63184,,2020-02-27 06:00:00
120200216380,7,60.5,-23.5,988.33563,,2020-02-27 07:00:00
120200216380,8,60.5,-23.25,987.91937,,2020-02-27 08:00:00
120200216380,9,60.75,-23.0,987.88562,,2020-02-27 09:00:00
120200216380,10,60.75,-22.75,987.13123,,2020-02-27 10:00:00
120200216380,11,60.75,-22.5,987.12872,,2020-02-27 11:00:00
120200216380,12,61.0,-22.25,987.24188,,2020-02-27 12:00:00
120200216380,13,61.0,-22.0,986.74933,,2020-02-27 13:00:00
120200216380,14,61.25,-21.75,986.52435,29.603,2020-02-27 14:00:00
120200216380,15,61.25,-21.5,986.01685,,2020-02-27 15:00:00
120200216400,0,77.0,33.0,989.71558,,2020-02-27 00:00:00
120200216400,1,77.0,33.25,989.58746,,2020-02-27 01:00:00
120200216400,2,77.0,33.5,989.34497,,2020-02-27 02:00:00
120200216400,3,77.0,33.75,989.48871,,2020-02-27 03:00:00
120200216400,4,77.0,33.75,989.13184,,2020-02-27 04:00:00
120200216400,5,77.0,33.75,989.06311,,2020-02-27 05:00:00
120200216400,6,77.0,34.0,988.88062,,2020-02-27 06:00:00
120200216400,7,76.75,34.0,989.31061,,2020-02-27 07:00:00
120200216400,8,77.0,39.75,986.56683,,2020-02-27 08:00:00
120200216400,9,77.0,39.75,985.53748,,2020-02-27 09:00:00
120200216400,10,77.0,40.0,985.41998,,2020-02-27 10:00:00
120200216400,11,77.25,40.5,984.60559,,2020-02-27 11:00:00
120200216400,12,77.25,40.75,984.65186,,2020-02-27 12:00:00
120200216400,13,77.5,40.25,984.80438,,2020-02-27 13:00:00
120200216400,14,77.5,40.0,985.20563,25.841,2020-02-27 14:00:00
120200216400,15,77.5,40.25,985.21875,,2020-02-27 15:00:00
120200216400,16,77.5,40.5,985.14996,27.781,2020-02-27 16:00:00
120200216400,17,77.5,40.75,985.25873,26.421,2020-02-27 17:00:00
120200216400,18,77.5,41.25,985.21307,24.698,2020-02-27 18:00:00
120200216400,19,77.5,41.75,985.505,23.507,2020-02-27 19:00:00
120200216400,20,77.5,42.5,985.63684,,2020-02-27 20:00:00
120200216400,21,77.25,43.0,985.11438,,2020-02-27 21:00:00
120200216400,22,77.5,43.75,985.2337,,2020-02-27 22:00:00
120200216400,23,77.5,44.5,985.35999,,2020-02-28 23:00:00
120200216400,24,77.5,45.25,985.48871,,2020-02-29 00:00:00
120200216400,25,77.75,46.0,985.65936,,2020-02-29 01:00:00
120200216400,26,77.75,46.75,986.00995,,2020-02-29 02:00:00
120200216400,27,78.0,47.25,986.03058,,2020-02-29 03:00:00
120200216400,28,78.0,47.5,986.26184,,2020-02-29 04:00:00
120200216400,29,78.0,47.5,986.22375,,2020-02-29 05:00:00
120200216400,30,78.25,48.25,986.27063,,2020-02-29 06:00:00
120200216400,31,78.25,48.75,986.55121,,2020-02-29 07:00:00
120200216400,32,78.25,49.25,987.04309,,2020-02-29 08:00:00
120200216400,33,78.25,49.75,987.21063,,2020-02-29 09:00:00
120200216400,34,78.25,50.5,987.81561,,2020-02-29 10:00:00
120200216400,35,78.5,51.25,987.66309,,2020-02-29 11:00:00
120200216400,36,78.5,52.0,988.33496,,2020-02-29 12:00:00
120200216400,37,78.75,52.5,988.30371,,2020-02-29 13:00:00
120200216400,38,78.75,53.25,988.75183,,2020-02-29 14:00:00
120200216400,39,78.75,54.5,989.07123,,2020-02-29 15:00:00
120200216400,40,78.5,56.25,990.14746,,2020-02-29 16:00:00
120200216400,41,78.75,57.0,990.13873,,2020-02-29 17:00:00
120200216400,42,78.75,58.0,990.56183,21.92,2020-02-29 18:00:00
120200216400,43,78.75,60.0,991.07874,,2020-02-29 19:00:00
120200216400,44,78.75,61.5,991.66376,,2020-02-29 20:00:00
120200216400,45,78.75,62.5,991.1875,,2020-02-29 21:00:00
120200216400,46,78.75,63.0,992.03937,,2020-02-29 22:00:00
120200216400,47,79.0,64.25,991.45935,,2020-03-01 23:00:00
120200216400,48,79.0,65.0,991.95874,,2020-03-02 00:00:00
120200216400,49,79.25,66.25,992.00684,,2020-03-02 01:00:00
120200216400,50,79.25,67.0,992.14746,,2020-03-02 02:00:00
120200216700,0,56.25,4.5,993.25812,,2020-02-27 00:00:00
120200216700,1,56.5,5.0,992.85687,,2020-02-27 01:00:00
120200216700,2,56.5,5.25,992.85938,,2020-02-27 02:00:00
120200216700,3,56.75,5.5,993.34436,,2020-02-27 03:00:00
120200216700,4,56.75,6.0,993.30371,,2020-02-27 04:00:00
120200216700,5,56.75,6.25,993.87372,,2020-02-27 05:00:00
120200216700,6,56.75,6.5,994.38123,,2020-02-27 06:00:00
120200216700,7,56.75,7.25,995.22058,,2020-02-27 07:00:00
120200216700,8,57.0,7.5,995.39746,,2020-02-27 08:00:00
120200216700,9,57.0,7.5,996.09808,,2020-02-27 09:00:00
120200216700,10,57.25,7.75,996.92188,19.585,2020-02-27 10:00:00
120200216700,11,57.25,8.0,997.2475,19.213,2020-02-27 11:00:00
120200216700,12,57.5,8.5,997.82996,,2020-02-28 12:00:00
120200216700,13,57.5,8.5,998.36249,,2020-02-28 13:00:00
120200216770,0,67.25,4.75,984.77185,,2020-02-27 00:00:00
120200216770,1,67.25,4.75,984.76184,,2020-02-27 01:00:00
120200216770,2,67.5,5.25,984.95813,,2020-02-27 02:00:00
120200216770,3,67.5,5.5,984.82623,,2020-02-27 03:00:00
120200216770,4,67.75,6.0,984.6662,,2020-02-27 04:00:00
120200216770,5,67.75,6.5,984.27496,,2020-02-27 05:00:00
120200216770,6,68.0,7.0,984.03308,,2020-02-27 06:00:00
120200216770,7,68.25,7.5,984.13873,,2020-02-27 07:00:00
120200216770,8,68.25,7.75,983.73309,,2020-02-27 08:00:00
120200216770,9,68.25,8.5,984.52435,,2020-02-27 09:00:00
120200216770,10,68.5,9.25,984.87372,31.596000000000004,2020-02-27 10:00:00
120200216770,11,68.5,10.0,985.08246,32.127,2020-02-28 11:00:00
120200216770,12,68.75,10.75,984.71497,,2020-02-28 12:00:00
120200216770,13,69.0,11.5,984.49188,,2020-02-28 13:00:00
120200216770,14,69.0,12.25,984.39996,,2020-02-28 14:00:00
120200216770,15,69.0,13.5,985.2406,,2020-02-28 15:00:00
120200216770,16,69.0,14.25,986.44434,,2020-02-28 16:00:00
120200216770,17,69.0,14.25,986.29248,,2020-02-28 17:00:00
120200216770,18,69.25,14.75,987.07684,,2020-02-28 18:00:00
120200216800,0,74.5,47.0,987.08685,,2020-02-27 00:00:00
120200216800,1,74.5,47.75,987.00372,,2020-02-27 01:00:00
120200216800,2,74.75,48.75,986.5462,,2020-02-27 02:00:00
120200216800,3,74.75,49.75,986.71246,,2020-02-27 03:00:00
120200216800,4,75.0,50.75,986.30933,,2020-02-27 04:00:00
120200216800,5,75.0,51.75,986.68372,,2020-02-27 05:00:00
120200216800,6,75.25,52.75,986.68933,,2020-02-27 06:00:00
120200216800,7,74.25,53.75,988.88434,,2020-02-27 07:00:00
120200216800,8,73.25,52.5,990.88123,,2020-02-27 08:00:00
120200216800,9,73.25,52.5,991.08246,17.889000000000003,2020-02-28 09:00:00
120200216810,0,60.5,-47.25,1002.57623,,2020-02-27 00:00:00
120200216810,1,60.5,-47.25,1001.91748,27.223000000000003,2020-02-27 01:00:00
120200216810,2,60.25,-46.5,1001.33246,,2020-02-27 02:00:00
120200216810,3,60.25,-46.5,1001.26434,,2020-02-27 03:00:00
120200216810,4,59.75,-45.5,1000.85248,,2020-02-27 04:00:00
120200216810,5,59.5,-45.0,1000.33435,,2020-02-27 05:00:00
120200216810,6,59.25,-44.5,999.31061,,2020-02-27 06:00:00
120200216810,7,59.0,-44.0,999.07996,,2020-02-27 07:00:00
120200216810,8,58.5,-43.5,999.03748,,2020-02-28 08:00:00
120200216810,9,58.0,-42.75,998.39996,,2020-02-28 09:00:00
120200216810,10,57.75,-42.0,998.07184,,2020-02-28 10:00:00
120200216810,11,57.5,-41.5,997.3075,,2020-02-28 11:00:00
120200216810,12,57.25,-40.75,996.54688,,2020-02-28 12:00:00
120200216810,13,57.0,-40.0,995.84558,16.985,2020-02-28 13:00:00
120200216810,14,56.75,-39.25,995.55371,,2020-02-28 14:00:00
120200216810,15,56.5,-38.25,994.79688,,2020-02-28 15:00:00
120200216810,16,56.25,-37.5,994.375,,2020-02-28 16:00:00
120200216810,17,56.0,-36.75,994.07684,,2020-02-28 17:00:00
120200216960,0,63.0,-19.5,986.71686,,2020-02-27 00:00:00
120200216960,1,63.0,-19.5,985.04187,,2020-02-27 01:00:00
120200216960,2,63.5,-22.0,983.89874,,2020-02-27 02:00:00
120200216960,3,63.5,-22.0,982.53748,,2020-02-28 03:00:00
120200216960,4,63.5,-22.5,981.95496,,2020-02-28 04:00:00
120200216960,5,64.0,-23.5,982.44061,,2020-02-28 05:00:00
120200216960,6,64.25,-23.25,982.72498,,2020-02-28 06:00:00
120200216960,7,64.25,-23.25,982.1181,,2020-02-28 07:00:00
120200216960,8,64.25,-24.5,980.96063,,2020-02-28 08:00:00
120200216960,9,64.5,-24.75,981.42871,,2020-02-28 09:00:00
120200216960,10,64.5,-25.5,980.64435,,2020-02-28 10:00:00
120200216960,11,64.5,-26.25,980.4812,,2020-02-28 11:00:00
120200216960,12,64.5,-27.0,980.62433,,2020-02-28 12:00:00
120200216960,13,64.75,-27.5,981.45435,,2020-02-28 13:00:00
120200216960,14,64.5,-28.25,981.14935,23.991,2020-02-28 14:00:00
120200216960,15,64.5,-28.75,980.96558,,2020-02-28 15:00:00
120200216960,16,64.5,-29.5,980.87122,,2020-02-28 16:00:00
120200216960,17,64.25,-30.5,980.49872,,2020-02-28 17:00:00
120200216960,18,64.0,-31.25,980.14435,,2020-02-28 18:00:00
120200216960,19,64.0,-31.75,980.14746,,2020-02-28 19:00:00
120200216960,20,63.75,-32.25,979.89874,,2020-02-28 20:00:00
120200216960,21,63.25,-32.75,979.5,,2020-02-28 21:00:00
120200216960,22,63.0,-33.25,979.5481,27.294,2020-02-28 22:00:00
120200216960,23,62.5,-33.5,979.57996,26.243,2020-02-28 23:00:00
120200216960,24,62.0,-33.75,979.36871,25.02,2020-02-29 00:00:00
120200216960,25,61.75,-33.5,979.21747,,2020-02-29 01:00:00
120200216960,26,61.5,-33.75,979.42938,,2020-02-29 02:00:00
120200216960,27,61.0,-33.5,979.71185,,2020-03-01 03:00:00
120200216960,28,60.75,-33.25,979.59625,,2020-03-01 04:00:00
120200216960,29,60.5,-33.25,980.06934,,2020-03-01 05:00:00
120200216960,30,60.25,-32.75,979.70746,,2020-03-01 06:00:00
120200216960,31,60.0,-32.0,979.08936,,2020-03-01 07:00:00
120200216960,32,59.75,-31.5,979.00684,,2020-03-01 08:00:00
120200217310,0,71.25,14.75,987.49121,,2020-02-28 00:00:00
120200217310,1,71.25,14.75,987.51434,,2020-02-28 01:00:00
120200217310,2,71.5,15.0,985.5481,,2020-02-28 02:00:00
120200217310,3,71.5,15.25,985.51062,,2020-02-28 03:00:00
120200217310,4,71.5,15.25,985.30682,,2020-02-28 04:00:00
120200217310,5,71.5,15.25,985.92499,,2020-02-28 05:00:00
120200217310,6,71.5,15.25,986.40997,,2020-02-28 06:00:00
120200217310,7,71.5,15.0,986.95813,,2020-02-28 07:00:00
120200217310,8,71.5,15.0,987.96997,,2020-02-28 08:00:00
120200217310,9,71.75,16.0,987.46875,37.832,2020-02-28 09:00:00
120200217310,10,71.75,16.25,987.74249,38.499,2020-02-28 10:00:00
120200217310,11,72.0,17.25,987.73438,39.781,2020-02-28 11:00:00
120200217310,12,72.0,17.25,988.06,40.366,2020-02-28 12:00:00
120200217310,13,72.25,18.0,988.12622,,2020-02-28 13:00:00
120200217310,14,73.0,20.5,989.92999,,2020-02-28 14:00:00
120200217310,15,73.0,20.5,989.27435,,2020-02-28 15:00:00
120200217310,16,72.75,20.25,989.14935,,2020-02-29 16:00:00
120200217310,17,73.0,21.0,988.94122,,2020-02-29 17:00:00
120200217310,18,73.0,21.0,988.79688,,2020-02-29 18:00:00
120200217310,19,73.0,21.25,988.25995,33.86300000000001,2020-02-29 19:00:00
120200217310,20,73.0,21.0,988.43182,34.061,2020-02-29 20:00:00
120200217310,21,73.0,21.0,988.18182,,2020-02-29 21:00:00
120200217310,22,73.25,21.25,988.23248,,2020-02-29 22:00:00
120200217310,23,73.25,21.0,988.51373,,2020-02-29 23:00:00
120200217310,24,73.25,21.0,988.19183,,2020-03-01 00:00:00
120200217310,25,73.25,20.75,988.00623,,2020-03-01 01:00:00
120200217310,26,73.25,20.75,989.5462,,2020-03-01 02:00:00
120200217310,27,73.5,21.25,988.34625,,2020-03-01 03:00:00
120200217310,28,73.5,21.75,987.64996,,2020-03-01 04:00:00
120200217310,29,73.75,22.75,987.32123,,2020-03-01 05:00:00
120200217310,30,73.75,22.5,987.17188,,2020-03-01 06:00:00
120200217310,31,73.75,22.75,986.72937,,2020-03-01 07:00:00
120200217310,32,73.75,22.75,986.7912,,2020-03-01 08:00:00
120200217310,33,74.0,22.5,987.05811,,2020-03-01 09:00:00
120200217310,34,74.25,22.5,986.53687,34.89,2020-03-01 10:00:00
120200217310,35,74.25,20.5,991.49432,33.586,2020-03-01 11:00:00
120200217310,36,74.25,19.75,992.79437,,2020-03-01 12:00:00
120200217310,37,74.25,19.25,993.53998,35.19,2020-03-01 13:00:00
120200217310,38,74.0,21.0,987.19934,,2020-03-01 14:00:00
120200217310,39,74.0,21.25,986.98871,,2020-03-01 15:00:00
120200217310,40,73.75,21.0,987.18872,,2020-03-02 16:00:00
120200217310,41,73.75,21.25,986.34747,,2020-03-02 17:00:00
120200217310,42,73.75,21.5,986.19061,,2020-03-02 18:00:00
120200217310,43,73.5,21.5,986.23309,,2020-03-02 19:00:00
120200217310,44,73.5,21.75,986.03125,,2020-03-02 20:00:00
120200217310,45,73.5,21.75,985.8606,,2020-03-02 21:00:00
120200217310,46,73.25,21.75,985.97809,,2020-03-02 22:00:00
120200217310,47,73.25,22.0,985.96185,,2020-03-02 23:00:00
120200217310,48,73.25,22.0,986.36249,,2020-03-03 00:00:00
120200217310,49,73.25,22.25,986.25995,,2020-03-03 01:00:00
120200217310,50,73.25,22.25,986.63745,,2020-03-03 02:00:00
120200218240,0,64.25,-30.0,977.67621,,2020-02-29 00:00:00
120200218240,1,64.25,-30.0,977.57373,,2020-02-29 01:00:00
120200218240,2,64.25,-30.25,977.44501,,2020-02-29 02:00:00
120200218240,3,64.25,-30.5,977.27625,,2020-02-29 03:00:00
120200218240,4,64.75,-30.25,977.37183,,2020-02-29 04:00:00
120200218240,5,64.5,-30.75,976.78687,,2020-02-29 05:00:00
120200218240,6,64.75,-30.75,976.91376,,2020-02-29 06:00:00
120200218240,7,64.5,-31.0,976.4881,,2020-02-29 07:00:00
120200218240,8,64.25,-31.0,976.44183,,2020-02-29 08:00:00
120200218240,9,64.25,-31.5,976.47937,,2020-02-29 09:00:00
120200218240,10,64.5,-32.0,977.13684,,2020-02-29 10:00:00
120200218240,11,64.5,-32.25,977.10498,,2020-02-29 11:00:00
120200218240,12,64.5,-32.5,976.91187,,2020-02-29 12:00:00
120200218240,13,64.5,-32.75,976.9812,,2020-02-29 13:00:00
120200218240,14,64.5,-33.0,977.43372,,2020-03-01 14:00:00
120200218240,15,64.25,-33.5,976.5575,,2020-03-01 15:00:00
120200218240,16,64.25,-33.75,977.00812,,2020-03-01 16:00:00
120200218240,17,64.0,-34.25,976.20563,,2020-03-01 17:00:00
120200218240,18,64.0,-34.75,976.27625,,2020-03-01 18:00:00
120200218240,19,64.0,-35.0,976.52557,,2020-03-01 19:00:00
120200218240,20,63.75,-35.5,976.27063,,2020-03-01 20:00:00
120200218240,21,63.75,-35.75,976.64435,,2020-03-01 21:00:00
120200218240,22,63.75,-36.25,977.30499,,2020-03-01 22:00:00
120200218240,23,63.5,-36.25,976.48749,26.861,2020-03-01 23:00:00
120200218240,24,63.5,-36.5,977.92249,28.106,2020-03-02 00:00:00
120200218240,25,63.25,-36.5,977.51624,,2020-03-02 01:00:00
120200218240,26,63.25,-36.5,977.60309,,2020-03-02 02:00:00
120200218240,27,63.25,-36.5,977.20496,,2020-03-02 03:00:00
120200218240,28,63.0,-36.25,976.93622,,2020-03-02 04:00:00
120200218240,29,63.0,-36.25,976.68121,,2020-03-02 05:00:00
120200218240,30,63.0,-36.0,975.91748,,2020-03-02 06:00:00
120200218240,31,63.0,-35.75,975.90936,,2020-03-02 07:00:00
120200218240,32,63.0,-35.5,975.63745,,2020-03-02 08:00:00
120200218240,33,63.0,-35.25,975.89685,,2020-03-02 09:00:00
120200218240,34,63.0,-35.0,976.31061,,2020-03-02 10:00:00
120200218240,35,63.0,-34.75,976.52625,,2020-03-02 11:00:00
120200218240,36,63.25,-34.75,976.96625,,2020-03-02 12:00:00
120200218240,37,63.25,-34.5,977.11749,,2020-03-02 13:00:00
120200218240,38,63.5,-34.25,977.02435,,2020-03-03 14:00:00
120200218240,39,63.75,-34.25,976.24249,,2020-03-03 15:00:00
120200218240,40,63.75,-34.0,976.88251,,2020-03-03 16:00:00
120200218240,41,64.0,-34.25,976.37183,,2020-03-03 17:00:00
120200218240,42,64.25,-34.25,976.09808,,2020-03-03 18:00:00
120200218240,43,64.5,-34.0,976.4375,,2020-03-03 19:00:00
120200218240,44,64.75,-34.0,976.64062,,2020-03-03 20:00:00
120200218620,0,61.0,-38.25,982.51184,16.245,2020-02-29 00:00:00
120200218620,1,60.75,-38.25,982.17249,,2020-02-29 01:00:00
120200218620,2,60.5,-38.25,981.37683,,2020-02-29 02:00:00
120200218620,3,60.25,-38.25,981.1662,,2020-02-29 03:00:00
120200218620,4,60.25,-38.25,980.87372,,2020-03-01 04:00:00
120200218620,5,60.0,-38.25,980.32996,,2020-03-01 05:00:00
120200218620,6,59.75,-38.0,980.26312,,2020-03-01 06:00:00
120200218620,7,59.5,-37.75,979.83563,,2020-03-01 07:00:00
120200218620,8,59.25,-37.5,979.62372,,2020-03-01 08:00:00
120200218620,9,59.0,-37.0,979.7431,,2020-03-01 09:00:00
120200218620,10,58.75,-36.5,979.47308,,2020-03-01 10:00:00
120200218620,11,58.5,-35.75,979.54437,,2020-03-01 11:00:00
120200218620,12,58.25,-35.25,979.65247,,2020-03-01 12:00:00
120200218620,13,58.0,-34.5,979.73248,18.443,2020-03-01 13:00:00
120200218620,14,57.75,-33.25,979.35999,,2020-03-01 14:00:00
120200218620,15,57.75,-32.0,978.18622,,2020-03-01 15:00:00
120200218620,16,57.5,-31.25,979.02063,,2020-03-01 16:00:00
120200218620,17,57.5,-30.25,978.95746,,2020-03-01 17:00:00
120200218620,18,57.5,-29.25,978.98999,,2020-03-01 18:00:00
120200218620,19,57.25,-28.5,979.05499,,2020-03-01 19:00:00
120200218620,20,57.25,-27.75,979.0025,,2020-03-01 20:00:00
120200300640,0,73.25,22.25,987.20563,,2020-03-01 00:00:00
120200300640,1,73.0,22.25,987.59747,,2020-03-01 01:00:00
120200300640,2,73.0,22.5,987.2937,,2020-03-01 02:00:00
120200300640,3,73.0,22.5,987.60498,,2020-03-01 03:00:00
120200300640,4,72.75,22.75,987.79871,,2020-03-01 04:00:00
120200300640,5,72.75,23.0,987.66437,,2020-03-01 05:00:00
120200300640,6,72.75,23.25,987.77997,,2020-03-01 06:00:00
120200300640,7,72.5,23.25,988.11932,,2020-03-01 07:00:00
120200300640,8,72.5,23.5,988.44684,,2020-03-01 08:00:00
120200300640,9,72.5,23.5,988.8725,,2020-03-01 09:00:00
120200300640,10,72.25,23.75,988.99872,,2020-03-01 10:00:00
120200300640,11,72.25,23.75,989.72748,,2020-03-01 11:00:00
120200300640,12,72.5,24.0,989.80933,22.587,2020-03-02 12:00:00
120200300640,13,72.5,24.0,990.28375,,2020-03-02 13:00:00
120200300640,14,72.25,24.0,990.51996,,2020-03-02 14:00:00
120200300640,15,71.75,24.0,991.24683,,2020-03-02 15:00:00
120200300640,16,71.75,24.25,991.4306,,2020-03-02 16:00:00
120200300640,17,71.75,24.5,991.95996,,2020-03-02 17:00:00
120200300640,18,71.75,24.5,992.39313,,2020-03-02 18:00:00
120200300640,19,71.75,24.5,993.08246,,2020-03-02 19:00:00
120200300640,20,71.75,24.75,993.89624,,2020-03-02 20:00:00
120200300710,0,59.75,-43.0,988.00995,18.962,2020-03-01 00:00:00
120200300710,1,59.75,-42.75,987.04498,,2020-03-01 01:00:00
120200300710,2,59.75,-42.25,986.56061,,2020-03-01 02:00:00
120200300710,3,59.75,-42.25,986.20496,,2020-03-01 03:00:00
120200300710,4,59.75,-42.0,985.84686,,2020-03-01 04:00:00
120200300710,5,59.75,-41.75,985.43933,,2020-03-01 05:00:00
120200300710,6,59.75,-41.75,985.0437,,2020-03-01 06:00:00
120200300710,7,59.75,-41.25,984.10498,,2020-03-01 07:00:00
120200300710,8,59.75,-41.5,983.88373,,2020-03-01 08:00:00
120200300710,9,59.75,-41.5,983.78809,,2020-03-02 09:00:00
120200300710,10,59.75,-41.75,984.02875,,2020-03-02 10:00:00
120200300710,11,60.0,-42.5,982.85126,,2020-03-02 11:00:00
120200300710,12,60.0,-42.5,982.45184,,2020-03-02 12:00:00
120200300710,13,60.0,-41.75,981.56812,,2020-03-02 13:00:00
120200300710,14,60.0,-41.5,981.20996,,2020-03-02 14:00:00
120200300710,15,60.0,-41.5,981.06183,,2020-03-02 15:00:00
120200300710,16,60.0,-41.5,981.11121,,2020-03-02 16:00:00
120200300710,17,60.0,-41.75,981.16248,,2020-03-02 17:00:00
120200300710,18,60.25,-42.5,980.8125,,2020-03-02 18:00:00
120200300710,19,60.0,-41.75,982.03375,,2020-03-02 19:00:00
120200300710,20,60.0,-41.75,981.17249,,2020-03-02 20:00:00
120200300710,21,60.0,-42.5,981.51746,,2020-03-02 21:00:00
120200300710,22,60.0,-42.5,981.53558,,2020-03-02 22:00:00
120200300710,23,60.0,-42.5,981.20123,,2020-03-02 23:00:00
120200300710,24,59.75,-41.75,981.63,30.873,2020-03-03 00:00:00
120200300710,25,59.75,-41.75,981.32001,,2020-03-03 01:00:00
120200300710,26,59.75,-42.0,981.72375,,2020-03-03 02:00:00
120200300710,27,59.75,-41.75,981.4881,,2020-03-03 03:00:00
120200300710,28,59.75,-41.75,981.86249,,2020-03-03 04:00:00
120200300710,29,59.75,-41.75,981.58936,,2020-03-03 05:00:00
120200300710,30,59.75,-42.0,982.125,,2020-03-03 06:00:00
120200300710,31,59.75,-43.0,983.75061,,2020-03-03 07:00:00
120200300710,32,59.75,-43.0,983.45184,,2020-03-03 08:00:00
120200300710,33,59.75,-43.0,983.30438,,2020-03-04 09:00:00
120200300710,34,59.5,-42.25,983.40558,,2020-03-04 10:00:00
120200300710,35,59.5,-42.0,983.375,,2020-03-04 11:00:00
120200300710,36,59.75,-42.75,982.42999,,2020-03-04 12:00:00
120200300710,37,60.0,-42.5,980.16309,,2020-03-04 13:00:00
120200300710,38,60.0,-42.5,980.17999,,2020-03-04 14:00:00
120200300710,39,59.75,-41.75,980.82935,,2020-03-04 15:00:00
120200300710,40,59.75,-41.75,981.34747,,2020-03-04 16:00:00
120200300710,41,59.5,-41.0,982.60809,,2020-03-04 17:00:00
120200300710,42,59.5,-41.25,983.46997,,2020-03-04 18:00:00
120200300710,43,59.5,-41.5,984.49432,,2020-03-04 19:00:00
120200300710,44,59.5,-41.75,985.08185,,2020-03-04 20:00:00
120200300710,45,59.5,-41.75,985.81683,,2020-03-04 21:00:00
120200300710,46,59.5,-41.75,986.96307,,2020-03-04 22:00:00
120200300710,47,59.25,-41.25,988.38562,,2020-03-04 23:00:00
120200300710,48,59.5,-42.0,988.95435,,2020-03-05 00:00:00
120200300710,49,59.25,-41.25,989.72498,,2020-03-05 01:00:00
120200301130,0,75.75,31.75,991.61371,,2020-03-02 00:00:00
120200301130,1,76.0,32.25,992.56,,2020-03-02 01:00:00
120200301130,2,76.0,32.75,992.06873,,2020-03-02 02:00:00
120200301130,3,76.25,34.0,991.37183,,2020-03-02 03:00:00
120200301130,4,76.5,34.75,991.43872,,2020-03-02 04:00:00
120200301130,5,76.5,35.5,990.67621,,2020-03-02 05:00:00
120200301130,6,76.5,36.0,989.87,,2020-03-02 06:00:00
120200301130,7,76.75,36.5,990.41498,,2020-03-02 07:00:00
120200301130,8,76.75,37.0,989.70935,,2020-03-02 08:00:00
120200301130,9,76.75,37.5,989.39624,,2020-03-02 09:00:00
120200301130,10,76.75,38.0,988.70184,,2020-03-02 10:00:00
120200301130,11,77.0,38.0,989.61371,,2020-03-02 11:00:00
120200301130,12,76.75,38.75,987.72186,,2020-03-02 12:00:00
120200301130,13,76.75,39.25,987.31433,,2020-03-02 13:00:00
120200301130,14,76.75,39.75,987.55933,,2020-03-03 14:00:00
120200301130,15,76.75,40.5,986.99683,42.732,2020-03-03 15:00:00
120200301130,16,76.75,41.25,986.07001,41.97,2020-03-03 16:00:00
120200301130,17,76.75,41.75,986.54999,40.274,2020-03-03 17:00:00
120200301130,18,76.75,42.0,987.39813,,2020-03-03 18:00:00
120200301130,19,76.75,42.5,986.6662,,2020-03-03 19:00:00
120200301130,20,76.75,42.75,987.31683,,2020-03-03 20:00:00
120200301130,21,76.5,43.75,986.40247,,2020-03-03 21:00:00
120200301130,22,76.25,44.5,986.95935,,2020-03-03 22:00:00
120200301130,23,76.25,45.0,986.90997,,2020-03-03 23:00:00
120200301130,24,76.0,45.5,987.89062,,2020-03-04 00:00:00
120200301130,25,76.0,46.0,988.21558,,2020-03-04 01:00:00
120200301130,26,75.75,46.75,988.68311,,2020-03-04 02:00:00
120200301130,27,75.75,47.5,988.99683,,2020-03-04 03:00:00
120200301130,28,75.5,48.0,989.65186,,2020-03-04 04:00:00
120200301130,29,75.25,48.25,990.73438,,2020-03-04 05:00:00
120200301130,30,75.25,49.0,990.70874,,2020-03-04 06:00:00
120200301130,31,75.25,49.5,991.87372,,2020-03-04 07:00:00
120200301130,32,75.25,50.0,992.54938,,2020-03-04 08:00:00
120200301130,33,75.0,50.5,993.13434,,2020-03-04 09:00:00
120200301130,34,75.0,50.75,994.14874,,2020-03-04 10:00:00
120200301130,35,74.75,51.0,995.0,,2020-03-04 11:00:00
120200301130,36,74.5,51.5,996.76874,,2020-03-04 12:00:00
120200301130,37,74.25,51.75,997.27063,,2020-03-04 13:00:00
120200301130,38,74.0,52.25,998.49432,,2020-03-05 14:00:00
120200301130,39,73.75,52.5,999.01624,,2020-03-05 15:00:00
120200301130,40,73.5,52.5,1000.48438,,2020-03-05 16:00:00
120200301130,41,73.25,52.5,1001.68683,,2020-03-05 17:00:00
120200301260,0,63.75,-36.0,976.6925,,2020-03-02 00:00:00
120200301260,1,64.0,-36.5,976.00751,,2020-03-02 01:00:00
120200301260,2,64.25,-37.0,975.34625,,2020-03-02 02:00:00
120200301260,3,64.25,-37.75,974.67499,,2020-03-02 03:00:00
120200301260,4,64.25,-38.75,974.50433,,2020-03-02 04:00:00
120200301260,5,64.0,-39.5,974.78497,,2020-03-02 05:00:00
120200301260,6,63.75,-39.5,973.75562,,2020-03-02 06:00:00
120200301260,7,63.5,-39.75,973.57495,,2020-03-02 07:00:00
120200301260,8,63.25,-40.0,973.97308,,2020-03-02 08:00:00
120200301260,9,63.25,-40.0,973.68933,,2020-03-02 09:00:00
120200301260,10,63.25,-40.0,973.56061,,2020-03-03 10:00:00
120200301260,11,63.0,-40.25,973.66687,,2020-03-03 11:00:00
120200301260,12,62.5,-39.75,973.63623,22.46,2020-03-03 12:00:00
120200301260,13,62.5,-39.75,973.30249,20.454,2020-03-03 13:00:00
120200301260,14,62.25,-37.0,973.83435,,2020-03-03 14:00:00
120200301260,15,62.5,-36.75,973.755,,2020-03-03 15:00:00
120200301260,16,62.5,-36.75,974.19061,,2020-03-03 16:00:00
120200301260,17,62.5,-36.75,974.65625,,2020-03-03 17:00:00
120200301260,18,62.5,-36.5,974.97809,,2020-03-03 18:00:00
120200301260,19,62.5,-36.5,975.64374,,2020-03-03 19:00:00
120200301260,20,62.25,-36.25,975.97687,,2020-03-03 20:00:00
120200301260,21,62.5,-36.25,976.45062,,2020-03-03 21:00:00
120200301260,22,62.5,-36.25,976.6756,20.786,2020-03-03 22:00:00
120200301260,23,62.5,-36.25,977.24188,19.899,2020-03-03 23:00:00
120200301260,24,62.5,-36.0,977.43561,19.477,2020-03-04 00:00:00
120200301260,25,62.5,-36.25,977.68433,,2020-03-04 01:00:00
120200301260,26,62.5,-36.5,977.96375,,2020-03-04 02:00:00
120200301260,27,62.5,-36.25,977.94122,,2020-03-04 03:00:00
120200301260,28,62.5,-36.25,978.40308,,2020-03-04 04:00:00
120200301260,29,62.5,-36.25,978.85559,,2020-03-04 05:00:00
120200301260,30,62.25,-36.0,979.42871,,2020-03-04 06:00:00
120200301260,31,62.25,-35.75,980.09625,,2020-03-04 07:00:00
120200301260,32,62.5,-35.5,980.39496,,2020-03-04 08:00:00
120200301260,33,62.25,-35.25,980.81934,,2020-03-04 09:00:00
120200301260,34,62.0,-35.0,980.9856,,2020-03-05 10:00:00
120200301560,0,68.75,50.5,990.72247,,2020-03-03 00:00:00
120200301560,1,68.75,50.5,989.58374,,2020-03-03 01:00:00
120200301560,2,68.75,50.5,989.10938,,2020-03-03 02:00:00
120200301560,3,68.75,51.0,988.74121,,2020-03-03 03:00:00
120200301560,4,69.0,52.5,988.95184,,2020-03-03 04:00:00
120200301560,5,69.0,52.5,988.4837,,2020-03-03 05:00:00
120200301560,6,69.0,52.25,988.39935,,2020-03-03 06:00:00
120200301560,7,68.75,50.5,988.28625,,2020-03-03 07:00:00
120200301560,8,69.0,52.5,988.29938,,2020-03-03 08:00:00
120200301560,9,69.5,54.25,987.80933,,2020-03-03 09:00:00
120200301560,10,69.5,55.0,988.16809,,2020-03-03 10:00:00
120200301560,11,69.5,55.5,988.1731,,2020-03-03 11:00:00
120200301560,12,69.75,56.25,988.44434,,2020-03-03 12:00:00
120200301560,13,69.0,56.25,988.39563,,2020-03-03 13:00:00
120200301560,14,69.0,56.5,988.77496,,2020-03-03 14:00:00
120200301560,15,69.5,57.75,988.1087,,2020-03-03 15:00:00
120200301560,16,69.5,57.75,988.56561,27.388,2020-03-03 16:00:00
120200301560,17,70.0,57.75,990.56433,,2020-03-03 17:00:00
120200302580,0,54.0,-31.25,999.41559,16.265,2020-03-04 00:00:00
120200302580,1,53.75,-30.25,999.91248,,2020-03-04 01:00:00
120200302580,2,54.5,-29.25,998.31311,,2020-03-04 02:00:00
120200302580,3,53.75,-28.5,999.60748,,2020-03-04 03:00:00
120200302580,4,54.0,-27.75,998.03558,,2020-03-04 04:00:00
120200302580,5,54.75,-27.0,996.4256,,2020-03-04 05:00:00
120200302580,6,54.75,-26.25,995.5481,,2020-03-05 06:00:00
120200302580,7,55.0,-25.5,994.78687,,2020-03-05 07:00:00
120200302580,8,55.0,-24.75,994.02936,,2020-03-05 08:00:00
120200302580,9,55.25,-24.0,993.43811,,2020-03-05 09:00:00
120200302580,10,54.75,-22.75,993.40247,,2020-03-05 10:00:00
120200302580,11,54.75,-21.75,992.84125,,2020-03-05 11:00:00
120200302580,12,54.75,-20.75,992.83313,23.625,2020-03-05 12:00:00
120200302580,13,55.0,-20.25,992.27313,23.59300000000001,2020-03-05 13:00:00
120200302580,14,55.0,-19.5,991.76062,,2020-03-05 14:00:00
120200302580,15,55.0,-18.75,991.61621,,2020-03-05 15:00:00
120200302580,16,55.0,-18.25,990.77185,,2020-03-05 16:00:00
120200303140,0,72.75,-4.25,990.78247,,2020-03-05 00:00:00
120200303140,1,73.0,-4.5,990.81061,,2020-03-05 01:00:00
120200303140,2,73.0,-5.0,990.57874,,2020-03-05 02:00:00
120200303140,3,73.0,-5.25,990.45996,,2020-03-05 03:00:00
120200303140,4,73.0,-5.75,990.15686,,2020-03-05 04:00:00
120200303140,5,73.0,-6.0,990.06561,,2020-03-05 05:00:00
120200303140,6,73.0,-6.0,990.21063,,2020-03-05 06:00:00
120200303140,7,73.0,-6.25,990.21307,,2020-03-05 07:00:00
120200303140,8,73.0,-6.25,990.33685,,2020-03-05 08:00:00
120200303140,9,72.75,-6.5,990.66125,,2020-03-05 09:00:00
120200303140,10,72.75,-6.5,990.52625,,2020-03-05 10:00:00
120200303140,11,72.5,-7.0,990.69183,21.524,2020-03-05 11:00:00
120200303140,12,72.5,-7.25,990.82434,,2020-03-05 12:00:00
120200303140,13,72.5,-7.5,990.98999,23.553,2020-03-06 13:00:00
120200303140,14,72.5,-7.25,990.53809,,2020-03-06 14:00:00
120200303140,15,72.25,-7.25,990.63562,,2020-03-06 15:00:00
120200303140,16,72.25,-7.25,990.78937,,2020-03-06 16:00:00
120200303140,17,72.0,-7.25,990.81812,,2020-03-06 17:00:00
120200303140,18,72.0,-7.25,991.15808,,2020-03-06 18:00:00
120200303140,19,71.75,-7.25,991.11121,19.516,2020-03-06 19:00:00
120200303140,20,71.75,-7.25,991.59686,19.165,2020-03-06 20:00:00
120200303140,21,71.5,-7.25,992.00751,18.681,2020-03-06 21:00:00
120200303140,22,71.5,-7.0,992.14246,18.106,2020-03-06 22:00:00
120200303140,23,71.25,-6.75,993.24371,,2020-03-06 23:00:00
120200304290,0,68.0,7.75,997.58313,,2020-03-07 00:00:00
120200304290,1,68.25,8.5,997.63623,,2020-03-07 01:00:00
120200304290,2,68.5,9.5,997.84875,,2020-03-07 02:00:00
120200304290,3,68.5,10.0,997.17688,,2020-03-07 03:00:00
120200304290,4,68.75,11.0,997.13062,,2020-03-07 04:00:00
120200304290,5,69.0,13.75,997.96997,,2020-03-07 05:00:00
120200304290,6,69.25,14.75,997.95496,,2020-03-07 06:00:00
120200304290,7,69.5,15.5,997.74872,,2020-03-07 07:00:00
120200304290,8,69.75,16.5,998.20062,,2020-03-07 08:00:00
120200304290,9,69.75,16.5,997.64813,,2020-03-07 09:00:00
120200304290,10,70.0,17.25,997.64685,17.558,2020-03-07 10:00:00
120200304880,0,63.0,-64.0,989.14624,,2020-03-08 00:00:00
120200304880,1,62.0,-64.0,992.60999,16.534000000000002,2020-03-08 01:00:00
120200304880,2,63.0,-64.0,988.78497,,2020-03-08 02:00:00
120200304880,3,63.0,-64.0,988.46307,,2020-03-08 03:00:00
120200304880,4,63.0,-64.0,988.62183,,2020-03-08 04:00:00
120200304880,5,63.0,-64.0,988.875,,2020-03-08 05:00:00
120200304880,6,63.0,-64.0,988.68561,,2020-03-08 06:00:00
120200304880,7,63.0,-64.0,989.14374,,2020-03-09 07:00:00
120200304880,8,63.0,-64.0,989.17688,,2020-03-09 08:00:00
120200304880,9,63.0,-64.0,989.97247,,2020-03-09 09:00:00
120200304880,10,63.0,-64.0,990.84308,,2020-03-09 10:00:00
120200304880,11,63.0,-64.0,991.14062,,2020-03-09 11:00:00
120200304880,12,63.0,-64.0,992.21436,,2020-03-09 12:00:00
120200304880,13,62.5,-63.5,991.18933,,2020-03-09 13:00:00
120200304880,14,62.5,-63.25,991.57996,,2020-03-09 14:00:00
120200304880,15,62.25,-62.75,991.55811,,2020-03-09 15:00:00
120200304880,16,62.0,-62.5,992.38934,,2020-03-09 16:00:00
120200304880,17,61.75,-62.25,993.66559,,2020-03-09 17:00:00
120200304880,18,61.75,-62.25,993.99622,,2020-03-09 18:00:00
120200304880,19,61.5,-62.0,994.87433,,2020-03-09 19:00:00
120200304880,20,61.25,-61.5,995.24249,,2020-03-09 20:00:00
120200304880,21,61.0,-61.25,995.95245,,2020-03-09 21:00:00
120200304880,22,60.75,-61.0,996.73499,,2020-03-09 22:00:00
120200304880,23,60.75,-60.75,996.23438,,2020-03-09 23:00:00
120200304880,24,60.5,-60.5,996.59808,,2020-03-10 00:00:00
120200304880,25,60.25,-60.25,997.61871,20.486,2020-03-10 01:00:00
120200304880,26,60.25,-60.25,998.05872,20.574,2020-03-10 02:00:00
120200304880,27,60.0,-59.75,998.10437,,2020-03-10 03:00:00
120200304880,28,59.5,-59.0,998.74811,,2020-03-10 04:00:00
120200304880,29,59.5,-58.75,998.8631,,2020-03-10 05:00:00
120200304880,30,59.25,-58.5,998.92621,,2020-03-10 06:00:00
120200304880,31,59.0,-58.25,1000.05933,,2020-03-11 07:00:00
120200304880,32,58.75,-57.75,999.24371,,2020-03-11 08:00:00
120200304880,33,58.5,-57.5,999.2381,,2020-03-11 09:00:00
120200304880,34,58.0,-56.75,999.22308,,2020-03-11 10:00:00
120200304880,35,57.75,-56.25,998.51624,,2020-03-11 11:00:00
120200304930,0,58.25,-56.25,994.94,,2020-03-08 00:00:00
120200304930,1,59.0,-55.5,992.9856,,2020-03-08 01:00:00
120200304930,2,58.75,-55.25,993.73499,,2020-03-09 02:00:00
120200304930,3,59.25,-54.75,992.23938,,2020-03-09 03:00:00
120200304930,4,58.5,-54.25,992.13995,,2020-03-09 04:00:00
120200304930,5,58.5,-54.0,991.77808,,2020-03-09 05:00:00
120200304930,6,58.25,-53.5,990.88562,,2020-03-09 06:00:00
120200304930,7,58.5,-53.25,990.18933,,2020-03-09 07:00:00
120200304930,8,58.25,-52.75,989.50433,,2020-03-09 08:00:00
120200304930,9,58.25,-52.5,989.14624,,2020-03-09 09:00:00
120200304930,10,58.25,-52.0,988.45184,,2020-03-09 10:00:00
120200304930,11,58.25,-51.75,988.35059,,2020-03-09 11:00:00
120200304930,12,58.0,-51.5,987.69312,,2020-03-09 12:00:00
120200304930,13,58.0,-51.0,987.05249,28.277,2020-03-09 13:00:00
120200304930,14,58.0,-50.75,986.79437,28.660000000000004,2020-03-09 14:00:00
120200304930,15,58.25,-50.5,985.47998,,2020-03-09 15:00:00
120200304930,16,58.25,-50.25,985.25751,,2020-03-09 16:00:00
120200304930,17,58.25,-50.0,984.89374,,2020-03-09 17:00:00
120200304930,18,58.25,-49.75,984.45685,,2020-03-09 18:00:00
120200304930,19,58.25,-49.25,983.68933,,2020-03-09 19:00:00
120200304930,20,58.25,-49.0,983.6062,,2020-03-09 20:00:00
120200304930,21,58.25,-48.75,983.58124,,2020-03-09 21:00:00
120200304930,22,58.25,-48.25,983.34436,,2020-03-09 22:00:00
120200304930,23,58.25,-48.0,983.2981,,2020-03-09 23:00:00
120200304930,24,58.5,-48.25,982.47687,31.754,2020-03-10 00:00:00
120200304930,25,58.5,-47.75,982.07495,,2020-03-10 01:00:00
120200304930,26,58.5,-47.25,982.21686,,2020-03-11 02:00:00
120200304930,27,58.5,-47.0,981.9375,,2020-03-11 03:00:00
120200304930,28,58.25,-47.75,982.64685,,2020-03-11 04:00:00
120200304930,29,58.25,-47.25,981.76935,,2020-03-11 05:00:00
120200304930,30,58.25,-47.25,981.2312,,2020-03-11 06:00:00
120200304930,31,58.25,-46.75,981.00061,,2020-03-11 07:00:00
120200304930,32,58.25,-46.5,980.6181,,2020-03-11 08:00:00
120200304930,33,58.25,-46.25,980.79437,,2020-03-11 09:00:00
120200304930,34,58.0,-46.0,981.09125,,2020-03-11 10:00:00
120200304930,35,58.0,-45.75,981.57373,,2020-03-11 11:00:00
120200305450,0,52.5,-42.25,996.78375,,2020-03-09 00:00:00
120200305450,1,52.5,-41.5,996.39313,,2020-03-09 01:00:00
120200305450,2,54.0,-40.75,993.31683,,2020-03-09 02:00:00
120200305450,3,54.25,-40.5,991.58435,,2020-03-09 03:00:00
120200305450,4,54.5,-40.0,990.92999,,2020-03-09 04:00:00
120200305450,5,54.75,-39.5,990.18561,,2020-03-10 05:00:00
120200305450,6,55.0,-39.25,989.08875,,2020-03-10 06:00:00
120200305450,7,55.25,-38.75,987.72308,,2020-03-10 07:00:00
120200305450,8,55.75,-38.5,986.15558,,2020-03-10 08:00:00
120200305450,9,56.0,-38.25,985.27747,,2020-03-10 09:00:00
120200305450,10,56.25,-38.0,984.24561,,2020-03-10 10:00:00
120200305450,11,56.5,-37.75,983.58685,,2020-03-10 11:00:00
120200305450,12,56.75,-37.75,982.83313,32.475,2020-03-10 12:00:00
120200305450,13,57.0,-37.75,982.31122,33.415,2020-03-10 13:00:00
120200305450,14,57.0,-37.5,982.21497,,2020-03-10 14:00:00
120200305450,15,57.25,-37.5,980.13184,,2020-03-10 15:00:00
120200305450,16,57.25,-37.25,980.48309,,2020-03-10 16:00:00
120200305450,17,57.25,-37.5,979.64563,,2020-03-10 17:00:00
120200305450,18,57.25,-37.25,979.68182,,2020-03-10 18:00:00
120200305450,19,57.25,-37.25,979.35809,,2020-03-10 19:00:00
120200305450,20,57.0,-37.0,979.13995,,2020-03-10 20:00:00
120200305450,21,57.0,-36.75,978.9212,,2020-03-10 21:00:00
120200305450,22,56.75,-36.25,979.63562,,2020-03-10 22:00:00
120200305450,23,56.75,-35.75,979.38684,42.104,2020-03-10 23:00:00
120200305450,24,56.75,-35.25,979.90497,40.032,2020-03-11 00:00:00
120200305450,25,56.5,-34.5,980.84808,,2020-03-11 01:00:00
120200305450,26,56.5,-34.0,981.47998,,2020-03-11 02:00:00
120200305450,27,56.5,-33.5,981.55933,,2020-03-11 03:00:00
120200305450,28,56.5,-32.75,981.60748,,2020-03-11 04:00:00
120200305450,29,56.5,-32.0,981.91248,,2020-03-12 05:00:00
120200305450,30,56.25,-31.75,982.98499,,2020-03-12 06:00:00
120200305450,31,56.25,-30.75,982.35126,,2020-03-12 07:00:00
120200305450,32,56.25,-29.75,982.47058,,2020-03-12 08:00:00
120200305450,33,56.5,-27.75,980.14062,,2020-03-12 09:00:00
120200305450,34,56.75,-26.25,979.09125,,2020-03-12 10:00:00
120200305450,35,57.0,-24.75,978.55933,,2020-03-12 11:00:00
120200305450,36,57.25,-23.75,978.28876,,2020-03-12 12:00:00
120200305450,37,57.25,-22.75,978.57996,,2020-03-12 13:00:00
120200305450,38,57.5,-21.75,978.89435,,2020-03-12 14:00:00
120200305450,39,57.75,-21.0,980.26746,,2020-03-12 15:00:00
120200305450,40,58.0,-20.5,979.90247,,2020-03-12 16:00:00
120200305450,41,58.0,-19.75,980.50433,,2020-03-12 17:00:00
120200305450,42,58.25,-19.5,980.43372,,2020-03-12 18:00:00
120200305790,0,56.75,-49.5,987.00684,,2020-03-10 00:00:00
120200305790,1,56.5,-48.75,987.6131,,2020-03-10 01:00:00
120200305790,2,55.75,-49.25,990.78186,,2020-03-10 02:00:00
120200305790,3,55.25,-49.0,993.35059,,2020-03-10 03:00:00
120200305790,4,55.0,-48.25,993.66937,,2020-03-10 04:00:00
120200305790,5,55.25,-46.25,989.99371,,2020-03-10 05:00:00
120200305790,6,55.25,-45.0,989.24872,,2020-03-10 06:00:00
120200305790,7,55.75,-43.75,986.93933,,2020-03-10 07:00:00
120200305790,8,55.75,-43.0,987.21307,,2020-03-10 08:00:00
120200305790,9,55.5,-42.5,988.31122,,2020-03-10 09:00:00
120200305790,10,55.5,-41.75,988.81433,,2020-03-10 10:00:00
120200305790,11,55.25,-41.25,990.01746,,2020-03-10 11:00:00
120200305790,12,55.0,-40.75,992.87183,,2020-03-10 12:00:00
120200305790,13,54.75,-40.0,993.70245,,2020-03-10 13:00:00
120200305790,14,54.75,-39.5,994.14246,18.396,2020-03-11 14:00:00
120200305790,15,54.5,-39.0,994.92749,,2020-03-11 15:00:00
120200305790,16,54.5,-39.0,995.68372,,2020-03-11 16:00:00
120200306430,0,62.75,-14.25,972.19562,,2020-03-11 00:00:00
120200306430,1,62.5,-15.0,972.79437,,2020-03-11 01:00:00
120200306430,2,62.5,-15.0,972.66498,,2020-03-11 02:00:00
120200306430,3,62.25,-16.0,973.72937,,2020-03-11 03:00:00
120200306430,4,62.0,-16.5,974.59186,,2020-03-11 04:00:00
120200306430,5,61.75,-16.75,975.19562,,2020-03-11 05:00:00
120200306430,6,61.75,-16.0,975.73499,,2020-03-11 06:00:00
120200306430,7,61.5,-16.0,976.63312,,2020-03-11 07:00:00
120200306430,8,61.25,-16.0,977.4306,,2020-03-11 08:00:00
120200306430,9,61.0,-16.25,978.09808,,2020-03-12 09:00:00
120200306430,10,60.5,-17.0,979.2912,,2020-03-12 10:00:00
120200306430,11,60.25,-17.0,980.0412,32.618,2020-03-12 11:00:00
120200306430,12,60.0,-17.25,981.13562,31.318,2020-03-12 12:00:00
120200306430,13,59.5,-17.5,982.1225,,2020-03-12 13:00:00
120200306430,14,59.25,-17.5,983.56372,,2020-03-12 14:00:00
120200306430,15,58.75,-17.5,984.95935,,2020-03-12 15:00:00
120200306430,16,58.25,-17.5,986.97626,,2020-03-12 16:00:00
120200306430,17,57.75,-17.25,989.07684,,2020-03-12 17:00:00
120200306430,18,57.5,-17.0,990.84058,,2020-03-12 18:00:00
120200306430,19,57.25,-16.75,994.19373,,2020-03-12 19:00:00
120200306430,20,57.0,-16.25,995.43872,,2020-03-12 20:00:00
120200306430,21,56.75,-16.0,997.62183,,2020-03-12 21:00:00
120200306430,22,56.5,-15.5,998.99561,,2020-03-12 22:00:00
120200306430,23,56.25,-15.25,1000.70813,,2020-03-12 23:00:00
120200306430,24,55.75,-14.5,1001.91559,,2020-03-13 00:00:00
120200306430,25,55.5,-14.0,1003.66248,,2020-03-13 01:00:00
120200306430,26,55.25,-13.75,1004.72809,,2020-03-13 02:00:00
120200306430,27,55.0,-13.25,1006.19434,,2020-03-13 03:00:00
120200306510,0,60.25,-34.75,995.48059,,2020-03-11 00:00:00
120200306510,1,60.25,-34.75,996.31183,,2020-03-11 01:00:00
120200306510,2,60.25,-34.75,997.40375,,2020-03-11 02:00:00
120200306510,3,60.0,-34.75,998.32312,,2020-03-11 03:00:00
120200306510,4,60.0,-34.75,998.93311,,2020-03-11 04:00:00
120200306510,5,60.0,-34.75,999.4231,,2020-03-12 05:00:00
120200306510,6,60.0,-34.75,999.59625,,2020-03-12 06:00:00
120200306510,7,60.0,-34.75,999.84875,,2020-03-12 07:00:00
120200306510,8,60.0,-35.0,1000.40558,,2020-03-12 08:00:00
120200306510,9,60.0,-35.0,1000.59497,,2020-03-12 09:00:00
120200306510,10,60.25,-35.0,1000.44373,,2020-03-12 10:00:00
120200306510,11,60.25,-35.0,1000.16687,,2020-03-12 11:00:00
120200306510,12,60.25,-35.25,1000.20123,28.794000000000004,2020-03-12 12:00:00
120200306510,13,60.25,-35.25,1000.06433,,2020-03-12 13:00:00
120200306510,14,60.25,-35.25,1000.18811,,2020-03-12 14:00:00
120200306510,15,60.5,-35.25,1000.1687,,2020-03-12 15:00:00
120200306510,16,60.5,-35.0,999.77374,,2020-03-12 16:00:00
120200306510,17,60.5,-35.0,999.71185,,2020-03-12 17:00:00
120200306510,18,60.5,-35.0,999.8056,,2020-03-12 18:00:00
120200306510,19,60.75,-35.0,999.5481,,2020-03-12 19:00:00
120200306510,20,60.75,-35.0,999.82812,,2020-03-12 20:00:00
120200306510,21,61.0,-35.0,999.0,,2020-03-12 21:00:00
120200306510,22,61.0,-35.0,998.93561,32.594,2020-03-12 22:00:00
120200306510,23,61.0,-35.0,999.16187,,2020-03-12 23:00:00
120200306510,24,61.0,-35.0,999.2937,31.719,2020-03-13 00:00:00
120200306510,25,61.0,-35.0,999.68872,,2020-03-13 01:00:00
120200306510,26,61.0,-34.75,999.5481,,2020-03-13 02:00:00
120200306510,27,61.0,-34.25,999.62872,,2020-03-13 03:00:00
120200306510,28,61.0,-34.0,1000.07123,,2020-03-13 04:00:00
120200306510,29,61.25,-33.75,999.47998,,2020-03-14 05:00:00
120200306510,30,61.25,-33.5,999.88995,,2020-03-14 06:00:00
120200306510,31,61.25,-33.25,999.85938,,2020-03-14 07:00:00
120200306510,32,61.25,-33.0,1000.2406,,2020-03-14 08:00:00
120200306510,33,61.25,-33.0,1000.02374,,2020-03-14 09:00:00
120200306510,34,61.25,-32.75,1000.54938,,2020-03-14 10:00:00
120200306510,35,61.25,-32.75,1000.4212,,2020-03-14 11:00:00
120200306510,36,61.25,-32.5,1000.75873,,2020-03-14 12:00:00
120200306510,37,61.25,-32.5,1000.75061,,2020-03-14 13:00:00
120200306510,38,61.25,-32.5,1000.93372,,2020-03-14 14:00:00
120200306510,39,61.25,-32.5,1000.82434,,2020-03-14 15:00:00
120200306510,40,61.25,-32.5,1001.02625,,2020-03-14 16:00:00
120200306510,41,61.25,-32.75,1001.41498,,2020-03-14 17:00:00
120200306510,42,61.25,-32.75,1001.53809,,2020-03-14 18:00:00
120200306510,43,61.25,-32.75,1001.72809,,2020-03-14 19:00:00
120200306510,44,61.25,-33.0,1001.33746,,2020-03-14 20:00:00
120200306510,45,61.25,-33.0,1001.16687,,2020-03-14 21:00:00
120200306510,46,61.25,-33.0,1000.87122,,2020-03-14 22:00:00
120200306510,47,61.25,-33.25,1000.72058,,2020-03-14 23:00:00
120200306510,48,61.0,-33.75,1000.55438,,2020-03-15 00:00:00
120200306510,49,61.0,-34.0,1000.37183,,2020-03-15 01:00:00
120200306510,50,61.0,-34.25,1000.55121,,2020-03-15 02:00:00
120200306570,0,62.75,5.0,975.7356,,2020-03-12 00:00:00
120200306570,1,63.0,5.75,975.64874,,2020-03-12 01:00:00
120200306570,2,63.25,6.5,975.65625,,2020-03-12 02:00:00
120200306570,3,63.5,7.0,975.06311,,2020-03-12 03:00:00
120200306570,4,63.75,7.75,975.0575,,2020-03-12 04:00:00
120200306570,5,63.75,7.75,974.17371,,2020-03-12 05:00:00
120200306570,6,63.75,7.75,974.20685,,2020-03-12 06:00:00
120200306570,7,64.0,7.75,973.4812,,2020-03-12 07:00:00
120200306570,8,64.25,8.5,974.08936,,2020-03-12 08:00:00
120200306570,9,64.25,8.75,974.3006,29.288000000000004,2020-03-12 09:00:00
120200306570,10,63.75,7.75,974.81873,28.75,2020-03-12 10:00:00
120200306570,11,63.75,7.75,975.2337,26.297,2020-03-12 11:00:00
120200306700,0,61.5,-38.5,1003.70813,,2020-03-12 00:00:00
120200306700,1,61.5,-38.75,1003.34875,,2020-03-12 01:00:00
120200306700,2,61.5,-38.75,1003.56622,,2020-03-12 02:00:00
120200306700,3,61.5,-39.0,1003.31433,,2020-03-12 03:00:00
120200306700,4,61.5,-39.0,1003.43311,,2020-03-12 04:00:00
120200306700,5,61.5,-39.25,1003.64813,,2020-03-12 05:00:00
120200306700,6,61.5,-39.25,1003.9881,,2020-03-12 06:00:00
120200306700,7,61.5,-39.5,1003.66248,,2020-03-12 07:00:00
120200306700,8,61.5,-39.75,1004.27808,,2020-03-12 08:00:00
120200306700,9,61.5,-40.0,1005.12683,,2020-03-12 09:00:00
120200306700,10,61.5,-40.0,1005.08875,,2020-03-12 10:00:00
120200306700,11,61.5,-40.0,1005.22125,,2020-03-12 11:00:00
120200306700,12,61.25,-39.75,1005.32062,,2020-03-12 12:00:00
120200306700,13,61.25,-40.0,1005.27875,20.156,2020-03-12 13:00:00
120200306700,14,61.25,-40.25,1006.05371,,2020-03-12 14:00:00
120200306700,15,61.0,-40.0,1005.76495,,2020-03-13 15:00:00
120200306700,16,60.75,-39.75,1006.23749,,2020-03-13 16:00:00
120200307450,0,60.5,-42.25,1007.35559,,2020-03-13 00:00:00
120200307450,1,60.25,-42.25,1007.40057,,2020-03-13 01:00:00
120200307450,2,60.25,-42.25,1006.47998,,2020-03-13 02:00:00
120200307450,3,60.25,-42.5,1006.10938,,2020-03-13 03:00:00
120200307450,4,60.0,-41.75,1003.66125,,2020-03-13 04:00:00
120200307450,5,60.0,-41.5,1002.16809,,2020-03-13 05:00:00
120200307450,6,59.75,-41.75,1003.31683,,2020-03-13 06:00:00
120200307450,7,59.75,-41.75,1002.72937,,2020-03-13 07:00:00
120200307450,8,59.5,-41.75,1003.32373,,2020-03-13 08:00:00
120200307450,9,59.5,-41.5,1002.82001,,2020-03-13 09:00:00
120200307450,10,59.5,-41.25,1001.48621,,2020-03-13 10:00:00
120200307450,11,59.5,-41.25,1001.15308,,2020-03-14 11:00:00
120200307450,12,59.25,-41.25,1001.00061,,2020-03-14 12:00:00
120200307450,13,59.0,-41.0,1000.72186,24.584,2020-03-14 13:00:00
120200307450,14,58.75,-40.75,1001.3587,24.169,2020-03-14 14:00:00
120200307450,15,58.75,-40.25,1000.60748,,2020-03-14 15:00:00
120200307450,16,58.5,-39.75,1000.84998,,2020-03-14 16:00:00
120200307450,17,58.25,-39.5,1001.40125,,2020-03-14 17:00:00
120200307450,18,58.25,-38.75,1001.17749,,2020-03-14 18:00:00
120200307450,19,58.0,-38.5,1001.99249,,2020-03-14 19:00:00
120200307450,20,57.75,-37.75,1002.63873,,2020-03-14 20:00:00
120200307450,21,57.75,-37.25,1004.20245,,2020-03-14 21:00:00
120200307450,22,57.5,-36.75,1004.42249,,2020-03-14 22:00:00
120200307450,23,57.25,-36.0,1005.3031,15.173,2020-03-14 23:00:00
120200307740,0,51.0,-33.25,1005.10498,,2020-03-14 00:00:00
120200307740,1,50.75,-32.5,1005.63995,,2020-03-14 01:00:00
120200307740,2,51.75,-32.25,1004.4212,,2020-03-14 02:00:00
120200307740,3,51.5,-31.5,1005.10498,,2020-03-14 03:00:00
120200307740,4,50.5,-29.5,1004.8175,,2020-03-14 04:00:00
120200307740,5,50.5,-28.75,1004.48621,,2020-03-14 05:00:00
120200307740,6,50.25,-28.0,1005.02496,,2020-03-14 06:00:00
120200307740,7,50.25,-27.0,1004.8125,,2020-03-14 07:00:00
120200307740,8,50.0,-26.0,1005.3056,,2020-03-14 08:00:00
120200307740,9,49.75,-25.0,1005.82935,,2020-03-14 09:00:00
120200307740,10,49.75,-24.0,1005.39374,,2020-03-14 10:00:00
120200307740,11,49.75,-23.25,1005.00372,15.314,2020-03-14 11:00:00
120200308040,0,67.75,-24.0,1002.31622,,2020-03-14 00:00:00
120200308040,1,67.75,-23.75,1001.64746,,2020-03-14 01:00:00
120200308040,2,68.0,-23.25,1000.59058,,2020-03-14 02:00:00
120200308040,3,68.0,-23.0,999.34686,,2020-03-15 03:00:00
120200308040,4,68.25,-22.75,998.51935,,2020-03-15 04:00:00
120200308040,5,68.5,-22.25,997.1156,,2020-03-15 05:00:00
120200308040,6,68.5,-21.75,996.20496,,2020-03-15 06:00:00
120200308040,7,68.75,-21.25,994.98871,,2020-03-15 07:00:00
120200308040,8,69.0,-21.0,994.22498,,2020-03-15 08:00:00
120200308040,9,69.0,-20.75,993.01184,,2020-03-15 09:00:00
120200308040,10,69.25,-20.25,992.83807,,2020-03-15 10:00:00
120200308040,11,69.25,-20.75,993.1037,,2020-03-15 11:00:00
120200308040,12,69.5,-19.75,992.41058,,2020-03-15 12:00:00
120200308040,13,69.5,-21.75,994.89062,,2020-03-15 13:00:00
120200308040,14,69.5,-19.75,989.78058,,2020-03-15 14:00:00
120200308040,15,69.75,-18.75,988.06934,,2020-03-15 15:00:00
120200308040,16,69.75,-18.0,987.36499,,2020-03-15 16:00:00
120200308040,17,70.25,-15.25,986.56433,,2020-03-15 17:00:00
120200308040,18,70.25,-14.75,985.03308,,2020-03-15 18:00:00
120200308040,19,70.5,-13.5,984.64124,,2020-03-15 19:00:00
120200308040,20,70.5,-12.75,983.37811,,2020-03-15 20:00:00
120200308040,21,70.75,-11.5,983.09186,40.938,2020-03-15 21:00:00
120200308040,22,70.75,-11.0,981.80121,42.018,2020-03-15 22:00:00
120200308040,23,70.75,-10.5,981.40497,,2020-03-15 23:00:00
120200308040,24,70.75,-9.75,981.53998,,2020-03-16 00:00:00
120200308040,25,70.75,-9.0,982.22498,,2020-03-16 01:00:00
120200308040,26,70.75,-7.75,983.03998,,2020-03-16 02:00:00
120200308040,27,70.75,-6.5,983.29498,,2020-03-17 03:00:00
120200308040,28,70.75,-5.0,984.07123,,2020-03-17 04:00:00
120200308260,0,70.0,9.5,989.31812,,2020-03-15 00:00:00
120200308260,1,70.0,9.25,989.51245,,2020-03-15 01:00:00
120200308260,2,70.0,9.25,989.16687,,2020-03-15 02:00:00
120200308260,3,69.75,9.5,987.51562,,2020-03-15 03:00:00
120200308260,4,69.75,9.75,986.67059,,2020-03-15 04:00:00
120200308260,5,69.75,10.0,987.32684,,2020-03-15 05:00:00
120200308260,6,69.5,9.75,987.1275,,2020-03-15 06:00:00
120200308260,7,69.5,10.25,987.05682,,2020-03-15 07:00:00
120200308260,8,69.25,10.5,987.32562,,2020-03-15 08:00:00
120200308260,9,69.25,11.0,987.51874,,2020-03-15 09:00:00
120200308260,10,69.25,11.5,987.64313,16.68,2020-03-15 10:00:00
120200308260,11,69.0,12.0,987.65186,15.135000000000002,2020-03-15 11:00:00
120200308270,0,73.5,23.25,982.52557,,2020-03-15 00:00:00
120200308270,1,73.5,23.0,982.48999,,2020-03-15 01:00:00
120200308270,2,73.5,23.25,982.60309,,2020-03-15 02:00:00
120200308270,3,73.5,24.0,981.87561,,2020-03-15 03:00:00
120200308270,4,74.0,22.5,983.21307,,2020-03-15 04:00:00
120200308270,5,74.25,22.5,983.69434,,2020-03-15 05:00:00
120200308270,6,74.25,23.25,983.41498,,2020-03-15 06:00:00
120200308270,7,74.25,23.75,983.46936,,2020-03-15 07:00:00
120200308270,8,74.5,24.25,983.32562,,2020-03-15 08:00:00
120200308270,9,74.5,25.0,982.93872,,2020-03-15 09:00:00
120200308270,10,74.5,25.5,982.63062,,2020-03-15 10:00:00
120200308270,11,74.5,26.25,982.19684,,2020-03-15 11:00:00
120200308270,12,74.5,26.75,981.83624,,2020-03-15 12:00:00
120200308270,13,74.75,27.5,981.4375,,2020-03-15 13:00:00
120200308270,14,74.75,28.5,980.91498,,2020-03-15 14:00:00
120200308270,15,74.75,29.0,981.19,,2020-03-15 15:00:00
120200308270,16,74.75,30.0,981.47748,,2020-03-15 16:00:00
120200308270,17,74.75,30.75,981.77246,,2020-03-16 17:00:00
120200308270,18,74.75,31.75,981.18872,,2020-03-16 18:00:00
120200308270,19,74.5,32.75,980.88184,26.902,2020-03-16 19:00:00
120200308270,20,74.5,33.5,980.89185,,2020-03-16 20:00:00
120200308270,21,74.5,34.5,980.89935,,2020-03-16 21:00:00
120200308270,22,74.5,35.5,981.19745,,2020-03-16 22:00:00
120200308270,23,74.25,36.75,981.59625,,2020-03-16 23:00:00
120200308270,24,74.25,38.5,981.82001,,2020-03-17 00:00:00
120200308270,25,74.25,40.0,982.33685,,2020-03-17 01:00:00
120200308870,0,75.5,17.5,981.09436,,2020-03-16 00:00:00
120200308870,1,75.5,19.0,980.58746,,2020-03-16 01:00:00
120200308870,2,75.5,20.75,980.21375,,2020-03-16 02:00:00
120200308870,3,75.25,22.5,980.70746,,2020-03-16 03:00:00
120200308870,4,75.25,24.75,980.52686,,2020-03-16 04:00:00
120200308870,5,75.75,26.5,979.2337,,2020-03-16 05:00:00
120200308870,6,76.0,28.0,977.91498,,2020-03-16 06:00:00
120200308870,7,76.25,29.25,977.72247,,2020-03-16 07:00:00
120200308870,8,76.25,31.75,977.56683,,2020-03-16 08:00:00
120200308870,9,76.5,32.5,977.08563,,2020-03-16 09:00:00
120200308870,10,76.5,34.5,977.40436,,2020-03-16 10:00:00
120200308870,11,76.75,33.75,976.41058,,2020-03-16 11:00:00
120200308870,12,77.0,34.25,976.6781,,2020-03-16 12:00:00
120200308870,13,77.0,34.5,976.83807,,2020-03-16 13:00:00
120200308870,14,77.0,34.75,977.33807,,2020-03-16 14:00:00
120200308870,15,77.25,36.5,977.13062,,2020-03-16 15:00:00
120200308870,16,77.25,37.5,977.20874,,2020-03-16 16:00:00
120200308870,17,77.25,38.25,976.96436,,2020-03-16 17:00:00
120200308870,18,77.0,37.75,977.13873,,2020-03-16 18:00:00
120200308870,19,77.25,39.0,977.5437,,2020-03-16 19:00:00
120200308870,20,77.0,39.0,976.88312,,2020-03-17 20:00:00
120200308870,21,77.0,39.0,977.51245,,2020-03-17 21:00:00
120200308870,22,76.75,38.5,978.20123,,2020-03-17 22:00:00
120200308870,23,76.25,38.5,978.71307,,2020-03-17 23:00:00
120200308870,24,76.0,39.0,979.19562,,2020-03-18 00:00:00
120200308870,25,75.75,40.0,978.58063,,2020-03-18 01:00:00
120200308970,0,73.0,57.75,979.34747,,2020-03-16 00:00:00
120200308970,1,73.0,57.75,978.97186,,2020-03-16 01:00:00
120200308970,2,73.25,58.25,979.4787,,2020-03-16 02:00:00
120200308970,3,73.25,58.75,979.34497,,2020-03-16 03:00:00
120200308970,4,73.25,60.0,979.3775,,2020-03-16 04:00:00
120200308970,5,73.25,60.25,979.71936,,2020-03-16 05:00:00
120200308970,6,73.25,61.0,979.84808,,2020-03-16 06:00:00
120200308970,7,73.25,61.75,979.78186,19.743,2020-03-16 07:00:00
120200308970,8,73.25,62.75,980.33313,19.682,2020-03-16 08:00:00
120200309970,0,64.75,-39.75,1013.40936,24.22,2020-03-17 00:00:00
120200309970,1,64.75,-38.75,1012.90747,,2020-03-17 01:00:00
120200309970,2,65.25,-38.75,1013.16559,,2020-03-18 02:00:00
120200309970,3,64.75,-38.0,1013.71747,,2020-03-18 03:00:00
120200309970,4,64.75,-37.5,1013.56311,,2020-03-18 04:00:00
120200309970,5,64.75,-37.0,1013.96558,,2020-03-18 05:00:00
120200309970,6,64.75,-36.75,1014.08313,,2020-03-18 06:00:00
120200309970,7,64.75,-36.5,1014.60187,,2020-03-18 07:00:00
120200309970,8,64.75,-36.5,1015.12061,,2020-03-18 08:00:00
120200309970,9,65.0,-36.0,1015.41248,,2020-03-18 09:00:00
120200309970,10,65.0,-35.5,1015.71185,,2020-03-18 10:00:00
120200309970,11,65.25,-35.25,1016.45685,,2020-03-18 11:00:00
120200309970,12,65.0,-34.25,1017.05682,17.02,2020-03-18 12:00:00
120200309970,13,65.25,-34.0,1017.3775,17.298,2020-03-18 13:00:00
120200309970,14,65.25,-33.75,1017.7356,,2020-03-18 14:00:00
120200309970,15,65.25,-33.5,1018.67438,,2020-03-18 15:00:00
120200309970,16,65.5,-32.75,1018.4162,,2020-03-18 16:00:00
120200309970,17,65.5,-32.5,1018.9881,,2020-03-18 17:00:00
120200309970,18,65.5,-32.25,1019.28375,,2020-03-18 18:00:00
120200309970,19,65.5,-31.75,1019.81934,,2020-03-18 19:00:00
120200309970,20,65.75,-31.0,1020.01562,,2020-03-18 20:00:00
120200309970,21,65.75,-30.75,1020.24933,,2020-03-18 21:00:00
120200309970,22,65.75,-30.5,1021.23438,15.317999999999998,2020-03-18 22:00:00
120200310120,0,63.5,-22.0,996.94995,,2020-03-18 00:00:00
120200310120,1,63.5,-21.75,997.87561,,2020-03-18 01:00:00
120200310120,2,63.5,-21.5,998.33807,,2020-03-18 02:00:00
120200310120,3,63.5,-21.5,999.48187,,2020-03-18 03:00:00
120200310120,4,63.25,-20.75,999.67938,,2020-03-18 04:00:00
120200310120,5,63.5,-21.5,1001.78809,,2020-03-18 05:00:00
120200310120,6,63.5,-21.5,1002.8725,,2020-03-18 06:00:00
120200310120,7,63.5,-21.5,1004.07935,,2020-03-18 07:00:00
120200310120,8,63.5,-21.5,1005.31311,,2020-03-18 08:00:00
120200310120,9,63.0,-18.75,1004.01184,,2020-03-18 09:00:00
120200310120,10,63.0,-18.75,1005.31873,,2020-03-18 10:00:00
120200310120,11,63.0,-18.75,1006.55188,17.852999999999998,2020-03-18 11:00:00
120200310120,12,63.0,-18.75,1007.59686,,2020-03-18 12:00:00
120200310120,13,63.0,-18.75,1008.64496,,2020-03-18 13:00:00
120200310120,14,63.0,-18.75,1009.45062,,2020-03-18 14:00:00
120200310120,15,63.0,-18.5,1010.22375,,2020-03-18 15:00:00
120200310120,16,63.25,-17.5,1009.9306,,2020-03-18 16:00:00
120200310120,17,63.25,-17.5,1011.18683,,2020-03-18 17:00:00
120200310120,18,63.25,-17.5,1011.97437,,2020-03-18 18:00:00
120200310120,19,63.25,-17.5,1013.47937,,2020-03-18 19:00:00
120200310120,20,63.25,-17.5,1014.88184,,2020-03-18 20:00:00
120200310120,21,63.0,-18.25,1017.12311,29.48,2020-03-18 21:00:00
120200310120,22,62.5,-16.75,1014.07745,,2020-03-18 22:00:00
120200310120,23,62.25,-16.5,1014.73309,,2020-03-19 23:00:00
120200310120,24,62.0,-16.25,1015.33435,,2020-03-20 00:00:00
120200310120,25,62.0,-16.0,1015.89874,,2020-03-20 01:00:00
120200310120,26,61.75,-15.75,1016.70245,,2020-03-20 02:00:00
120200310120,27,61.25,-14.75,1017.45996,,2020-03-20 03:00:00
120200310120,28,61.25,-14.25,1017.8562,,2020-03-20 04:00:00
120200310120,29,60.75,-13.75,1019.21124,,2020-03-20 05:00:00
120200310120,30,60.5,-13.25,1020.1781,,2020-03-20 06:00:00
120200310120,31,60.25,-12.5,1020.90875,,2020-03-20 07:00:00
120200310120,32,60.0,-12.0,1022.0675,,2020-03-20 08:00:00
120200310120,33,60.0,-11.0,1022.25873,,2020-03-20 09:00:00
120200310120,34,59.75,-10.5,1023.14246,,2020-03-20 10:00:00
120200310120,35,59.75,-9.75,1023.69061,,2020-03-20 11:00:00
120200310120,36,59.5,-9.25,1024.36316,,2020-03-20 12:00:00
120200310120,37,59.5,-9.0,1024.9124800000004,,2020-03-20 13:00:00
120200310120,38,59.25,-8.5,1025.16003,,2020-03-20 14:00:00
120200310120,39,59.25,-8.25,1025.68628,,2020-03-20 15:00:00
120200310120,40,59.0,-7.75,1026.2937,,2020-03-20 16:00:00
120200310120,41,58.75,-7.25,1026.94934,,2020-03-20 17:00:00
120200310120,42,58.5,-7.25,1028.09619,,2020-03-20 18:00:00
120200310450,0,67.75,5.0,994.29871,,2020-03-18 00:00:00
120200310450,1,67.75,5.25,995.47437,,2020-03-18 01:00:00
120200310450,2,67.5,5.25,996.10309,,2020-03-18 02:00:00
120200310450,3,67.25,5.0,997.69312,,2020-03-18 03:00:00
120200310450,4,67.0,5.0,998.74188,,2020-03-18 04:00:00
120200310450,5,66.75,5.25,999.75061,,2020-03-18 05:00:00
120200310450,6,66.5,5.25,1001.03308,,2020-03-18 06:00:00
120200310450,7,66.25,5.5,1002.1275,,2020-03-18 07:00:00
120200310450,8,66.25,6.25,1002.73438,,2020-03-19 08:00:00
120200310450,9,66.0,6.75,1002.9231,,2020-03-19 09:00:00
120200310450,10,65.75,7.0,1003.57623,18.971,2020-03-19 10:00:00
120200310450,11,65.5,7.25,1004.78497,21.064000000000004,2020-03-19 11:00:00
120200310450,12,65.5,8.0,1005.34497,22.493,2020-03-19 12:00:00
120200310450,13,65.25,8.25,1006.27246,,2020-03-19 13:00:00
120200310450,14,65.5,11.25,1005.5462,,2020-03-19 14:00:00
120200310450,15,65.0,10.0,1007.28687,,2020-03-19 15:00:00
120200310450,16,64.25,9.25,1009.49622,,2020-03-19 16:00:00
120200310450,17,64.25,9.25,1010.745,,2020-03-19 17:00:00
120200311010,0,71.25,45.75,994.90747,,2020-03-19 00:00:00
120200311010,1,71.25,46.5,995.15247,,2020-03-19 01:00:00
120200311010,2,71.25,46.75,994.98621,,2020-03-19 02:00:00
120200311010,3,71.25,47.5,994.63995,,2020-03-19 03:00:00
120200311010,4,71.25,47.75,994.19934,,2020-03-19 04:00:00
120200311010,5,71.25,48.0,994.37122,,2020-03-19 05:00:00
120200311010,6,71.25,48.0,993.8775,,2020-03-19 06:00:00
120200311010,7,71.25,48.0,993.97498,18.69,2020-03-19 07:00:00
120200311010,8,71.0,48.75,993.00623,20.307,2020-03-19 08:00:00
120200311010,9,71.0,49.0,992.88684,21.052,2020-03-19 09:00:00
120200311010,10,71.0,49.0,992.60059,21.066,2020-03-20 10:00:00
120200311010,11,70.75,49.5,992.33374,,2020-03-20 11:00:00
120200311010,12,70.75,49.25,992.47058,,2020-03-20 12:00:00
120200311010,13,70.5,49.75,992.57184,,2020-03-20 13:00:00
120200311010,14,70.5,49.5,992.61499,,2020-03-20 14:00:00
120200311010,15,70.25,49.5,993.00433,,2020-03-20 15:00:00
120200311010,16,70.0,49.75,993.16437,,2020-03-20 16:00:00
120200311010,17,69.75,49.75,994.02625,23.05,2020-03-20 17:00:00
120200311010,18,69.75,49.75,994.33435,22.942,2020-03-20 18:00:00
120200311010,19,69.5,50.5,994.63184,,2020-03-20 19:00:00
120200311010,20,69.25,51.75,994.7962,,2020-03-20 20:00:00
120200311010,21,69.0,52.25,995.78375,,2020-03-20 21:00:00
120200311010,22,68.75,50.5,996.88434,,2020-03-20 22:00:00
120200311010,23,68.75,50.5,997.19183,,2020-03-20 23:00:00
120200311010,24,68.25,47.5,1001.10938,,2020-03-21 00:00:00
120200311010,25,68.25,49.0,999.42188,,2020-03-21 01:00:00
120200311010,26,68.25,49.0,1000.29688,,2020-03-21 02:00:00
120200311200,0,65.5,-54.0,992.54871,,2020-03-19 00:00:00
120200311200,1,65.75,-54.25,993.10059,,2020-03-19 01:00:00
120200311200,2,65.75,-54.25,993.49933,,2020-03-20 02:00:00
120200311200,3,65.75,-54.5,993.83746,,2020-03-20 03:00:00
120200311200,4,66.0,-54.75,993.43683,,2020-03-20 04:00:00
120200311200,5,66.0,-54.75,993.22687,,2020-03-20 05:00:00
120200311200,6,66.25,-54.75,993.2937,,2020-03-20 06:00:00
120200311200,7,66.25,-54.75,993.74188,,2020-03-20 07:00:00
120200311200,8,66.5,-54.75,994.21936,,2020-03-20 08:00:00
120200311200,9,66.5,-54.75,994.85126,,2020-03-20 09:00:00
120200311200,10,66.5,-54.75,995.88434,,2020-03-20 10:00:00
120200311200,11,66.75,-54.75,995.81311,,2020-03-20 11:00:00
120200311200,12,67.75,-56.25,994.54749,,2020-03-20 12:00:00
120200311200,13,67.75,-55.75,994.69501,,2020-03-20 13:00:00
120200311200,14,67.75,-55.0,995.52686,,2020-03-20 14:00:00
120200311200,15,67.5,-55.0,997.35687,,2020-03-20 15:00:00
120200311200,16,67.0,-54.75,1000.3656,,2020-03-20 16:00:00
120200311200,17,67.0,-54.75,1001.00934,,2020-03-20 17:00:00
120200311200,18,67.0,-54.75,1001.64062,,2020-03-20 18:00:00
120200311200,19,66.75,-54.75,1002.92249,,2020-03-20 19:00:00
120200311200,20,66.5,-54.75,1004.10248,,2020-03-20 20:00:00
120200311200,21,66.5,-54.75,1004.6181,,2020-03-20 21:00:00
120200311200,22,66.25,-54.75,1005.91125,,2020-03-20 22:00:00
120200311200,23,66.25,-54.75,1006.34125,,2020-03-20 23:00:00
120200311200,24,65.75,-54.0,1007.45813,,2020-03-21 00:00:00
120200311200,25,65.75,-54.0,1007.75873,,2020-03-21 01:00:00
120200311200,26,65.75,-54.0,1008.4975,,2020-03-22 02:00:00
120200311200,27,65.5,-53.75,1008.79248,,2020-03-22 03:00:00
120200311200,28,65.5,-53.75,1009.0531,,2020-03-22 04:00:00
120200311200,29,65.5,-53.75,1009.03998,,2020-03-22 05:00:00
120200311200,30,65.5,-53.75,1009.01495,,2020-03-22 06:00:00
120200311200,31,65.0,-53.25,1009.35687,,2020-03-22 07:00:00
120200311200,32,65.0,-53.25,1009.36621,,2020-03-22 08:00:00
120200311280,0,62.25,-41.5,996.53308,,2020-03-20 00:00:00
120200311280,1,62.0,-41.5,997.26245,15.369000000000002,2020-03-20 01:00:00
120200311280,2,62.0,-41.5,997.48059,,2020-03-20 02:00:00
120200311280,3,62.0,-41.5,997.26312,,2020-03-20 03:00:00
120200311280,4,61.5,-41.5,998.68622,,2020-03-20 04:00:00
120200311280,5,61.25,-41.75,999.62933,,2020-03-20 05:00:00
120200311280,6,61.5,-41.5,998.27435,,2020-03-20 06:00:00
120200311280,7,61.75,-41.5,996.73499,,2020-03-20 07:00:00
120200311280,8,61.75,-41.5,996.46185,,2020-03-20 08:00:00
120200311280,9,62.0,-41.5,995.14685,,2020-03-20 09:00:00
120200311280,10,62.0,-41.5,995.72247,,2020-03-20 10:00:00
120200311280,11,62.0,-41.5,995.39996,,2020-03-20 11:00:00
120200311280,12,62.0,-41.5,995.40686,,2020-03-20 12:00:00
120200311280,13,62.0,-41.5,995.31683,33.873999999999995,2020-03-20 13:00:00
120200311280,14,62.5,-41.5,994.90808,,2020-03-20 14:00:00
120200311280,15,62.5,-41.0,994.34186,,2020-03-20 15:00:00
120200311280,16,62.75,-40.75,994.18811,,2020-03-20 16:00:00
120200311280,17,62.75,-40.0,993.32373,,2020-03-20 17:00:00
120200311280,18,62.75,-39.5,993.7312,,2020-03-20 18:00:00
120200311280,19,63.0,-39.5,993.05188,,2020-03-20 19:00:00
120200311280,20,63.25,-40.0,994.02747,,2020-03-20 20:00:00
120200311280,21,63.25,-39.75,993.50751,,2020-03-20 21:00:00
120200311280,22,63.5,-39.0,993.43683,,2020-03-20 22:00:00
120200311280,23,63.5,-38.75,993.42871,27.096,2020-03-20 23:00:00
120200311280,24,63.5,-38.5,993.5675,26.728,2020-03-22 00:00:00
120200311280,25,63.5,-38.25,993.76373,,2020-03-22 01:00:00
120200311280,26,63.5,-38.0,993.84808,,2020-03-22 02:00:00
120200311280,27,63.75,-38.0,993.14124,,2020-03-22 03:00:00
120200311280,28,63.5,-38.0,993.49872,,2020-03-22 04:00:00
120200311280,29,63.5,-38.0,993.37433,,2020-03-22 05:00:00
120200311280,30,63.5,-37.75,993.78748,,2020-03-22 06:00:00
120200311280,31,63.25,-37.5,994.21375,,2020-03-22 07:00:00
120200311280,32,63.25,-37.0,994.86871,,2020-03-22 08:00:00
120200311280,33,63.25,-36.5,994.83246,,2020-03-22 09:00:00
120200311280,34,63.25,-35.75,995.15686,,2020-03-22 10:00:00
120200311280,35,63.25,-35.25,994.92871,,2020-03-22 11:00:00
120200311280,36,63.25,-34.75,995.84436,,2020-03-22 12:00:00
120200311280,37,63.5,-34.0,995.40808,,2020-03-22 13:00:00
120200311280,38,63.75,-33.0,995.14185,,2020-03-22 14:00:00
120200311280,39,63.75,-32.25,995.51813,,2020-03-22 15:00:00
120200311280,40,63.75,-31.5,995.47498,,2020-03-22 16:00:00
120200311280,41,64.0,-30.5,995.47937,,2020-03-22 17:00:00
120200311280,42,64.0,-29.75,995.80933,,2020-03-22 18:00:00
120200312120,0,77.0,-3.75,982.16437,,2020-03-22 00:00:00
120200312120,1,77.75,-2.0,980.27686,,2020-03-22 01:00:00
120200312120,2,78.5,0.0,978.69061,,2020-03-22 02:00:00
120200312120,3,79.0,1.0,977.82245,,2020-03-22 03:00:00
120200312120,4,80.0,2.5,978.62,,2020-03-22 04:00:00
120200312120,5,80.0,1.5,977.43182,,2020-03-22 05:00:00
120200312120,6,80.0,0.0,977.0625,,2020-03-22 06:00:00
120200312120,7,80.0,-1.0,976.68811,,2020-03-22 07:00:00
120200312120,8,80.0,-2.5,976.6062,,2020-03-22 08:00:00
120200312120,9,80.0,-3.75,977.1275,,2020-03-22 09:00:00
120200312120,10,80.0,-4.5,977.47186,,2020-03-22 10:00:00
120200312120,11,80.0,-4.25,976.72125,,2020-03-22 11:00:00
120200312120,12,80.0,-4.0,976.44745,,2020-03-22 12:00:00
120200312120,13,80.0,-3.5,975.92371,,2020-03-22 13:00:00
120200312120,14,80.0,-3.0,976.005,,2020-03-22 14:00:00
120200312120,15,80.0,-2.5,976.10748,38.729,2020-03-22 15:00:00
120200312120,16,80.0,-2.0,976.70563,35.675999999999995,2020-03-22 16:00:00
120200312120,17,79.75,-1.25,977.09186,32.09,2020-03-22 17:00:00
120200312120,18,80.0,-1.75,979.00934,,2020-03-22 18:00:00
120200312120,19,79.25,1.25,978.79559,29.145,2020-03-22 19:00:00
120200312120,20,79.0,3.0,979.94312,,2020-03-23 20:00:00
120200312120,21,79.0,4.5,981.03058,,2020-03-23 21:00:00
120200312120,22,78.75,6.75,982.16309,,2020-03-23 22:00:00
120200312120,23,78.75,7.75,982.95874,,2020-03-23 23:00:00
120200312120,24,79.0,9.0,983.70496,,2020-03-24 00:00:00
120200312120,25,79.0,9.5,984.90808,,2020-03-24 01:00:00
120200312120,26,79.25,9.25,985.59375,,2020-03-24 02:00:00
120200312120,27,79.25,9.25,986.8725,,2020-03-24 03:00:00
120200312150,0,71.75,0.5,990.32062,,2020-03-22 00:00:00
120200312150,1,72.0,1.5,989.57245,,2020-03-22 01:00:00
120200312150,2,72.5,3.0,988.7475,,2020-03-22 02:00:00
120200312150,3,72.75,4.5,987.99933,,2020-03-22 03:00:00
120200312150,4,73.5,6.25,986.21497,,2020-03-22 04:00:00
120200312150,5,74.0,7.75,984.35809,,2020-03-22 05:00:00
120200312150,6,74.5,9.25,983.14374,,2020-03-22 06:00:00
120200312150,7,75.25,11.0,981.01495,,2020-03-22 07:00:00
120200312150,8,75.75,12.5,979.79437,,2020-03-22 08:00:00
120200312150,9,76.75,14.5,977.78125,,2020-03-22 09:00:00
120200312150,10,76.25,16.25,977.96246,,2020-03-22 10:00:00
120200312150,11,76.5,17.75,977.19623,,2020-03-22 11:00:00
120200312150,12,77.0,19.25,975.38495,44.969,2020-03-22 12:00:00
120200312150,13,77.0,21.5,975.65997,,2020-03-22 13:00:00
120200312150,14,77.0,23.75,976.0531,,2020-03-22 14:00:00
120200312150,15,77.25,25.25,975.45685,,2020-03-22 15:00:00
120200312150,16,77.5,26.5,974.68933,,2020-03-22 16:00:00
120200312150,17,78.25,26.5,973.3681,,2020-03-22 17:00:00
120200312150,18,78.5,28.0,973.3031,,2020-03-23 18:00:00
120200312150,19,78.5,29.25,973.25061,,2020-03-23 19:00:00
120200312150,20,78.5,30.25,973.21558,,2020-03-23 20:00:00
120200312150,21,78.5,30.25,973.92871,,2020-03-23 21:00:00
120200312150,22,78.5,30.0,974.5625,,2020-03-23 22:00:00
120200312150,23,78.5,30.5,974.94812,,2020-03-23 23:00:00
120200312150,24,78.5,31.0,976.0412,,2020-03-24 00:00:00
120200312150,25,78.25,35.25,975.61749,,2020-03-24 01:00:00
120200312150,26,78.25,38.0,975.64746,,2020-03-24 02:00:00
120200312150,27,78.0,39.0,977.19623,,2020-03-24 03:00:00
120200312150,28,78.0,40.25,977.51312,,2020-03-24 04:00:00
120200312150,29,77.75,42.0,979.33374,,2020-03-24 05:00:00
120200312150,30,77.75,44.0,979.31311,,2020-03-24 06:00:00
120200312150,31,77.5,45.75,980.6806,,2020-03-24 07:00:00
120200312150,32,77.25,47.0,981.64374,,2020-03-24 08:00:00
120200312150,33,77.0,48.5,983.06061,,2020-03-24 09:00:00
120200312150,34,76.75,50.25,983.90497,,2020-03-24 10:00:00
120200312150,35,76.5,51.75,985.23688,,2020-03-24 11:00:00
120200312150,36,76.25,53.25,986.28247,,2020-03-24 12:00:00
120200312150,37,76.25,54.75,986.6662,,2020-03-24 13:00:00
120200312150,38,75.75,56.5,988.94122,,2020-03-24 14:00:00
120200312150,39,75.75,57.0,989.59808,,2020-03-24 15:00:00
120200312150,40,76.0,57.0,989.39996,,2020-03-24 16:00:00
120200312150,41,76.0,57.25,991.40497,,2020-03-24 17:00:00
120200312840,0,63.5,-39.75,987.4212,,2020-03-24 00:00:00
120200312840,1,63.5,-39.75,988.57245,,2020-03-24 01:00:00
120200312840,2,64.75,-39.75,986.20874,,2020-03-24 02:00:00
120200312840,3,64.75,-39.75,986.78937,,2020-03-24 03:00:00
120200312840,4,64.75,-39.75,987.02936,,2020-03-24 04:00:00
120200312840,5,64.75,-39.75,987.78809,,2020-03-24 05:00:00
120200312840,6,64.75,-39.75,988.3587,,2020-03-24 06:00:00
120200312840,7,64.75,-39.5,988.25812,,2020-03-24 07:00:00
120200312840,8,64.75,-39.5,989.04749,,2020-03-24 08:00:00
120200312840,9,64.25,-38.5,988.86499,,2020-03-24 09:00:00
120200312840,10,64.25,-38.5,989.73438,,2020-03-24 10:00:00
120200312840,11,64.25,-38.5,989.82245,,2020-03-24 11:00:00
120200312840,12,64.25,-37.75,989.45624,,2020-03-24 12:00:00
120200312840,13,64.25,-37.5,990.28497,23.656,2020-03-24 13:00:00
120200312840,14,64.25,-37.25,990.27557,23.867,2020-03-24 14:00:00
120200312840,15,64.0,-36.75,990.75812,,2020-03-24 15:00:00
120200312840,16,64.0,-36.5,990.90247,,2020-03-24 16:00:00
120200312840,17,64.0,-36.25,990.95123,,2020-03-24 17:00:00
120200312840,18,64.0,-36.0,991.47437,,2020-03-24 18:00:00
120200312840,19,64.0,-35.5,991.91559,,2020-03-24 19:00:00
120200312840,20,64.25,-35.25,992.10748,,2020-03-24 20:00:00
120200312840,21,64.25,-34.75,992.80188,,2020-03-24 21:00:00
120200312840,22,64.25,-34.25,993.47687,19.635,2020-03-24 22:00:00
120200312840,23,64.5,-34.0,993.45496,,2020-03-24 23:00:00
120200312840,24,64.5,-33.75,993.58124,18.842,2020-03-26 00:00:00
120200312840,25,64.75,-33.75,994.09247,,2020-03-26 01:00:00
120200312840,26,64.75,-33.5,993.96375,,2020-03-26 02:00:00
120200312840,27,65.0,-33.75,994.14496,,2020-03-26 03:00:00
120200312840,28,65.25,-34.0,993.91937,,2020-03-26 04:00:00
120200312840,29,65.25,-34.0,994.54309,,2020-03-26 05:00:00
120200312840,30,65.5,-33.75,994.8775,,2020-03-26 06:00:00
120200312840,31,65.5,-33.75,995.01373,,2020-03-26 07:00:00
120200312840,32,65.75,-34.25,996.35809,,2020-03-26 08:00:00
120200312840,33,66.0,-34.25,997.37372,,2020-03-26 09:00:00
120200312840,34,66.0,-34.25,998.02686,,2020-03-26 10:00:00
120200312840,35,66.25,-33.75,998.04187,,2020-03-26 11:00:00
120200312840,36,66.25,-33.75,998.60187,22.81,2020-03-26 12:00:00
120200312840,37,66.25,-33.75,999.14935,22.488000000000003,2020-03-26 13:00:00
120200312840,38,66.5,-33.0,999.27124,,2020-03-26 14:00:00
120200312840,39,66.5,-33.0,999.33685,,2020-03-26 15:00:00
120200312840,40,66.75,-32.5,998.90997,,2020-03-26 16:00:00
120200312840,41,66.5,-32.25,997.96375,,2020-03-26 17:00:00
120200312840,42,66.75,-31.25,996.54559,,2020-03-26 18:00:00
120200312840,43,66.5,-31.25,996.35248,,2020-03-26 19:00:00
120200312840,44,66.5,-31.0,996.54871,,2020-03-26 20:00:00
120200312840,45,66.25,-31.0,997.02063,,2020-03-26 21:00:00
120200312840,46,66.5,-30.5,997.88745,20.699,2020-03-26 22:00:00
120200312840,47,66.75,-30.0,997.19873,20.97,2020-03-26 23:00:00
120200312840,48,66.75,-29.75,997.315,,2020-03-28 00:00:00
120200312840,49,66.75,-29.25,997.42499,,2020-03-28 01:00:00
120200312840,50,66.75,-28.75,997.26562,,2020-03-28 02:00:00
120200312840,51,66.75,-28.0,997.44623,,2020-03-28 03:00:00
120200312840,52,66.75,-27.5,997.75684,,2020-03-28 04:00:00
120200312840,53,66.75,-26.75,998.32434,,2020-03-28 05:00:00
120200312840,54,67.0,-26.25,997.89185,,2020-03-28 06:00:00
120200312840,55,67.0,-25.5,998.7912,,2020-03-28 07:00:00
120200312840,56,67.25,-24.5,998.28186,,2020-03-28 08:00:00
120200312840,57,67.25,-23.75,999.43121,,2020-03-28 09:00:00
120200314370,0,68.5,-25.0,1000.36871,,2020-03-26 00:00:00
120200314370,1,68.5,-22.5,998.83246,,2020-03-26 01:00:00
120200314370,2,68.75,-20.0,998.41248,,2020-03-26 02:00:00
120200314370,3,68.75,-19.25,998.59497,,2020-03-26 03:00:00
120200314370,4,68.75,-18.5,998.94934,,2020-03-26 04:00:00
120200314370,5,68.75,-18.0,999.37061,,2020-03-26 05:00:00
120200314370,6,68.75,-17.25,999.87311,,2020-03-26 06:00:00
120200314370,7,69.0,-16.25,1000.43933,,2020-03-26 07:00:00
120200314370,8,69.0,-15.5,1000.77625,,2020-03-26 08:00:00
120200314370,9,69.0,-14.5,1001.53247,,2020-03-26 09:00:00
120200314370,10,69.25,-13.5,1001.63745,,2020-03-26 10:00:00
120200314370,11,69.25,-12.5,1002.61188,19.067,2020-03-26 11:00:00
120200314370,12,69.25,-11.0,1003.78375,,2020-03-26 12:00:00
120200314370,13,69.25,-10.0,1003.75562,,2020-03-26 13:00:00
120200314370,14,69.25,-8.75,1004.47437,,2020-03-27 14:00:00
120200314430,0,72.5,15.0,1000.58374,,2020-03-26 00:00:00
120200314430,1,72.75,17.25,1000.56122,,2020-03-26 01:00:00
120200314430,2,72.75,17.75,999.78436,,2020-03-26 02:00:00
120200314430,3,73.0,19.5,998.9931,,2020-03-26 03:00:00
120200314430,4,73.25,21.0,998.86438,,2020-03-26 04:00:00
120200314430,5,73.25,21.5,997.99561,,2020-03-26 05:00:00
120200314430,6,73.5,22.25,997.89374,,2020-03-26 06:00:00
120200314430,7,73.5,23.5,997.32001,,2020-03-26 07:00:00
120200314430,8,73.75,24.75,997.42621,15.969,2020-03-26 08:00:00
120200314430,9,73.75,25.5,997.0481,15.997999999999998,2020-03-26 09:00:00
120200314430,10,73.75,26.75,997.23871,,2020-03-26 10:00:00
120200314430,11,73.75,28.25,996.76434,,2020-03-26 11:00:00
120200314430,12,73.75,29.75,996.26312,,2020-03-27 12:00:00
120200314430,13,73.75,31.5,995.94873,,2020-03-27 13:00:00
120200314430,14,73.75,33.0,995.33246,,2020-03-27 14:00:00
120200314430,15,73.75,34.5,995.04248,,2020-03-27 15:00:00
120200314430,16,73.75,35.75,994.89624,,2020-03-27 16:00:00
120200314430,17,73.75,36.5,994.82745,,2020-03-27 17:00:00
120200314430,18,73.75,37.5,994.76245,19.142,2020-03-27 18:00:00
120200314430,19,73.75,38.75,995.04498,,2020-03-27 19:00:00
120200314430,20,73.75,40.25,994.74432,21.719,2020-03-27 20:00:00
120200314430,21,73.75,41.5,994.85748,,2020-03-27 21:00:00
120200314430,22,73.5,41.75,994.7981,,2020-03-27 22:00:00
120200314430,23,73.5,43.0,994.84875,,2020-03-27 23:00:00
120200314430,24,73.5,44.25,994.42188,,2020-03-28 00:00:00
120200314430,25,73.5,45.75,993.61371,,2020-03-28 01:00:00
120200314430,26,73.5,47.0,993.49371,,2020-03-28 02:00:00
120200314430,27,73.5,48.0,993.18683,,2020-03-28 03:00:00
120200314430,28,73.25,52.5,993.04498,,2020-03-28 04:00:00
120200314430,29,73.0,51.25,992.36188,,2020-03-28 05:00:00
120200314430,30,73.0,51.25,992.65625,,2020-03-28 06:00:00
120200314430,31,72.75,51.25,993.41559,,2020-03-28 07:00:00
120200315020,0,66.0,-9.0,1010.76624,,2020-03-27 00:00:00
120200315020,1,66.0,-8.25,1010.85248,,2020-03-27 01:00:00
120200315020,2,66.25,-7.0,1010.47998,,2020-03-27 02:00:00
120200315020,3,66.25,-6.0,1010.82062,,2020-03-27 03:00:00
120200315020,4,66.5,-2.25,1010.64996,,2020-03-27 04:00:00
120200315020,5,66.75,-0.25,1010.58936,,2020-03-27 05:00:00
120200315020,6,66.75,0.75,1009.51996,,2020-03-27 06:00:00
120200315020,7,67.0,2.5,1008.90686,,2020-03-27 07:00:00
120200315020,8,67.0,3.25,1008.35498,,2020-03-27 08:00:00
120200315020,9,67.0,4.0,1008.06122,,2020-03-27 09:00:00
120200315020,10,67.25,6.0,1006.53687,,2020-03-27 10:00:00
120200315020,11,67.25,7.0,1006.16125,27.567,2020-03-27 11:00:00
120200315020,12,67.5,8.5,1004.86438,,2020-03-27 12:00:00
120200315020,13,67.75,10.0,1003.69873,,2020-03-27 13:00:00
120200315020,14,68.5,13.0,1001.46936,,2020-03-27 14:00:00
120200315020,15,68.0,13.0,1001.93121,,2020-03-27 15:00:00
120200315020,16,67.5,13.75,1004.14746,,2020-03-27 16:00:00
120200315090,0,77.25,4.5,998.91937,,2020-03-27 00:00:00
120200315090,1,77.25,5.0,998.92499,,2020-03-27 01:00:00
120200315090,2,77.25,5.75,998.30682,,2020-03-27 02:00:00
120200315090,3,77.25,6.25,997.62,,2020-03-27 03:00:00
120200315090,4,77.0,6.5,997.63812,,2020-03-27 04:00:00
120200315090,5,77.0,7.25,997.39996,,2020-03-27 05:00:00
120200315090,6,77.0,8.0,996.60999,,2020-03-27 06:00:00
120200315090,7,77.0,7.75,996.55811,,2020-03-27 07:00:00
120200315090,8,76.75,8.5,996.18622,,2020-03-27 08:00:00
120200315090,9,76.5,9.5,995.87311,20.828000000000003,2020-03-27 09:00:00
120200315090,10,76.25,10.5,995.61121,21.25,2020-03-27 10:00:00
120200315090,11,76.25,10.75,995.60437,,2020-03-27 11:00:00
120200315090,12,76.0,11.5,995.40747,,2020-03-27 12:00:00
120200315090,13,75.75,12.5,995.06622,,2020-03-27 13:00:00
120200315090,14,75.5,13.75,995.36188,23.155,2020-03-27 14:00:00
120200315090,15,75.25,15.0,994.76312,22.222,2020-03-27 15:00:00
120200315090,16,75.25,16.25,994.41376,,2020-03-28 16:00:00
120200315090,17,75.0,16.75,994.71686,17.977,2020-03-28 17:00:00
120200315450,0,73.5,33.5,994.64374,,2020-03-27 00:00:00
120200315450,1,73.5,33.25,993.48938,,2020-03-27 01:00:00
120200315450,2,73.5,33.75,993.50684,,2020-03-27 02:00:00
120200315450,3,73.5,34.5,993.44873,,2020-03-28 03:00:00
120200315450,4,73.5,35.25,993.25433,,2020-03-28 04:00:00
120200315450,5,73.5,36.25,993.19745,,2020-03-28 05:00:00
120200315450,6,73.75,36.75,993.56934,,2020-03-28 06:00:00
120200315450,7,73.75,37.75,993.44061,,2020-03-28 07:00:00
120200315450,8,73.5,38.75,993.05933,,2020-03-28 08:00:00
120200315450,9,73.5,39.75,993.28625,16.148,2020-03-28 09:00:00
120200315550,0,77.0,19.25,993.255,,2020-03-28 00:00:00
120200315550,1,77.0,20.0,992.76434,,2020-03-28 01:00:00
120200315550,2,77.0,20.75,992.84998,,2020-03-28 02:00:00
120200315550,3,76.75,19.75,994.00183,,2020-03-28 03:00:00
120200315550,4,76.75,19.5,994.9281,,2020-03-28 04:00:00
120200315550,5,76.25,19.75,994.28308,,2020-03-28 05:00:00
120200315550,6,75.75,20.5,993.69373,,2020-03-28 06:00:00
120200315550,7,75.25,21.0,994.56561,27.375,2020-03-28 07:00:00
120200315550,8,75.0,21.25,995.22375,,2020-03-28 08:00:00
120200315550,9,74.75,21.75,995.85187,,2020-03-28 09:00:00
120200315550,10,74.5,23.25,995.52246,20.999,2020-03-28 10:00:00
120200315550,11,74.5,24.5,994.81683,19.226,2020-03-28 11:00:00
120200315550,12,75.0,29.25,991.7431,18.324,2020-03-28 12:00:00
120200315550,13,74.75,28.75,991.85748,,2020-03-28 13:00:00
120200315550,14,74.75,29.25,991.51996,,2020-03-28 14:00:00
120200315550,15,74.5,29.5,991.84875,,2020-03-28 15:00:00
120200315550,16,74.5,30.0,991.54559,,2020-03-28 16:00:00
120200315550,17,74.25,30.25,991.71936,,2020-03-28 17:00:00
120200315550,18,74.0,30.75,991.57184,24.461,2020-03-28 18:00:00
120200315550,19,74.0,31.5,991.21436,24.519,2020-03-28 19:00:00
120200315550,20,73.75,32.0,991.33746,,2020-03-28 20:00:00
120200315550,21,73.5,32.75,991.28308,,2020-03-28 21:00:00
120200315550,22,73.25,33.25,991.61438,,2020-03-28 22:00:00
120200315550,23,73.0,34.0,990.90308,,2020-03-28 23:00:00
120200315550,24,72.75,34.5,991.3537,,2020-03-30 00:00:00
120200315550,25,72.75,35.0,990.99933,,2020-03-30 01:00:00
120200315550,26,72.5,35.75,991.25684,,2020-03-30 02:00:00
120200315550,27,72.25,36.25,991.0575,,2020-03-30 03:00:00
120200315550,28,71.75,37.0,991.67749,,2020-03-30 04:00:00
120200316070,0,69.5,43.25,982.11688,,2020-03-29 00:00:00
120200316070,1,69.0,44.0,983.08063,,2020-03-29 01:00:00
120200316070,2,69.0,44.5,983.20123,,2020-03-29 02:00:00
120200316070,3,69.0,45.0,984.1225,,2020-03-29 03:00:00
120200316070,4,68.75,46.0,984.69183,,2020-03-29 04:00:00
120200316070,5,68.5,47.0,985.78748,,2020-03-29 05:00:00
120200316070,6,68.25,49.0,985.37561,,2020-03-29 06:00:00
120200316070,7,68.25,49.0,987.56372,15.278,2020-03-29 07:00:00
120200316240,0,70.0,46.0,984.08997,,2020-03-29 00:00:00
120200316240,1,70.25,46.0,984.13745,,2020-03-29 01:00:00
120200316240,2,70.0,46.75,984.13873,,2020-03-29 02:00:00
120200316240,3,70.0,47.0,984.99121,,2020-03-29 03:00:00
120200316240,4,70.0,47.25,984.92438,,2020-03-29 04:00:00
120200316240,5,69.75,48.0,985.14185,,2020-03-29 05:00:00
120200316240,6,70.25,47.5,985.33435,,2020-03-29 06:00:00
120200316240,7,70.25,47.75,985.68121,,2020-03-29 07:00:00
120200316240,8,70.25,47.75,986.26123,18.719,2020-03-29 08:00:00
120200316240,9,70.25,47.75,986.91187,,2020-03-29 09:00:00
120200316240,10,70.0,48.0,986.99811,,2020-03-29 10:00:00
120200316240,11,70.0,48.0,987.67749,,2020-03-29 11:00:00
120200316240,12,70.0,48.0,987.60809,,2020-03-29 12:00:00
120200316240,13,69.75,48.0,988.73309,,2020-03-29 13:00:00
120200316240,14,69.75,48.0,988.88434,,2020-03-29 14:00:00
120200316240,15,69.75,48.0,989.01813,,2020-03-29 15:00:00
120200316240,16,69.75,48.0,989.54559,,2020-03-30 16:00:00
120200316240,17,69.75,48.0,989.84247,17.474,2020-03-30 17:00:00
120200316240,18,68.75,50.75,990.97937,28.79,2020-03-30 18:00:00
120200316240,19,68.75,50.5,991.11188,,2020-03-30 19:00:00
120200317000,0,70.75,37.5,1001.41937,,2020-03-30 00:00:00
120200317000,1,70.5,37.75,1002.0462,,2020-03-30 01:00:00
120200317000,2,70.0,38.25,1002.09308,,2020-03-30 02:00:00
120200317000,3,69.75,38.5,1002.98438,,2020-03-30 03:00:00
120200317000,4,69.25,39.25,1002.90808,,2020-03-30 04:00:00
120200317000,5,68.75,39.0,1004.91437,,2020-03-30 05:00:00
120200317000,6,68.5,39.75,1004.84686,,2020-03-30 06:00:00
120200317000,7,68.5,39.75,1004.55682,21.862,2020-03-30 07:00:00
120200317000,8,68.25,42.75,1003.36621,18.624,2020-03-30 08:00:00
120200317000,9,68.0,43.0,1003.63995,,2020-03-30 09:00:00
120200317000,10,67.75,43.0,1004.22186,18.187,2020-03-30 10:00:00
120200317000,11,67.25,42.75,1006.01935,,2020-03-30 11:00:00
120200400340,0,66.25,-26.75,1002.07312,,2020-04-01 00:00:00
120200400340,1,66.25,-25.0,1000.38562,,2020-04-01 01:00:00
120200400340,2,66.5,-24.0,998.1731,,2020-04-01 02:00:00
120200400340,3,66.5,-24.0,996.44934,,2020-04-01 03:00:00
120200400340,4,66.5,-24.0,996.74811,,2020-04-01 04:00:00
120200400340,5,66.5,-24.0,997.28687,,2020-04-01 05:00:00
120200400340,6,66.5,-24.0,998.23248,,2020-04-01 06:00:00
120200400340,7,66.5,-24.0,998.75122,,2020-04-01 07:00:00
120200400340,8,66.0,-24.75,1003.39246,,2020-04-01 08:00:00
120200400340,9,66.0,-24.75,1002.87183,,2020-04-01 09:00:00
120200400340,10,65.75,-25.0,1004.14996,,2020-04-01 10:00:00
120200400340,11,65.25,-25.0,1004.96124,,2020-04-01 11:00:00
120200400340,12,65.0,-24.75,1005.24249,20.162,2020-04-01 12:00:00
120200400340,13,65.0,-24.75,1006.78186,,2020-04-01 13:00:00
120200400340,14,64.5,-24.5,1007.27185,,2020-04-01 14:00:00
120200400340,15,64.25,-23.25,1007.67621,,2020-04-01 15:00:00
120200400640,0,72.25,20.5,994.97687,,2020-04-01 00:00:00
120200400640,1,72.25,20.25,993.9837,,2020-04-01 01:00:00
120200400640,2,72.5,20.25,993.14996,,2020-04-01 02:00:00
120200400640,3,72.5,20.0,991.22998,,2020-04-01 03:00:00
120200400640,4,72.75,19.75,990.40686,,2020-04-01 04:00:00
120200400640,5,72.75,19.75,989.48438,,2020-04-02 05:00:00
120200400640,6,73.0,20.25,988.59497,,2020-04-02 06:00:00
120200400640,7,73.0,20.0,987.48999,,2020-04-02 07:00:00
120200400640,8,73.0,20.0,986.65808,23.855,2020-04-02 08:00:00
120200400640,9,73.0,20.0,985.65747,24.125,2020-04-02 09:00:00
120200400640,10,73.25,20.5,985.58746,,2020-04-02 10:00:00
120200400640,11,73.25,20.25,984.51312,,2020-04-02 11:00:00
120200400640,12,73.5,21.0,984.11871,,2020-04-02 12:00:00
120200400640,13,73.5,21.0,983.27374,,2020-04-02 13:00:00
120200400640,14,73.5,21.0,982.50751,,2020-04-02 14:00:00
120200400640,15,73.75,21.75,982.34875,,2020-04-02 15:00:00
120200400640,16,73.75,21.75,982.1275,,2020-04-02 16:00:00
120200400640,17,74.0,22.25,982.1756,28.303,2020-04-02 17:00:00
120200400640,18,74.25,23.0,981.80933,28.512,2020-04-02 18:00:00
120200400640,19,74.25,23.0,981.15497,,2020-04-02 19:00:00
120200400640,20,74.5,23.25,981.27313,,2020-04-02 20:00:00
120200400640,21,74.75,23.75,981.06683,,2020-04-02 21:00:00
120200400640,22,74.75,23.75,980.88684,,2020-04-02 22:00:00
120200400640,23,75.0,24.25,981.2356,,2020-04-02 23:00:00
120200400640,24,75.25,24.75,981.69623,,2020-04-03 00:00:00
120200400640,25,75.25,24.75,982.06183,,2020-04-03 01:00:00
120200400640,26,75.5,25.25,982.38995,,2020-04-03 02:00:00
120200400640,27,75.5,25.25,984.13623,,2020-04-03 03:00:00
120200400640,28,75.75,25.5,984.83807,,2020-04-03 04:00:00
120200400640,29,76.0,26.25,985.86688,,2020-04-04 05:00:00
120200400640,30,76.0,25.75,985.9975,,2020-04-04 06:00:00
120200400640,31,76.25,26.5,986.83374,,2020-04-04 07:00:00
120200400640,32,76.25,26.25,987.09375,,2020-04-04 08:00:00
120200400640,33,76.25,26.0,987.36871,,2020-04-04 09:00:00
120200400640,34,76.25,25.75,987.57684,,2020-04-04 10:00:00
120200400640,35,76.25,25.5,987.80872,,2020-04-04 11:00:00
120200400640,36,76.25,25.0,988.28998,,2020-04-04 12:00:00
120200400640,37,76.25,24.25,989.00372,,2020-04-04 13:00:00
120200400640,38,76.25,23.75,989.38995,,2020-04-04 14:00:00
120200402450,0,74.25,13.25,999.02875,,2020-04-04 00:00:00
120200402450,1,74.25,12.5,999.65436,,2020-04-04 01:00:00
120200402450,2,74.25,11.5,1000.36499,,2020-04-04 02:00:00
120200402450,3,74.0,11.25,999.96747,,2020-04-04 03:00:00
120200402450,4,74.0,10.5,1000.46124,,2020-04-04 04:00:00
120200402450,5,73.75,10.75,999.92688,,2020-04-04 05:00:00
120200402450,6,73.75,9.75,1000.19873,,2020-04-04 06:00:00
120200402450,7,73.75,8.75,1000.63812,,2020-04-04 07:00:00
120200402450,8,73.5,8.25,1001.05811,,2020-04-04 08:00:00
120200402450,9,73.25,7.75,1001.7406,33.326,2020-04-04 09:00:00
120200402450,10,73.0,7.5,1002.98248,,2020-04-04 10:00:00
120200402450,11,73.0,6.25,1003.87811,30.678,2020-04-04 11:00:00
120200402450,12,72.75,7.5,1003.79871,32.045,2020-04-05 12:00:00
120200402450,13,72.5,8.0,1004.02625,,2020-04-05 13:00:00
120200402450,14,72.5,8.0,1004.42059,,2020-04-05 14:00:00
120200402450,15,72.25,7.75,1005.41998,,2020-04-05 15:00:00
120200402450,16,72.0,8.0,1006.00623,,2020-04-05 16:00:00
120200402450,17,72.0,8.25,1006.78876,,2020-04-05 17:00:00
120200402450,18,72.0,8.5,1007.4375,30.930000000000003,2020-04-05 18:00:00
120200402450,19,71.75,8.5,1008.44812,30.691000000000003,2020-04-05 19:00:00
120200402450,20,71.75,9.0,1009.33563,29.554,2020-04-05 20:00:00
120200402450,21,71.5,9.0,1010.39874,28.376,2020-04-05 21:00:00
120200402450,22,71.5,9.0,1013.00684,,2020-04-05 22:00:00
120200402450,23,71.5,9.0,1013.91437,,2020-04-05 23:00:00
120200402450,24,71.5,9.0,1014.91376,,2020-04-06 00:00:00
120200402450,25,71.5,9.5,1015.41748,,2020-04-06 01:00:00
120200402450,26,71.5,10.0,1015.7431,,2020-04-06 02:00:00
120200402450,27,71.5,10.5,1016.31061,,2020-04-06 03:00:00
120200402450,28,71.5,10.75,1016.78876,,2020-04-06 04:00:00
120200402450,29,71.5,11.0,1016.94183,,2020-04-06 05:00:00
120200402450,30,71.5,11.25,1017.13562,,2020-04-06 06:00:00
120200403100,0,58.75,-57.25,1001.33685,20.257,2020-04-05 00:00:00
120200403100,1,58.5,-57.5,1001.41809,20.252,2020-04-05 01:00:00
120200403100,2,58.25,-57.5,1001.1925,,2020-04-05 02:00:00
120200403100,3,58.0,-57.5,1001.34186,,2020-04-05 03:00:00
120200403100,4,57.5,-57.5,1001.59625,,2020-04-05 04:00:00
120200403100,5,57.25,-57.25,1001.59747,,2020-04-06 05:00:00
120200403100,6,57.25,-57.5,1001.42688,,2020-04-06 06:00:00
120200403100,7,57.0,-57.25,1001.04999,,2020-04-06 07:00:00
120200403100,8,57.0,-56.75,1000.89563,,2020-04-06 08:00:00
120200403100,9,56.75,-56.5,1000.66376,,2020-04-06 09:00:00
120200403100,10,56.75,-56.25,999.97626,,2020-04-06 10:00:00
120200403100,11,56.75,-56.25,999.7981,,2020-04-06 11:00:00
120200403100,12,56.5,-56.25,999.5506,,2020-04-06 12:00:00
120200403100,13,56.5,-56.0,999.07684,,2020-04-06 13:00:00
120200403100,14,56.5,-56.0,999.14996,,2020-04-06 14:00:00
120200403480,0,60.5,-11.0,1005.45935,,2020-04-07 00:00:00
120200403480,1,61.0,-9.75,1006.00934,,2020-04-07 01:00:00
120200403480,2,61.75,-9.0,1005.41309,,2020-04-07 02:00:00
120200403480,3,62.25,-7.75,1005.31061,,2020-04-07 03:00:00
120200403480,4,63.0,-6.5,1005.22687,,2020-04-07 04:00:00
120200403480,5,63.5,-5.25,1004.85437,,2020-04-07 05:00:00
120200403480,6,64.0,-4.0,1005.11438,,2020-04-07 06:00:00
120200403480,7,65.0,-3.0,1003.85059,,2020-04-07 07:00:00
120200403480,8,65.5,-1.75,1003.95624,,2020-04-07 08:00:00
120200403480,9,66.25,-0.75,1002.49811,,2020-04-07 09:00:00
120200403480,10,67.0,0.75,1001.6781,,2020-04-07 10:00:00
120200403480,11,67.5,2.0,1000.54938,,2020-04-07 11:00:00
120200403480,12,68.0,3.25,999.67188,,2020-04-07 12:00:00
120200403480,13,68.5,4.75,998.89746,,2020-04-07 13:00:00
120200403480,14,68.75,6.25,997.8125,,2020-04-07 14:00:00
120200403480,15,69.25,7.5,996.69312,,2020-04-07 15:00:00
120200403480,16,69.5,9.0,995.15747,,2020-04-07 16:00:00
120200403480,17,69.75,10.5,994.13184,,2020-04-07 17:00:00
120200403480,18,70.25,12.5,993.47125,,2020-04-07 18:00:00
120200403480,19,70.5,14.0,992.42371,39.186,2020-04-07 19:00:00
120200403480,20,70.5,15.5,992.72375,38.73,2020-04-07 20:00:00
120200403480,21,70.75,17.0,991.26874,37.158,2020-04-07 21:00:00
120200403480,22,70.75,18.25,992.38495,42.026,2020-04-07 22:00:00
120200403480,23,70.75,19.75,993.2356,,2020-04-08 23:00:00
120200403480,24,70.75,20.75,994.07312,,2020-04-09 00:00:00
120200403480,25,71.0,22.25,992.99371,,2020-04-09 01:00:00
120200403480,26,71.25,23.25,992.6825,,2020-04-09 02:00:00
120200403830,0,75.0,40.0,990.30249,,2020-04-07 00:00:00
120200403830,1,75.5,40.75,988.69373,,2020-04-07 01:00:00
120200403830,2,75.75,42.0,988.26746,,2020-04-07 02:00:00
120200403830,3,76.0,42.75,986.6925,,2020-04-07 03:00:00
120200403830,4,76.25,43.75,986.20996,,2020-04-07 04:00:00
120200403830,5,76.75,43.25,984.6106,,2020-04-08 05:00:00
120200403830,6,77.0,44.25,984.22809,,2020-04-08 06:00:00
120200403830,7,77.25,45.0,984.01746,,2020-04-08 07:00:00
120200403830,8,77.25,43.75,981.27124,,2020-04-08 08:00:00
120200403830,9,77.5,44.25,980.96063,,2020-04-08 09:00:00
120200403830,10,77.5,44.25,979.6087,,2020-04-08 10:00:00
120200403830,11,77.75,44.5,979.77313,,2020-04-08 11:00:00
120200403830,12,77.75,44.5,978.90247,,2020-04-08 12:00:00
120200403830,13,78.0,45.0,978.85748,,2020-04-08 13:00:00
120200403830,14,78.0,44.75,979.04688,,2020-04-08 14:00:00
120200403830,15,78.0,44.75,979.29871,,2020-04-08 15:00:00
120200403830,16,78.25,45.5,979.13562,,2020-04-08 16:00:00
120200403830,17,78.0,45.75,978.07184,,2020-04-08 17:00:00
120200403830,18,78.0,46.25,977.17249,,2020-04-08 18:00:00
120200403830,19,78.25,46.75,976.73248,,2020-04-08 19:00:00
120200403830,20,78.25,47.25,976.61121,,2020-04-08 20:00:00
120200403830,21,78.5,47.5,976.35309,,2020-04-08 21:00:00
120200403830,22,78.5,48.0,975.99872,,2020-04-08 22:00:00
120200403830,23,78.5,48.25,976.19684,,2020-04-08 23:00:00
120200403830,24,78.75,48.5,976.11371,,2020-04-09 00:00:00
120200403830,25,78.75,48.25,976.25061,,2020-04-09 01:00:00
120200403830,26,79.25,48.75,977.02124,,2020-04-09 02:00:00
120200403830,27,79.25,48.25,976.66437,,2020-04-09 03:00:00
120200403830,28,79.25,47.75,976.67688,,2020-04-09 04:00:00
120200403830,29,79.25,47.75,976.15808,,2020-04-10 05:00:00
120200403830,30,79.0,46.75,975.44,,2020-04-10 06:00:00
120200403830,31,79.0,46.0,975.3775,,2020-04-10 07:00:00
120200403830,32,78.75,45.25,975.14563,37.936,2020-04-10 08:00:00
120200403830,33,78.75,45.0,974.99432,38.875,2020-04-10 09:00:00
120200403830,34,78.5,44.5,974.73749,39.138,2020-04-10 10:00:00
120200403830,35,78.5,44.25,974.51874,,2020-04-10 11:00:00
120200403830,36,78.25,44.0,974.58496,,2020-04-10 12:00:00
120200403830,37,78.25,43.75,974.76874,,2020-04-10 13:00:00
120200403830,38,78.0,43.75,975.36499,,2020-04-10 14:00:00
120200403830,39,78.0,43.75,975.27875,,2020-04-10 15:00:00
120200403830,40,78.0,43.5,976.24683,,2020-04-10 16:00:00
120200403830,41,77.75,43.75,976.28058,37.152,2020-04-10 17:00:00
120200403830,42,77.75,43.75,976.60187,36.657,2020-04-10 18:00:00
120200403830,43,77.75,43.75,976.83374,,2020-04-10 19:00:00
120200403830,44,77.5,44.25,977.45312,,2020-04-10 20:00:00
120200403830,45,77.5,44.25,977.60559,,2020-04-10 21:00:00
120200403830,46,77.5,44.25,977.60059,,2020-04-10 22:00:00
120200403830,47,77.25,44.5,978.20813,,2020-04-10 23:00:00
120200403830,48,77.25,44.5,978.25372,,2020-04-11 00:00:00
120200403830,49,77.25,44.5,978.50122,,2020-04-11 01:00:00
120200403830,50,77.25,44.5,979.03436,,2020-04-11 02:00:00
120200403830,51,77.0,44.25,979.52374,,2020-04-11 03:00:00
120200403830,52,77.0,44.25,980.005,,2020-04-11 04:00:00
120200403830,53,77.0,44.25,980.26312,,2020-04-12 05:00:00
120200403830,54,77.0,44.5,980.45435,,2020-04-12 06:00:00
120200403830,55,77.0,44.25,981.02246,,2020-04-12 07:00:00
120200403830,56,76.75,43.75,981.86621,,2020-04-12 08:00:00
120200403830,57,76.75,43.5,982.05621,,2020-04-12 09:00:00
120200403830,58,76.5,42.75,983.06372,,2020-04-12 10:00:00
120200403830,59,76.25,42.25,983.39624,,2020-04-12 11:00:00
120200403830,60,76.0,42.0,984.14624,,2020-04-12 12:00:00
120200403830,61,75.75,41.75,985.1106,,2020-04-12 13:00:00
120200403830,62,75.75,41.75,985.84558,,2020-04-12 14:00:00
120200403830,63,75.5,42.25,986.83185,,2020-04-12 15:00:00
120200403830,64,75.5,42.0,987.6731,,2020-04-12 16:00:00
120200403830,65,75.25,42.75,988.11249,,2020-04-12 17:00:00
120200403830,66,75.25,43.5,988.50372,,2020-04-12 18:00:00
120200403830,67,75.0,43.75,989.25061,,2020-04-12 19:00:00
120200403830,68,74.75,44.0,989.95746,,2020-04-12 20:00:00
120200403830,69,74.5,44.5,990.66058,,2020-04-12 21:00:00
120200403830,70,74.5,45.25,990.78125,,2020-04-12 22:00:00
120200403830,71,74.5,46.0,991.08496,,2020-04-12 23:00:00
120200403830,72,74.5,46.5,991.3562,,2020-04-13 00:00:00
120200403830,73,74.25,47.25,992.05188,,2020-04-13 01:00:00
120200403830,74,74.75,47.25,991.65997,,2020-04-13 02:00:00
120200403830,75,74.75,47.0,991.77625,,2020-04-13 03:00:00
120200403830,76,74.75,47.0,992.3562,,2020-04-13 04:00:00
120200403830,77,74.75,47.75,992.8056,,2020-04-14 05:00:00
120200403830,78,74.75,48.0,992.89496,,2020-04-14 06:00:00
120200403830,79,74.75,48.0,993.09686,,2020-04-14 07:00:00
120200403830,80,74.75,47.75,993.6662,,2020-04-14 08:00:00
120200403830,81,74.5,47.75,994.00873,,2020-04-14 09:00:00
120200403830,82,74.5,47.75,994.56061,,2020-04-14 10:00:00
120200403830,83,74.5,48.0,994.90125,,2020-04-14 11:00:00
120200403830,84,74.25,50.75,995.08496,,2020-04-14 12:00:00
120200403830,85,74.25,52.0,995.58435,,2020-04-14 13:00:00
120200403830,86,74.25,53.5,996.6106,,2020-04-14 14:00:00
120200403830,87,74.5,52.25,996.36249,,2020-04-14 15:00:00
120200403830,88,74.5,53.25,997.34308,,2020-04-14 16:00:00
120200403830,89,74.75,52.75,996.72626,,2020-04-14 17:00:00
120200403830,90,75.0,52.75,996.79059,,2020-04-14 18:00:00
120200403830,91,75.0,52.5,996.75061,,2020-04-14 19:00:00
120200403830,92,75.0,52.75,996.90375,,2020-04-14 20:00:00
120200403830,93,75.0,53.0,997.10999,,2020-04-14 21:00:00
120200403830,94,75.0,53.25,997.14746,,2020-04-14 22:00:00
120200403830,95,75.0,53.5,997.34937,,2020-04-14 23:00:00
120200403830,96,75.0,53.75,997.29749,,2020-04-15 00:00:00
120200403830,97,75.0,54.5,997.59625,,2020-04-15 01:00:00
120200403830,98,75.0,55.0,997.88873,,2020-04-15 02:00:00
120200409050,0,65.0,-53.25,995.51562,,2020-04-19 00:00:00
120200409050,1,65.75,-54.0,994.23938,,2020-04-19 01:00:00
120200409050,2,66.25,-54.75,993.65686,,2020-04-19 02:00:00
120200409050,3,66.75,-54.75,993.71436,,2020-04-19 03:00:00
120200409050,4,67.5,-57.5,991.76874,,2020-04-19 04:00:00
120200409050,5,68.0,-57.75,991.4856,,2020-04-19 05:00:00
120200409050,6,68.5,-58.25,991.57184,,2020-04-19 06:00:00
120200409050,7,69.0,-58.75,991.3606,,2020-04-19 07:00:00
120200409050,8,69.5,-59.25,991.39874,,2020-04-19 08:00:00
120200409050,9,70.0,-59.75,991.2287,,2020-04-19 09:00:00
120200409050,10,70.25,-60.5,991.34937,,2020-04-19 10:00:00
120200409050,11,70.75,-61.5,990.94934,,2020-04-19 11:00:00
120200409050,12,71.25,-62.5,990.18121,,2020-04-19 12:00:00
120200409050,13,71.75,-63.5,989.935,,2020-04-19 13:00:00
120200409050,14,72.0,-64.25,989.83936,33.550000000000004,2020-04-19 14:00:00
120200409050,15,72.5,-64.75,990.13312,32.49,2020-04-19 15:00:00
120200409050,16,72.75,-65.5,990.26495,31.891,2020-04-19 16:00:00
120200409050,17,73.25,-66.0,991.70435,31.93,2020-04-19 17:00:00
120200409050,18,73.5,-67.0,991.4425,,2020-04-19 18:00:00
120200409050,19,73.75,-67.75,992.43182,,2020-04-19 19:00:00
120200409050,20,74.0,-68.5,993.11371,,2020-04-19 20:00:00
120200409050,21,74.25,-69.25,993.9931,,2020-04-19 21:00:00
120200409050,22,74.5,-70.0,994.7287,,2020-04-19 22:00:00
120200409050,23,75.0,-71.0,996.125,,2020-04-20 23:00:00
120200409050,24,75.25,-71.75,997.0675,,2020-04-21 00:00:00
120200409050,25,75.5,-72.5,997.81622,,2020-04-21 01:00:00
120200409050,26,75.75,-73.25,998.64746,,2020-04-21 02:00:00
120200409050,27,76.0,-74.0,998.99371,,2020-04-21 03:00:00
120200409050,28,76.0,-74.0,999.22498,,2020-04-21 04:00:00
120200409050,29,76.25,-74.5,999.76813,,2020-04-21 05:00:00
120200409050,30,76.5,-75.0,1000.72437,,2020-04-21 06:00:00
120200409050,31,76.5,-76.0,1001.24371,,2020-04-21 07:00:00
120200409050,32,76.75,-76.5,1002.4881,,2020-04-21 08:00:00
120200409050,33,76.75,-76.5,1003.53497,,2020-04-21 09:00:00
120200409050,34,77.0,-76.5,1005.28748,,2020-04-21 10:00:00
120200409050,35,77.25,-76.5,1006.33185,,2020-04-21 11:00:00
120200409050,36,77.25,-76.75,1007.76624,,2020-04-21 12:00:00
120200409050,37,77.5,-76.5,1009.21124,,2020-04-21 13:00:00
120200409050,38,77.5,-76.5,1010.13812,,2020-04-21 14:00:00
120200409120,0,62.5,-59.25,991.94562,,2020-04-19 00:00:00
120200409120,1,63.0,-59.0,991.68311,,2020-04-19 01:00:00
120200409120,2,63.5,-58.75,991.53436,,2020-04-19 02:00:00
120200409120,3,63.75,-59.0,991.04749,,2020-04-19 03:00:00
120200409120,4,64.25,-58.75,989.07996,,2020-04-19 04:00:00
120200409120,5,64.75,-59.0,988.78186,,2020-04-19 05:00:00
120200409120,6,65.25,-59.0,988.90936,,2020-04-19 06:00:00
120200409120,7,65.75,-59.0,989.50873,,2020-04-19 07:00:00
120200409120,8,66.25,-59.0,990.03247,,2020-04-19 08:00:00
120200409120,9,66.75,-58.75,990.1131,,2020-04-19 09:00:00
120200409120,10,67.25,-58.75,990.84186,,2020-04-19 10:00:00
120200409120,11,68.25,-59.0,991.32373,,2020-04-19 11:00:00
120200409120,12,68.75,-59.25,991.66687,,2020-04-19 12:00:00
120200409120,13,69.25,-59.5,992.47247,,2020-04-19 13:00:00
120200409120,14,69.75,-59.75,993.52313,,2020-04-19 14:00:00
120200409120,15,70.25,-59.75,993.72375,,2020-04-19 15:00:00
120200409120,16,70.75,-59.5,993.79059,,2020-04-19 16:00:00
120200409120,17,71.5,-60.25,994.66498,,2020-04-19 17:00:00
120200409120,18,72.0,-59.25,995.69745,,2020-04-20 18:00:00
120200409120,19,72.75,-61.75,995.9162,,2020-04-20 19:00:00
120200409120,20,73.25,-62.25,996.09625,,2020-04-20 20:00:00
120200409120,21,73.75,-62.75,996.4837,,2020-04-20 21:00:00
120200409120,22,74.25,-63.25,997.02875,,2020-04-20 22:00:00
120200409120,23,75.0,-62.0,998.4212,,2020-04-20 23:00:00
120200409120,24,75.5,-62.5,999.95685,,2020-04-21 00:00:00
120200409120,25,75.5,-63.0,1002.57935,,2020-04-21 01:00:00
120200503360,0,77.25,3.75,1000.64685,,2020-05-07 00:00:00
120200503360,1,77.0,4.0,1000.37933,,2020-05-07 01:00:00
120200503360,2,77.0,4.0,1000.22437,,2020-05-07 02:00:00
120200503360,3,76.75,4.75,999.62,,2020-05-07 03:00:00
120200503360,4,76.5,5.25,999.48187,,2020-05-07 04:00:00
120200503360,5,76.25,6.25,999.09937,,2020-05-07 05:00:00
120200503360,6,76.25,7.0,998.45496,,2020-05-07 06:00:00
120200503360,7,76.25,7.25,997.96375,,2020-05-07 07:00:00
120200503360,8,76.0,6.25,998.92871,,2020-05-07 08:00:00
120200503360,9,76.0,6.75,998.21185,,2020-05-07 09:00:00
120200503360,10,75.75,7.0,997.87372,,2020-05-08 10:00:00
120200503360,11,75.75,7.75,997.39185,20.262,2020-05-08 11:00:00
120200503360,12,75.5,8.0,997.125,20.057,2020-05-08 12:00:00
120200503360,13,75.5,8.5,996.7312,,2020-05-08 13:00:00
120200503360,14,75.25,8.75,996.62061,,2020-05-08 14:00:00
120200503360,15,75.25,8.75,996.56311,,2020-05-08 15:00:00
120200503360,16,75.0,9.5,996.31061,,2020-05-08 16:00:00
120200503360,17,75.0,9.5,996.39996,,2020-05-08 17:00:00
120200503360,18,74.75,10.75,996.23438,18.425,2020-05-08 18:00:00
120200503360,19,74.75,11.25,996.16559,17.554,2020-05-08 19:00:00
120200503360,20,75.0,8.75,996.5506,,2020-05-08 20:00:00
120200503360,21,74.75,9.5,996.55188,,2020-05-08 21:00:00
120200503360,22,74.75,11.25,995.95563,,2020-05-08 22:00:00
120200503360,23,74.75,11.5,996.07373,,2020-05-08 23:00:00
120200503360,24,74.75,12.0,996.16248,,2020-05-09 00:00:00
120200503360,25,74.75,12.5,996.17938,,2020-05-09 01:00:00
120200503360,26,74.5,12.0,996.70123,,2020-05-09 02:00:00
120200503360,27,74.5,12.25,996.73999,,2020-05-09 03:00:00
120200503360,28,73.75,8.25,998.87683,,2020-05-09 04:00:00
120200503360,29,73.75,9.0,998.65186,,2020-05-09 05:00:00
120200503360,30,73.5,9.0,998.7356,,2020-05-09 06:00:00
120200503360,31,73.25,9.25,999.59747,,2020-05-09 07:00:00
120200503930,0,72.5,11.5,999.61932,,2020-05-09 00:00:00
120200503930,1,72.5,11.75,999.20746,,2020-05-09 01:00:00
120200503930,2,72.5,12.0,999.27625,,2020-05-09 02:00:00
120200503930,3,72.25,12.25,999.34247,,2020-05-09 03:00:00
120200503930,4,72.25,12.5,999.12683,,2020-05-09 04:00:00
120200503930,5,72.25,13.0,999.03125,,2020-05-09 05:00:00
120200503930,6,72.0,13.25,999.19122,,2020-05-09 06:00:00
120200503930,7,72.0,14.0,999.19745,,2020-05-09 07:00:00
120200503930,8,72.0,14.5,999.23999,,2020-05-09 08:00:00
120200503930,9,72.0,15.0,998.95062,24.19800000000001,2020-05-09 09:00:00
120200503930,10,72.0,15.25,998.87622,,2020-05-09 10:00:00
120200503930,11,72.0,15.75,998.79559,22.22,2020-05-09 11:00:00
120200503930,12,71.75,16.0,999.05438,,2020-05-09 12:00:00
120200503930,13,72.0,16.5,998.77625,,2020-05-09 13:00:00
120200503930,14,72.25,16.75,998.77246,,2020-05-09 14:00:00
120200503930,15,72.25,17.0,998.83313,,2020-05-09 15:00:00
120200503930,16,72.25,17.5,998.90247,,2020-05-09 16:00:00
120200503930,17,72.25,17.75,998.74872,,2020-05-09 17:00:00
120200503930,18,72.25,18.0,998.24872,,2020-05-09 18:00:00
120200503930,19,72.25,18.0,998.40936,24.577,2020-05-09 19:00:00
120200503930,20,72.5,17.75,998.58374,23.091,2020-05-10 20:00:00
120200503930,21,72.5,17.5,998.46375,22.908,2020-05-10 21:00:00
120200503930,22,72.25,17.25,998.7431,,2020-05-10 22:00:00
120200503930,23,72.25,21.0,999.28937,,2020-05-10 23:00:00
120200503930,24,72.25,21.5,999.59497,,2020-05-11 00:00:00
120200503930,25,72.25,22.0,1000.12872,,2020-05-11 01:00:00
120200504400,0,72.25,17.75,998.98438,,2020-05-10 00:00:00
120200504400,1,72.5,18.0,999.28748,,2020-05-10 01:00:00
120200504400,2,72.5,18.0,999.33374,,2020-05-10 02:00:00
120200504400,3,72.5,18.0,999.79749,,2020-05-10 03:00:00
120200504400,4,72.25,17.75,999.4425,,2020-05-10 04:00:00
120200504400,5,72.25,19.0,999.29309,,2020-05-10 05:00:00
120200504400,6,72.25,19.5,999.45374,,2020-05-10 06:00:00
120200504400,7,72.5,20.0,999.7937,,2020-05-10 07:00:00
120200504400,8,72.5,20.25,999.81433,,2020-05-10 08:00:00
120200504400,9,72.5,20.0,999.74432,22.472,2020-05-10 09:00:00
120200504400,10,72.5,20.0,999.69,22.614,2020-05-10 10:00:00
120200504400,11,72.75,19.75,999.85559,22.895,2020-05-10 11:00:00
120200504400,12,72.75,19.75,1000.07123,,2020-05-10 12:00:00
120200504400,13,72.75,19.5,999.80811,,2020-05-10 13:00:00
120200504400,14,72.75,19.0,999.9231,,2020-05-10 14:00:00
120200504400,15,72.75,18.5,999.97687,,2020-05-10 15:00:00
120200504400,16,72.5,17.75,1000.00684,,2020-05-10 16:00:00
120200504400,17,72.5,17.5,999.77936,,2020-05-10 17:00:00
120200504400,18,72.25,17.75,999.16248,,2020-05-11 18:00:00
120200504400,19,71.75,18.25,998.37933,,2020-05-11 19:00:00
120200504400,20,71.75,17.75,998.07312,23.214,2020-05-11 20:00:00
120200504400,21,71.75,17.5,997.87433,24.682,2020-05-11 21:00:00
120200504400,22,71.75,17.25,997.49249,,2020-05-11 22:00:00
120200504400,23,71.5,17.5,997.02936,,2020-05-11 23:00:00
120200504400,24,71.5,17.25,996.65247,,2020-05-12 00:00:00
120200504400,25,71.25,17.0,996.50183,,2020-05-12 01:00:00
120200504400,26,71.25,16.5,996.53687,,2020-05-12 02:00:00
120200504400,27,71.0,16.5,996.15057,,2020-05-12 03:00:00
120200504400,28,70.75,16.0,996.33374,,2020-05-12 04:00:00
120200504400,29,70.25,17.25,996.12622,,2020-05-12 05:00:00
120200504400,30,70.0,17.25,996.03937,,2020-05-12 06:00:00
120200504400,31,69.75,16.5,996.09125,,2020-05-12 07:00:00
120200504400,32,69.75,16.5,995.75873,,2020-05-12 08:00:00
120200907400,0,65.0,-32.75,988.4212,,2020-09-20 00:00:00
120200907400,1,65.0,-32.25,988.1662,,2020-09-20 01:00:00
120200907400,2,65.0,-32.25,988.30438,,2020-09-20 02:00:00
120200907400,3,65.0,-32.0,988.43311,,2020-09-21 03:00:00
120200907400,4,65.0,-32.25,988.73938,,2020-09-21 04:00:00
120200907400,5,65.0,-31.75,988.11621,,2020-09-21 05:00:00
120200907400,6,65.0,-31.0,988.42938,,2020-09-21 06:00:00
120200907400,7,65.0,-30.75,988.07874,,2020-09-21 07:00:00
120200907400,8,65.0,-30.75,988.67621,,2020-09-21 08:00:00
120200907400,9,64.75,-32.0,989.47998,,2020-09-21 09:00:00
120200907400,10,64.75,-32.0,989.86871,,2020-09-21 10:00:00
120200907400,11,64.75,-32.0,990.37311,,2020-09-21 11:00:00
120200907400,12,65.0,-31.0,990.08807,,2020-09-21 12:00:00
120200907400,13,65.0,-30.75,989.90686,22.344,2020-09-21 13:00:00
120200907400,14,65.0,-29.75,989.79498,,2020-09-21 14:00:00
120200907400,15,65.0,-29.5,989.89624,,2020-09-21 15:00:00
120200907400,16,65.0,-29.5,990.57745,,2020-09-21 16:00:00
120200907400,17,65.0,-29.25,990.6037,,2020-09-21 17:00:00
120200907400,18,65.0,-28.75,990.6925,,2020-09-21 18:00:00
120200907400,19,65.25,-27.75,990.58563,,2020-09-21 19:00:00
120200907400,20,65.75,-25.0,991.35999,,2020-09-21 20:00:00
120200907400,21,65.5,-25.0,990.55249,,2020-09-21 21:00:00
120200907400,22,65.5,-25.0,990.40808,26.589,2020-09-21 22:00:00
120200907400,23,65.5,-25.0,991.02557,25.065,2020-09-21 23:00:00
120200907400,24,65.25,-25.0,990.82996,,2020-09-22 00:00:00
120200907400,25,65.25,-25.0,990.90997,,2020-09-22 01:00:00
120200907400,26,65.0,-24.75,991.48059,,2020-09-22 02:00:00
120200907400,27,65.0,-24.75,991.78436,,2020-09-23 03:00:00
120200907400,28,65.0,-24.75,992.09308,,2020-09-23 04:00:00
120200907400,29,65.0,-24.75,992.02374,,2020-09-23 05:00:00
120200907400,30,64.5,-24.75,991.86371,,2020-09-23 06:00:00
120200907400,31,64.5,-24.5,991.64746,,2020-09-23 07:00:00
120200907400,32,64.25,-24.0,991.96936,,2020-09-23 08:00:00
120200907400,33,64.25,-23.25,991.70374,,2020-09-23 09:00:00
120200907400,34,64.25,-23.25,991.79999,,2020-09-23 10:00:00
120200907400,35,64.25,-23.25,991.9931,,2020-09-23 11:00:00
120201003350,0,63.25,-86.5,985.46124,,2020-10-07 00:00:00
120201003350,1,63.25,-86.5,986.07184,,2020-10-07 01:00:00
120201003350,2,63.25,-86.5,986.22058,,2020-10-07 02:00:00
120201003350,3,62.75,-86.25,986.73187,,2020-10-07 03:00:00
120201003350,4,62.5,-86.0,987.07123,19.949,2020-10-08 04:00:00
120201003350,5,62.25,-85.75,987.35437,,2020-10-08 05:00:00
120201003350,6,62.25,-85.0,987.33435,,2020-10-08 06:00:00
120201003350,7,62.0,-84.75,987.5625,,2020-10-08 07:00:00
120201003350,8,62.0,-84.5,987.69061,,2020-10-08 08:00:00
120201003350,9,62.0,-84.5,988.06311,,2020-10-08 09:00:00
120201003350,10,62.0,-84.5,988.56122,,2020-10-08 10:00:00
120201003350,11,61.75,-83.75,988.80811,,2020-10-08 11:00:00
120201003350,12,61.75,-83.75,989.37433,,2020-10-08 12:00:00
120201003350,13,61.75,-83.75,989.71307,,2020-10-08 13:00:00
120201003350,14,61.75,-83.5,989.8606,,2020-10-08 14:00:00
120201003350,15,61.75,-83.75,990.75061,,2020-10-08 15:00:00
120201003350,16,61.75,-83.75,990.87683,,2020-10-08 16:00:00
120201003350,17,61.75,-83.75,991.39185,,2020-10-08 17:00:00
120201003350,18,61.75,-83.5,992.06433,19.262,2020-10-08 18:00:00
120201003350,19,61.5,-83.5,992.22687,,2020-10-08 19:00:00
120201003350,20,61.25,-83.5,992.8562,,2020-10-08 20:00:00
120201003350,21,61.25,-83.5,993.41687,,2020-10-08 21:00:00
120201003350,22,61.0,-83.5,994.13934,,2020-10-08 22:00:00
120201003350,23,61.0,-83.25,994.61499,,2020-10-08 23:00:00
120201003350,24,60.75,-83.25,995.30682,,2020-10-09 00:00:00
120201003350,25,60.75,-83.0,995.78436,,2020-10-09 01:00:00
120201003350,26,60.5,-82.75,996.29248,16.899,2020-10-09 02:00:00
120201003350,27,60.25,-82.5,997.08313,16.463,2020-10-09 03:00:00
120201003350,28,60.25,-82.25,997.2431,,2020-10-10 04:00:00
120201003350,29,60.0,-81.75,997.99121,,2020-10-10 05:00:00
120201003350,30,60.0,-81.5,998.19501,,2020-10-10 06:00:00
120201003350,31,59.75,-81.0,998.49933,,2020-10-10 07:00:00
120201003350,32,59.5,-80.75,999.22937,,2020-10-10 08:00:00
120201003350,33,59.5,-80.75,999.66058,,2020-10-10 09:00:00
120201007090,0,69.0,10.25,1003.96808,,2020-10-17 00:00:00
120201007090,1,68.75,10.5,1003.76624,,2020-10-17 01:00:00
120201007090,2,68.25,10.0,1004.05371,,2020-10-17 02:00:00
120201007090,3,68.0,10.25,1003.18811,,2020-10-17 03:00:00
120201007090,4,68.0,12.25,1001.7912,,2020-10-17 04:00:00
120201007090,5,68.0,13.0,1001.21747,,2020-10-17 05:00:00
120201007090,6,67.75,13.0,1001.04059,,2020-10-17 06:00:00
120201007090,7,67.25,12.5,1001.10999,,2020-10-17 07:00:00
120201007090,8,67.0,12.5,1001.11688,,2020-10-17 08:00:00
120201007090,9,66.75,12.0,1001.51184,,2020-10-17 09:00:00
120201007090,10,66.75,11.75,1002.47308,27.184,2020-10-17 10:00:00
120201007090,11,66.0,11.25,1003.25995,25.413000000000004,2020-10-17 11:00:00
120201009110,0,59.75,-43.0,1001.00183,,2020-10-21 00:00:00
120201009110,1,59.5,-41.75,998.42749,,2020-10-21 01:00:00
120201009110,2,59.5,-41.5,997.77435,,2020-10-21 02:00:00
120201009110,3,59.5,-41.0,996.13745,,2020-10-21 03:00:00
120201009110,4,59.5,-40.5,994.66809,,2020-10-21 04:00:00
120201009110,5,59.25,-40.25,994.1781,,2020-10-21 05:00:00
120201009110,6,59.0,-39.75,993.80682,,2020-10-21 06:00:00
120201009110,7,58.5,-39.25,994.49561,,2020-10-22 07:00:00
120201009110,8,58.25,-38.5,993.47498,,2020-10-22 08:00:00
120201009110,9,58.0,-37.5,992.70245,,2020-10-22 09:00:00
120201009110,10,57.75,-36.5,991.60809,,2020-10-22 10:00:00
120201009110,11,57.5,-35.25,990.69873,,2020-10-22 11:00:00
120201009110,12,57.25,-33.75,989.32562,17.423,2020-10-22 12:00:00
120201009110,13,56.75,-32.75,990.32684,18.046,2020-10-22 13:00:00
120201009110,14,56.5,-31.75,990.27124,,2020-10-22 14:00:00
120201009110,15,56.25,-30.75,990.20624,,2020-10-22 15:00:00
120201009110,16,56.0,-29.5,990.15558,,2020-10-22 16:00:00
120201009110,17,55.75,-28.25,990.74872,,2020-10-22 17:00:00
120201009110,18,55.75,-27.0,989.63745,,2020-10-22 18:00:00
120201009110,19,55.75,-25.5,988.98187,,2020-10-22 19:00:00
120201009110,20,55.5,-24.25,989.26312,,2020-10-22 20:00:00
120201009110,21,55.25,-23.0,990.38934,,2020-10-22 21:00:00
120201009110,22,55.5,-21.75,989.00562,16.598,2020-10-22 22:00:00
120201009110,23,55.75,-20.75,988.31372,,2020-10-22 23:00:00
120201009110,24,56.0,-20.0,987.69122,,2020-10-23 00:00:00
120201012650,0,54.0,-53.0,991.12622,,2020-10-30 00:00:00
120201012650,1,54.0,-52.75,990.53058,,2020-10-30 01:00:00
120201012650,2,54.25,-52.5,989.86438,,2020-10-30 02:00:00
120201012650,3,54.25,-52.25,988.47308,,2020-10-30 03:00:00
120201012650,4,54.25,-52.25,988.09247,,2020-10-30 04:00:00
120201012650,5,54.0,-52.0,987.65436,,2020-10-30 05:00:00
120201012650,6,54.0,-51.75,987.67059,,2020-10-30 06:00:00
120201012650,7,53.75,-51.75,987.24872,,2020-10-30 07:00:00
120201012650,8,53.5,-51.5,987.71808,,2020-10-30 08:00:00
120201012650,9,53.5,-51.25,987.45874,,2020-10-30 09:00:00
120201012650,10,53.25,-50.75,987.22687,,2020-10-30 10:00:00
120201012650,11,52.75,-50.0,987.72186,,2020-10-30 11:00:00
120201012650,12,52.5,-49.5,988.185,,2020-10-30 12:00:00
120201012650,13,52.0,-48.0,987.90497,19.627,2020-10-30 13:00:00
120201012650,14,51.75,-47.0,987.79938,18.458,2020-10-30 14:00:00
120201012650,15,51.5,-46.25,987.71246,,2020-10-30 15:00:00
120201012650,16,51.25,-45.5,987.78687,,2020-10-30 16:00:00
120201100890,0,56.5,-28.0,990.36749,,2020-11-02 00:00:00
120201100890,1,56.5,-27.25,989.76935,,2020-11-02 01:00:00
120201100890,2,56.25,-26.5,990.98187,,2020-11-02 02:00:00
120201100890,3,56.25,-25.75,990.55371,,2020-11-02 03:00:00
120201100890,4,56.25,-24.75,991.00684,,2020-11-02 04:00:00
120201100890,5,55.5,-24.0,993.67438,,2020-11-02 05:00:00
120201100890,6,55.5,-23.0,993.81061,,2020-11-02 06:00:00
120201100890,7,55.5,-22.25,994.2912,,2020-11-02 07:00:00
120201100890,8,55.25,-21.5,996.0462,,2020-11-02 08:00:00
120201100890,9,55.25,-20.75,996.25311,,2020-11-02 09:00:00
120201100890,10,55.0,-20.0,997.36438,,2020-11-02 10:00:00
120201100890,11,54.75,-19.0,998.46997,,2020-11-02 11:00:00
120201100890,12,54.5,-18.25,999.71747,18.727,2020-11-02 12:00:00
120201100890,13,54.25,-17.5,1000.96063,19.905,2020-11-02 13:00:00
120201100890,14,54.25,-16.5,1001.17249,,2020-11-02 14:00:00
120201100890,15,54.25,-15.75,1001.5481,,2020-11-02 15:00:00
120201100890,16,54.0,-14.75,1002.94995,,2020-11-02 16:00:00
120201100890,17,54.0,-14.0,1003.81122,,2020-11-02 17:00:00
120201100890,18,54.0,-13.0,1004.38312,,2020-11-02 18:00:00
120201100890,19,53.75,-12.0,1005.60126,,2020-11-02 19:00:00
120201100890,20,53.75,-11.0,1005.79059,,2020-11-02 20:00:00
120201100890,21,53.5,-10.75,1006.67688,,2020-11-02 21:00:00
120201103590,0,72.5,21.5,978.95312,,2020-11-06 00:00:00
120201103590,1,72.25,20.75,979.56061,,2020-11-06 01:00:00
120201103590,2,72.5,22.5,979.38812,,2020-11-06 02:00:00
120201103590,3,72.5,23.5,980.54871,,2020-11-06 03:00:00
120201103590,4,72.5,24.5,981.39124,,2020-11-06 04:00:00
120201103590,5,72.25,25.25,982.62872,,2020-11-06 05:00:00
120201103590,6,71.75,26.25,984.40375,,2020-11-06 06:00:00
120201103590,7,71.75,27.5,985.31061,,2020-11-06 07:00:00
120201103590,8,71.5,29.0,985.7981,,2020-11-06 08:00:00
120201103590,9,71.75,30.25,985.34937,,2020-11-07 09:00:00
120201103590,10,71.75,31.5,985.27496,25.561,2020-11-07 10:00:00
120201103590,11,71.5,33.0,986.26813,24.902,2020-11-07 11:00:00
120201103590,12,71.5,34.0,985.96997,,2020-11-07 12:00:00
120201103590,13,71.5,34.75,985.82623,,2020-11-07 13:00:00
120201103590,14,71.75,35.25,985.53687,,2020-11-07 14:00:00
120201103590,15,71.75,36.0,985.12433,,2020-11-07 15:00:00
120201103590,16,71.75,37.0,985.41937,25.298000000000005,2020-11-07 16:00:00
120201103590,17,72.0,37.0,984.35437,,2020-11-07 17:00:00
120201103590,18,72.0,37.75,984.48688,26.556,2020-11-07 18:00:00
120201103590,19,72.0,38.5,983.02875,29.898000000000003,2020-11-07 19:00:00
120201103590,20,72.0,39.0,983.51373,,2020-11-07 20:00:00
120201103590,21,72.25,38.75,982.58246,,2020-11-07 21:00:00
120201103590,22,72.25,39.5,982.30249,,2020-11-07 22:00:00
120201103590,23,72.5,39.0,981.375,,2020-11-07 23:00:00
120201103590,24,72.5,39.25,981.33624,,2020-11-08 00:00:00
120201103590,25,72.75,38.25,981.2356,,2020-11-08 01:00:00
120201103590,26,72.75,38.25,981.07623,,2020-11-08 02:00:00
120201103590,27,72.75,38.0,980.76746,,2020-11-08 03:00:00
120201103590,28,72.75,37.5,981.19934,,2020-11-08 04:00:00
120201103590,29,72.75,37.0,981.39435,,2020-11-08 05:00:00
120201103590,30,72.5,36.5,981.8125,,2020-11-08 06:00:00
120201103590,31,72.5,36.5,982.32562,,2020-11-08 07:00:00
120201103590,32,72.25,36.25,982.68121,27.426,2020-11-08 08:00:00
120201103590,33,72.25,36.0,983.87811,,2020-11-09 09:00:00
120201103590,34,72.0,36.0,984.32495,,2020-11-09 10:00:00
120201103590,35,71.75,36.25,985.02496,,2020-11-09 11:00:00
120201103590,36,71.25,36.5,985.45813,,2020-11-09 12:00:00
120201103590,37,71.0,36.75,986.04437,,2020-11-09 13:00:00
120201103590,38,70.5,37.25,986.48059,,2020-11-09 14:00:00
120201103590,39,70.25,37.25,987.22186,,2020-11-09 15:00:00
120201103590,40,69.75,37.25,988.31122,,2020-11-09 16:00:00
120201103590,41,69.0,37.75,989.48688,,2020-11-09 17:00:00
120201103590,42,68.75,38.5,989.67188,,2020-11-09 18:00:00
120201103590,43,68.75,38.5,990.4306,,2020-11-09 19:00:00
120201105170,0,62.5,-38.5,975.01746,26.525,2020-11-11 00:00:00
120201105170,1,62.75,-38.5,975.02625,,2020-11-11 01:00:00
120201105170,2,62.5,-38.5,974.74622,,2020-11-11 02:00:00
120201105170,3,62.75,-38.75,975.20563,,2020-11-11 03:00:00
120201105170,4,62.75,-39.0,975.20123,,2020-11-11 04:00:00
120201105170,5,62.75,-39.5,976.05811,,2020-11-11 05:00:00
120201105170,6,62.5,-39.5,975.21375,,2020-11-11 06:00:00
120201105170,7,62.5,-39.75,976.4787,,2020-11-11 07:00:00
120201105170,8,62.25,-40.0,976.58997,,2020-11-11 08:00:00
120201105170,9,62.0,-40.25,977.16309,,2020-11-11 09:00:00
120201105170,10,61.75,-41.0,978.86688,,2020-11-11 10:00:00
120201105170,11,61.5,-41.25,979.42059,,2020-11-11 11:00:00
120201105170,12,61.25,-41.0,978.90997,,2020-11-11 12:00:00
120201105170,13,60.75,-41.0,979.22186,,2020-11-11 13:00:00
120201105170,14,60.5,-41.0,979.83185,28.172,2020-11-11 14:00:00
120201105170,15,60.25,-41.0,980.97559,,2020-11-11 15:00:00
120201105170,16,59.75,-40.75,981.99188,,2020-11-11 16:00:00
120201105170,17,59.5,-40.5,982.90875,,2020-11-11 17:00:00
120201105170,18,59.0,-40.25,984.09747,,2020-11-11 18:00:00
120201105170,19,58.75,-40.0,985.44745,,2020-11-11 19:00:00
120201105170,20,58.5,-39.75,986.51624,,2020-11-11 20:00:00
120201106070,0,73.75,-72.5,971.33875,,2020-11-12 00:00:00
120201106070,1,73.75,-73.25,970.95062,,2020-11-12 01:00:00
120201106070,2,73.75,-73.75,970.70624,,2020-11-12 02:00:00
120201106070,3,73.5,-75.5,972.82874,,2020-11-12 03:00:00
120201106070,4,73.25,-75.0,973.7981,,2020-11-12 04:00:00
120201106070,5,73.25,-74.5,972.78125,,2020-11-12 05:00:00
120201106070,6,73.0,-74.5,974.50873,,2020-11-12 06:00:00
120201106070,7,73.0,-74.5,974.01373,,2020-11-13 07:00:00
120201106070,8,73.25,-73.0,972.73438,,2020-11-13 08:00:00
120201106070,9,73.25,-73.0,973.01434,,2020-11-13 09:00:00
120201106070,10,73.25,-72.75,973.65308,,2020-11-13 10:00:00
120201106070,11,73.25,-72.75,974.2287,,2020-11-13 11:00:00
120201106070,12,73.0,-72.5,975.41437,,2020-11-13 12:00:00
120201106070,13,73.0,-72.25,976.21375,,2020-11-13 13:00:00
120201106070,14,73.0,-71.75,977.06683,,2020-11-13 14:00:00
120201106070,15,73.0,-71.25,978.29498,34.410999999999994,2020-11-13 15:00:00
120201106070,16,73.0,-70.75,979.31622,,2020-11-13 16:00:00
120201106070,17,73.0,-70.25,979.375,,2020-11-13 17:00:00
120201106070,18,73.0,-69.75,980.78876,,2020-11-13 18:00:00
120201106070,19,72.75,-69.0,981.97559,,2020-11-13 19:00:00
120201106070,20,72.75,-68.25,982.47125,,2020-11-13 20:00:00
120201106070,21,72.75,-67.5,983.31311,,2020-11-13 21:00:00
120201106070,22,72.75,-66.5,983.8681,,2020-11-13 22:00:00
120201106070,23,72.75,-65.75,984.54559,26.547,2020-11-13 23:00:00
120201106070,24,72.75,-65.0,985.47437,,2020-11-14 00:00:00
120201106070,25,73.0,-64.0,986.0506,,2020-11-14 01:00:00
120201106070,26,73.0,-63.0,987.08246,,2020-11-14 02:00:00
120201106070,27,73.0,-62.0,988.36438,,2020-11-14 03:00:00
120201106070,28,73.25,-61.25,988.97687,,2020-11-14 04:00:00
120201106070,29,73.5,-60.25,989.41248,,2020-11-14 05:00:00
120201106070,30,73.75,-59.25,990.12122,,2020-11-14 06:00:00
120201106070,31,73.75,-57.75,991.495,,2020-11-15 07:00:00
120201106070,32,74.75,-59.0,990.76746,,2020-11-15 08:00:00
120201109240,0,75.0,-1.25,995.0675,,2020-11-18 00:00:00
120201109240,1,74.25,-1.25,995.11688,,2020-11-18 01:00:00
120201109240,2,74.0,-1.25,995.27936,,2020-11-18 02:00:00
120201109240,3,73.5,-1.0,994.68933,,2020-11-18 03:00:00
120201109240,4,73.0,-0.75,994.79248,,2020-11-18 04:00:00
120201109240,5,72.5,-0.5,994.10809,,2020-11-18 05:00:00
120201109240,6,72.0,0.0,993.44,,2020-11-18 06:00:00
120201109240,7,71.75,0.0,992.84808,,2020-11-18 07:00:00
120201109240,8,71.25,1.0,991.90247,,2020-11-18 08:00:00
120201109240,9,71.0,1.5,991.15808,,2020-11-18 09:00:00
120201109240,10,70.5,1.75,991.05682,,2020-11-18 10:00:00
120201109240,11,70.25,2.25,989.96063,28.052,2020-11-18 11:00:00
120201109240,12,69.75,2.5,989.63373,,2020-11-18 12:00:00
120201109240,13,69.5,3.0,988.67938,30.669,2020-11-18 13:00:00
120201109240,14,69.0,3.5,988.25372,,2020-11-18 14:00:00
120201109240,15,68.75,4.0,987.71936,,2020-11-18 15:00:00
120201109240,16,68.5,4.25,985.95496,,2020-11-18 16:00:00
120201109240,17,68.25,4.75,985.20563,,2020-11-18 17:00:00
120201109240,18,68.0,5.0,984.47375,,2020-11-19 18:00:00
120201109240,19,67.5,5.25,984.76245,,2020-11-19 19:00:00
120201109240,20,67.0,5.75,984.61438,,2020-11-19 20:00:00
120201109240,21,66.75,6.0,984.52997,,2020-11-19 21:00:00
120201109240,22,66.25,6.25,984.71124,,2020-11-19 22:00:00
120201109240,23,66.0,6.0,984.98938,,2020-11-19 23:00:00
120201109240,24,65.5,6.25,985.56683,,2020-11-20 00:00:00
120201109240,25,65.25,6.5,986.56934,,2020-11-20 01:00:00
120201109240,26,64.75,7.0,986.87811,,2020-11-20 02:00:00
120201109240,27,64.25,7.25,987.88495,,2020-11-20 03:00:00
120201109240,28,63.75,7.75,989.18311,,2020-11-20 04:00:00
120201111520,0,70.5,-20.75,1001.08997,,2020-11-22 00:00:00
120201111520,1,70.75,-18.25,999.81683,,2020-11-22 01:00:00
120201111520,2,70.75,-18.0,1000.2406,,2020-11-23 02:00:00
120201111520,3,71.0,-17.5,999.88062,,2020-11-23 03:00:00
120201111520,4,71.0,-17.25,1000.01184,,2020-11-23 04:00:00
120201111520,5,71.0,-17.0,999.98187,,2020-11-23 05:00:00
120201111520,6,71.25,-16.25,999.20374,,2020-11-23 06:00:00
120201111520,7,71.25,-15.75,999.39746,,2020-11-23 07:00:00
120201111520,8,71.5,-15.0,999.4231,,2020-11-23 08:00:00
120201111520,9,71.5,-14.5,999.54498,,2020-11-23 09:00:00
120201111520,10,71.5,-14.25,1000.10437,,2020-11-23 10:00:00
120201111520,11,71.75,-13.5,999.94,,2020-11-23 11:00:00
120201111520,12,72.0,-12.5,999.90186,,2020-11-23 12:00:00
120201111520,13,72.0,-12.0,999.92621,20.709,2020-11-23 13:00:00
120201111520,14,72.25,-11.25,1000.00433,,2020-11-23 14:00:00
120201111520,15,72.25,-11.0,999.88745,,2020-11-23 15:00:00
120201111520,16,72.5,-9.5,999.65057,,2020-11-23 16:00:00
120201111520,17,72.75,-8.25,999.62933,,2020-11-23 17:00:00
120201111520,18,73.0,-7.25,999.3031,,2020-11-23 18:00:00
120201111520,19,73.0,-7.0,999.39496,,2020-11-23 19:00:00
120201111520,20,73.25,-6.0,999.3125,,2020-11-23 20:00:00
120201111520,21,73.5,-5.0,999.09747,,2020-11-23 21:00:00
120201111520,22,73.75,-4.0,999.17499,,2020-11-23 22:00:00
120201111520,23,73.75,-3.5,999.49622,,2020-11-23 23:00:00
120201111520,24,74.0,-2.5,998.95496,,2020-11-24 00:00:00
120201111520,25,74.25,-1.5,998.89246,,2020-11-24 01:00:00
120201111520,26,74.25,-1.0,998.88184,,2020-11-25 02:00:00
120201111520,27,74.5,0.25,998.28436,,2020-11-25 03:00:00
120201111520,28,74.75,1.25,997.73438,,2020-11-25 04:00:00
120201111520,29,75.0,2.5,997.42871,,2020-11-25 05:00:00
120201111520,30,75.25,3.25,997.03625,,2020-11-25 06:00:00
120201111520,31,75.5,3.75,996.91187,,2020-11-25 07:00:00
120201111520,32,75.5,4.25,996.95624,,2020-11-25 08:00:00
120201111520,33,75.75,5.0,996.77124,,2020-11-25 09:00:00
120201111520,34,76.0,6.0,996.99371,,2020-11-25 10:00:00
120201111520,35,76.25,6.5,996.87183,,2020-11-25 11:00:00
120201111520,36,76.25,6.75,997.37,,2020-11-25 12:00:00
120201111520,37,76.5,7.5,997.40375,,2020-11-25 13:00:00
120201111520,38,76.5,8.0,997.09558,,2020-11-25 14:00:00
120201111520,39,76.75,8.75,996.64313,,2020-11-25 15:00:00
120201111520,40,77.0,9.25,996.41998,,2020-11-25 16:00:00
120201111520,41,77.25,10.0,995.98688,,2020-11-25 17:00:00
120201111520,42,77.75,11.0,996.27936,,2020-11-25 18:00:00
120201111520,43,77.75,11.0,995.90186,,2020-11-25 19:00:00
120201111520,44,77.75,11.75,995.49933,,2020-11-25 20:00:00
120201111520,45,77.75,12.0,995.33746,,2020-11-25 21:00:00
120201111520,46,77.75,12.5,995.42371,,2020-11-25 22:00:00
120201111820,0,58.75,-32.0,991.85999,,2020-11-23 00:00:00
120201111820,1,58.5,-31.5,992.74371,21.722,2020-11-23 01:00:00
120201111820,2,58.25,-31.0,993.37372,,2020-11-23 02:00:00
120201111820,3,58.0,-30.5,994.43121,,2020-11-23 03:00:00
120201111820,4,57.5,-29.75,995.755,,2020-11-23 04:00:00
120201111820,5,57.25,-29.25,996.06122,,2020-11-23 05:00:00
120201111820,6,57.0,-28.5,996.38312,,2020-11-24 06:00:00
120201111820,7,56.75,-28.0,996.99811,,2020-11-24 07:00:00
120201111820,8,56.5,-27.5,998.10809,,2020-11-24 08:00:00
120201111820,9,56.5,-27.0,997.67749,,2020-11-24 09:00:00
120201111820,10,56.25,-26.25,998.39496,,2020-11-24 10:00:00
120201111820,11,56.0,-25.75,999.13812,,2020-11-24 11:00:00
120201111820,12,55.75,-25.25,999.96124,21.848,2020-11-24 12:00:00
120201111820,13,55.5,-25.0,1001.52875,,2020-11-24 13:00:00
120201111820,14,55.0,-24.25,1002.56,,2020-11-24 14:00:00
120201111820,15,54.5,-23.5,1003.95062,,2020-11-24 15:00:00
120201111820,16,54.25,-23.0,1005.42999,,2020-11-24 16:00:00
120201111820,17,53.75,-22.25,1006.45874,,2020-11-24 17:00:00
120201111820,18,53.5,-22.25,1008.02063,,2020-11-24 18:00:00
120201204060,0,76.25,5.0,1000.70813,,2020-12-06 00:00:00
120201204060,1,76.75,6.75,1000.15875,,2020-12-06 01:00:00
120201204060,2,77.0,7.25,999.17059,,2020-12-06 02:00:00
120201204060,3,77.5,7.75,998.11749,,2020-12-06 03:00:00
120201204060,4,78.0,8.25,996.74561,,2020-12-06 04:00:00
120201204060,5,78.25,8.5,995.02124,,2020-12-06 05:00:00
120201204060,6,78.75,8.5,994.02997,,2020-12-06 06:00:00
120201204060,7,79.0,7.5,993.90308,,2020-12-07 07:00:00
120201204060,8,79.5,7.5,992.60309,,2020-12-07 08:00:00
120201204060,9,80.0,6.5,992.82434,55.738,2020-12-07 09:00:00
120201204060,10,80.0,6.0,991.13812,52.576,2020-12-07 10:00:00
120201204060,11,80.0,5.25,991.28058,47.229,2020-12-07 11:00:00
120201204060,12,80.0,4.25,991.95312,44.641000000000005,2020-12-07 12:00:00
120201204060,13,80.0,4.0,993.20685,,2020-12-07 13:00:00
120201204060,14,79.75,3.75,994.84497,37.664,2020-12-07 14:00:00
120201204060,15,79.25,4.0,996.2312,38.904,2020-12-07 15:00:00
120201204060,16,79.0,4.75,997.10059,,2020-12-07 16:00:00
120201204060,17,78.75,5.5,999.84375,33.699,2020-12-07 17:00:00
120201204060,18,78.5,6.25,1000.81561,28.168000000000003,2020-12-07 18:00:00
120201204060,19,78.25,7.5,1001.31311,23.7,2020-12-07 19:00:00
120201204060,20,78.25,9.5,1002.25433,,2020-12-07 20:00:00
120201204060,21,78.0,11.0,1003.19434,,2020-12-07 21:00:00
120201204560,0,77.75,20.0,1000.52808,,2020-12-07 00:00:00
120201204560,1,77.75,20.0,1000.84308,,2020-12-07 01:00:00
120201204560,2,78.25,25.75,998.39563,,2020-12-07 02:00:00
120201204560,3,78.0,26.25,999.10059,,2020-12-07 03:00:00
120201204560,4,78.0,28.75,999.02063,,2020-12-07 04:00:00
120201204560,5,78.5,31.25,996.83936,,2020-12-07 05:00:00
120201204560,6,79.5,33.0,995.11371,,2020-12-07 06:00:00
120201204560,7,79.75,34.5,994.58746,,2020-12-07 07:00:00
120201204560,8,79.75,35.25,993.86249,,2020-12-07 08:00:00
120201204560,9,79.75,36.5,993.31622,35.72,2020-12-07 09:00:00
120201204560,10,79.75,37.25,993.15625,,2020-12-07 10:00:00
120201204560,11,79.75,37.75,992.91187,,2020-12-07 11:00:00
120201204560,12,79.75,38.75,993.1087,30.66,2020-12-08 12:00:00
120201204560,13,79.5,42.0,992.74249,,2020-12-08 13:00:00
120201204560,14,79.5,43.5,992.83185,27.873000000000005,2020-12-08 14:00:00
120201204560,15,79.25,44.5,992.70184,,2020-12-08 15:00:00
120201204560,16,79.25,46.25,992.83246,28.64,2020-12-08 16:00:00
120201204560,17,79.75,46.0,993.04938,28.766,2020-12-08 17:00:00
120201204560,18,79.75,46.25,993.08374,,2020-12-08 18:00:00
120201204560,19,79.75,46.5,993.43433,,2020-12-08 19:00:00
120201204560,20,79.75,46.5,993.90436,,2020-12-08 20:00:00
120201204560,21,79.5,48.5,993.98999,,2020-12-08 21:00:00
120201204560,22,79.5,49.0,994.19183,,2020-12-08 22:00:00
120201204560,23,79.25,51.75,994.42499,,2020-12-08 23:00:00
120201204560,24,78.75,52.75,994.79999,,2020-12-09 00:00:00
120201204560,25,78.75,53.75,994.65125,,2020-12-09 01:00:00
120201204560,26,78.5,54.5,994.91809,,2020-12-09 02:00:00
120201204560,27,78.25,55.5,995.33936,,2020-12-09 03:00:00
120201204560,28,78.25,56.25,995.53436,,2020-12-09 04:00:00
120201204560,29,78.0,57.25,996.13,,2020-12-09 05:00:00
120201204560,30,77.75,57.75,996.40747,,2020-12-09 06:00:00
120201204560,31,77.5,58.0,997.21246,,2020-12-09 07:00:00
120201204560,32,76.75,59.25,998.31311,26.179,2020-12-09 08:00:00
120201204560,33,76.75,59.25,998.66309,26.283,2020-12-09 09:00:00
120201204560,34,76.5,58.5,1000.96936,,2020-12-09 10:00:00
120201204560,35,76.25,58.25,1001.79437,,2020-12-09 11:00:00
120201204560,36,76.0,57.5,1003.90186,,2020-12-10 12:00:00
120201204900,0,78.25,51.75,998.06873,,2020-12-08 00:00:00
120201204900,1,78.5,53.5,997.32184,,2020-12-08 01:00:00
120201204900,2,78.5,55.0,997.21686,,2020-12-08 02:00:00
120201204900,3,78.5,56.5,997.49622,,2020-12-08 03:00:00
120201204900,4,78.5,58.0,997.50562,,2020-12-08 04:00:00
120201204900,5,78.5,59.0,997.47125,,2020-12-08 05:00:00
120201204900,6,78.75,59.5,997.09558,,2020-12-08 06:00:00
120201204900,7,79.5,59.5,996.90186,30.699,2020-12-08 07:00:00
120201204900,8,79.5,60.0,996.93121,25.283,2020-12-08 08:00:00
120201205360,0,73.75,74.75,1006.19745,,2020-12-08 00:00:00
120201205360,1,74.75,75.75,1003.94934,,2020-12-08 01:00:00
120201205360,2,75.0,76.5,1003.76062,,2020-12-08 02:00:00
120201205360,3,74.75,77.0,1004.83685,,2020-12-08 03:00:00
120201205360,4,74.5,77.25,1004.97437,,2020-12-08 04:00:00
120201205360,5,73.5,77.0,1005.66187,,2020-12-09 05:00:00
120201205360,6,73.5,77.25,1006.01874,23.756,2020-12-09 06:00:00
120201205360,7,74.75,78.0,1005.64746,21.462,2020-12-09 07:00:00
120201205360,8,74.5,78.0,1006.52246,,2020-12-09 08:00:00
120201205360,9,74.25,78.25,1007.10309,20.988,2020-12-09 09:00:00
120201205360,10,73.5,78.75,1007.81873,,2020-12-09 10:00:00
120201205360,11,73.5,77.75,1006.91309,,2020-12-09 11:00:00
120201205360,12,73.5,77.25,1007.1062,,2020-12-09 12:00:00
120201205360,13,73.5,77.0,1008.03308,,2020-12-09 13:00:00
120201205360,14,74.25,75.0,1009.95746,,2020-12-09 14:00:00
120201205360,15,73.75,74.75,1010.43933,,2020-12-09 15:00:00
120201206570,0,74.75,73.5,1004.68433,,2020-12-11 00:00:00
120201206570,1,74.5,74.5,1006.09875,,2020-12-11 01:00:00
120201206570,2,74.75,75.5,1006.15747,,2020-12-11 02:00:00
120201206570,3,75.0,76.5,1005.375,,2020-12-11 03:00:00
120201206570,4,75.0,77.5,1005.76434,,2020-12-11 04:00:00
120201206570,5,75.0,78.25,1005.89246,,2020-12-11 05:00:00
120201206570,6,76.0,80.0,1005.78937,23.231,2020-12-11 06:00:00
120201206570,7,75.75,80.0,1005.34937,24.357,2020-12-11 07:00:00
120201206570,8,75.75,80.0,1004.67438,22.984,2020-12-11 08:00:00
120201206570,9,76.25,80.0,1003.43372,,2020-12-11 09:00:00
120201206570,10,76.75,80.0,1002.5412,19.451,2020-12-11 10:00:00
120201206820,0,80.0,80.0,1002.40747,,2020-12-11 00:00:00
120201206820,1,79.5,80.0,1002.58807,,2020-12-11 01:00:00
120201206820,2,79.25,80.0,1003.21436,,2020-12-11 02:00:00
120201206820,3,79.0,80.0,1003.28687,,2020-12-11 03:00:00
120201206820,4,78.5,80.0,1003.17438,,2020-12-11 04:00:00
120201206820,5,78.0,80.0,1002.56183,,2020-12-11 05:00:00
120201206820,6,78.0,79.5,1002.27625,21.93,2020-12-12 06:00:00
120201206820,7,78.0,79.0,1001.77625,21.945,2020-12-12 07:00:00
120201206820,8,77.75,79.0,1001.57935,21.613000000000003,2020-12-12 08:00:00
120201206820,9,77.75,78.5,1001.31122,,2020-12-12 09:00:00
120201206820,10,77.75,77.75,1001.43683,,2020-12-12 10:00:00
120201206820,11,77.75,77.0,1001.24622,,2020-12-12 11:00:00
120201206820,12,77.5,76.75,1000.68121,,2020-12-12 12:00:00
120201206820,13,77.5,75.75,1000.92059,,2020-12-12 13:00:00
120201206820,14,77.25,75.5,1000.62183,19.249,2020-12-12 14:00:00
120201206820,15,77.25,74.75,1001.11438,,2020-12-12 15:00:00
120201206820,16,76.5,75.25,999.3587,,2020-12-12 16:00:00
120201206820,17,76.25,75.25,999.22125,,2020-12-12 17:00:00
120201206820,18,75.75,75.5,998.6037,,2020-12-12 18:00:00
120201206820,19,75.5,75.5,998.61871,,2020-12-12 19:00:00
120201206820,20,75.5,75.0,999.09125,,2020-12-12 20:00:00
120201206820,21,74.75,76.25,998.54059,,2020-12-12 21:00:00
120201206820,22,73.5,77.25,997.65247,,2020-12-12 22:00:00
120201206820,23,73.5,77.0,998.55438,,2020-12-12 23:00:00
120201206820,24,73.5,77.0,999.01184,,2020-12-13 00:00:00
120201208590,0,76.0,36.5,1011.09558,,2020-12-15 00:00:00
120201208590,1,76.0,36.5,1010.64374,,2020-12-15 01:00:00
120201208590,2,75.75,37.25,1009.9325,,2020-12-15 02:00:00
120201208590,3,75.75,36.75,1009.41748,,2020-12-15 03:00:00
120201208590,4,75.5,37.25,1008.28937,,2020-12-15 04:00:00
120201208590,5,75.5,37.5,1007.9306,,2020-12-15 05:00:00
120201208590,6,75.25,38.0,1007.04749,,2020-12-15 06:00:00
120201208590,7,75.25,40.0,1006.43933,27.099,2020-12-15 07:00:00
120201208590,8,75.0,40.25,1005.12872,,2020-12-15 08:00:00
120201208590,9,75.0,41.25,1004.08624,,2020-12-15 09:00:00
120201208590,10,75.0,42.5,1003.31873,34.507,2020-12-15 10:00:00
120201208590,11,74.75,42.5,1001.78876,38.068000000000005,2020-12-15 11:00:00
120201208590,12,74.75,43.25,1000.21625,41.84100000000001,2020-12-15 12:00:00
120201208590,13,74.5,43.25,999.14874,,2020-12-15 13:00:00
120201208590,14,74.5,43.75,998.00433,,2020-12-15 14:00:00
120201208590,15,74.25,44.0,996.89496,49.399,2020-12-15 15:00:00
120201208590,16,74.25,44.25,995.97125,52.855,2020-12-15 16:00:00
120201208590,17,74.0,44.75,994.39374,56.956,2020-12-15 17:00:00
120201208590,18,74.0,45.0,993.75122,52.132,2020-12-15 18:00:00
120201208590,19,73.75,45.5,992.72809,50.405,2020-12-16 19:00:00
120201208590,20,73.5,45.75,992.10999,,2020-12-16 20:00:00
120201208590,21,73.5,46.0,991.41125,,2020-12-16 21:00:00
120201208590,22,73.25,46.25,991.16937,,2020-12-16 22:00:00
120201208590,23,73.0,46.5,990.94312,,2020-12-16 23:00:00
120201208590,24,72.75,47.25,990.7337,,2020-12-17 00:00:00
120201208590,25,72.5,48.0,990.49561,,2020-12-17 01:00:00
120201208590,26,72.25,48.25,990.27686,,2020-12-17 02:00:00
120201208590,27,72.0,48.5,990.64062,,2020-12-17 03:00:00
120201208590,28,71.75,49.0,990.68811,,2020-12-17 04:00:00
120201208590,29,71.75,49.0,990.37183,,2020-12-17 05:00:00
120201208590,30,71.25,49.25,991.13373,,2020-12-17 06:00:00
120201208590,31,71.0,49.5,991.54871,,2020-12-17 07:00:00
120201208590,32,71.0,51.5,991.80188,,2020-12-17 08:00:00
120201208590,33,70.5,50.75,992.4281,,2020-12-17 09:00:00
120201208590,34,70.5,52.75,991.59058,,2020-12-17 10:00:00
120201208590,35,70.25,53.75,991.12622,,2020-12-17 11:00:00
120201208590,36,70.25,55.25,989.82312,,2020-12-17 12:00:00
120201208590,37,70.25,56.0,989.43872,,2020-12-17 13:00:00
120201209360,0,71.5,61.5,990.30872,,2020-12-16 00:00:00
120201209360,1,71.25,61.75,988.38562,,2020-12-16 01:00:00
120201209360,2,71.25,61.75,989.1037,,2020-12-16 02:00:00
120201209360,3,71.25,62.5,988.88,,2020-12-16 03:00:00
120201209360,4,71.0,62.25,986.83685,,2020-12-16 04:00:00
120201209360,5,71.0,62.75,986.0437,,2020-12-16 05:00:00
120201209360,6,70.25,62.0,986.82684,34.838,2020-12-17 06:00:00
120201209360,7,70.25,62.25,986.39746,34.53,2020-12-17 07:00:00
120201209360,8,70.5,63.0,985.78998,32.661,2020-12-17 08:00:00
120201209360,9,70.25,63.0,985.82562,,2020-12-17 09:00:00
120201209360,10,70.25,63.0,986.78308,,2020-12-17 10:00:00
120201209360,11,70.25,63.0,987.84125,,2020-12-17 11:00:00
120201209360,12,70.25,62.75,990.27686,,2020-12-17 12:00:00
120201209360,13,70.25,62.5,992.3075,,2020-12-17 13:00:00
120201209360,14,70.75,63.0,995.33936,17.851,2020-12-17 14:00:00
120201209360,15,70.75,63.5,996.37622,,2020-12-17 15:00:00
120201209360,16,70.25,64.0,994.62311,17.443,2020-12-17 16:00:00
120201209360,17,69.75,64.75,993.45123,,2020-12-17 17:00:00
120201209360,18,69.75,65.75,992.99811,,2020-12-17 18:00:00
120201209360,19,69.75,66.0,994.19,,2020-12-17 19:00:00
120201209360,20,69.75,66.0,996.04999,,2020-12-17 20:00:00
120201210740,0,72.75,49.0,999.95435,,2020-12-19 00:00:00
120201210740,1,72.75,48.75,1000.11688,,2020-12-19 01:00:00
120201210740,2,72.5,48.75,999.19122,,2020-12-19 02:00:00
120201210740,3,72.25,49.0,998.65808,,2020-12-19 03:00:00
120201210740,4,72.25,49.25,998.96497,,2020-12-19 04:00:00
120201210740,5,72.0,49.25,998.19684,,2020-12-19 05:00:00
120201210740,6,72.0,49.5,998.99683,,2020-12-19 06:00:00
120201210740,7,71.75,49.75,998.43372,,2020-12-19 07:00:00
120201210740,8,71.5,49.75,998.39874,24.264000000000003,2020-12-19 08:00:00
120201210740,9,71.25,50.0,998.08563,24.338,2020-12-19 09:00:00
120201210740,10,71.0,51.0,997.28625,,2020-12-19 10:00:00
120201210740,11,71.0,51.75,998.3606,,2020-12-19 11:00:00
120201210740,12,70.75,52.0,998.06683,,2020-12-19 12:00:00
120201210740,13,70.25,55.75,997.2381,,2020-12-19 13:00:00
120201210740,14,70.25,54.0,997.87622,,2020-12-19 14:00:00
120201210740,15,69.5,54.25,995.23438,,2020-12-19 15:00:00
120201210740,16,69.25,56.5,995.80249,,2020-12-20 16:00:00
120201210740,17,69.0,57.0,995.88312,,2020-12-20 17:00:00
120201210740,18,69.0,60.0,997.66498,,2020-12-20 18:00:00
120201211790,0,59.75,-7.75,992.57623,,2020-12-21 00:00:00
120201211790,1,60.0,-7.5,991.85938,,2020-12-21 01:00:00
120201211790,2,60.25,-7.5,991.29938,,2020-12-21 02:00:00
120201211790,3,60.5,-7.25,990.28937,,2020-12-21 03:00:00
120201211790,4,60.75,-7.25,989.47308,,2020-12-21 04:00:00
120201211790,5,60.75,-7.5,989.28876,,2020-12-21 05:00:00
120201211790,6,60.75,-7.5,989.435,,2020-12-21 06:00:00
120201211790,7,60.75,-7.5,989.28497,,2020-12-21 07:00:00
120201211790,8,61.0,-7.25,988.91998,,2020-12-21 08:00:00
120201211790,9,60.75,-7.25,989.29871,,2020-12-21 09:00:00
120201211790,10,60.75,-7.0,989.48621,,2020-12-21 10:00:00
120201211790,11,60.25,-6.0,990.19434,23.224,2020-12-21 11:00:00
120201211790,12,60.25,-5.5,990.29309,23.331,2020-12-21 12:00:00
120201211790,13,60.0,-4.5,990.55121,,2020-12-22 13:00:00
120201211790,14,60.0,-3.75,990.4306,,2020-12-22 14:00:00
120201211790,15,60.0,-2.75,990.0675,,2020-12-22 15:00:00
120201211790,16,60.0,-1.75,990.32745,,2020-12-22 16:00:00
120201211790,17,60.0,-0.75,990.45624,,2020-12-22 17:00:00
120201216960,0,60.25,-4.75,994.625,,2020-12-30 00:00:00
120201216960,1,60.25,-4.75,994.81622,,2020-12-30 01:00:00
120201216960,2,60.0,-4.75,995.03375,,2020-12-30 02:00:00
120201216960,3,59.75,-5.0,995.43872,,2020-12-30 03:00:00
120201216960,4,59.75,-5.0,994.97748,,2020-12-30 04:00:00
120201216960,5,59.25,-5.0,995.32062,,2020-12-30 05:00:00
120201216960,6,59.0,-5.0,995.39124,,2020-12-30 06:00:00
120201216960,7,59.0,-5.0,995.3587,,2020-12-30 07:00:00
120201216960,8,58.75,-5.5,996.71875,,2020-12-30 08:00:00
120201216960,9,58.75,-5.5,997.48938,,2020-12-30 09:00:00
120201216960,10,58.75,-5.5,997.64062,17.79,2020-12-30 10:00:00
120201216960,11,58.75,-5.5,998.0025,17.253,2020-12-30 11:00:00
220200110640,0,56.0,-149.0,987.20496,,2020-01-26 00:00:00
220200110640,1,56.25,-148.5,986.88623,,2020-01-27 01:00:00
220200110640,2,56.25,-148.5,986.54749,,2020-01-27 02:00:00
220200110640,3,56.25,-148.5,986.30371,,2020-01-27 03:00:00
220200110640,4,56.25,-148.5,985.86438,,2020-01-27 04:00:00
220200110640,5,57.25,-147.75,985.30121,,2020-01-27 05:00:00
220200110640,6,56.5,-148.25,985.42688,,2020-01-27 06:00:00
220200110640,7,57.75,-148.0,984.33435,19.816,2020-01-27 07:00:00
220200110640,8,58.0,-148.0,983.88,20.66800000000001,2020-01-27 08:00:00
220200110640,9,58.25,-148.25,983.28375,,2020-01-27 09:00:00
220200110640,10,58.25,-148.25,982.83563,,2020-01-27 10:00:00
220200110640,11,58.25,-148.5,982.20746,,2020-01-27 11:00:00
220200110640,12,58.5,-148.75,981.77313,,2020-01-27 12:00:00
220200110640,13,58.5,-148.75,981.09937,,2020-01-27 13:00:00
220200110640,14,58.5,-148.75,981.33063,,2020-01-27 14:00:00
220200110640,15,58.5,-148.25,980.91559,,2020-01-27 15:00:00
220200110640,16,58.5,-147.75,981.6181,,2020-01-27 16:00:00
220200110640,17,58.75,-147.75,981.17059,,2020-01-27 17:00:00
220200110640,18,59.0,-148.0,981.80682,,2020-01-27 18:00:00
220200110640,19,59.25,-148.0,982.44312,23.819000000000003,2020-01-27 19:00:00
220200110640,20,59.5,-149.0,983.07123,24.174,2020-01-27 20:00:00
220200110640,21,59.5,-149.0,983.44183,25.237,2020-01-27 21:00:00
220200112060,0,56.5,165.5,1011.05682,,2020-01-30 00:00:00
220200112060,1,56.5,165.75,1010.63812,,2020-01-30 01:00:00
220200112060,2,57.25,166.25,1009.32495,,2020-01-30 02:00:00
220200112060,3,57.25,166.5,1008.67499,,2020-01-30 03:00:00
220200112060,4,57.25,166.75,1008.4306,,2020-01-30 04:00:00
220200112060,5,57.25,167.0,1008.25,,2020-01-30 05:00:00
220200112060,6,57.25,167.5,1007.48621,,2020-01-30 06:00:00
220200112060,7,57.25,167.75,1007.16937,,2020-01-30 07:00:00
220200112060,8,57.25,168.0,1006.88184,,2020-01-30 08:00:00
220200112060,9,57.75,168.5,1005.79309,18.127,2020-01-30 09:00:00
220200112060,10,58.0,168.75,1005.40936,18.998,2020-01-30 10:00:00
220200112060,11,58.0,169.0,1005.00684,19.171,2020-01-30 11:00:00
220200112060,12,58.25,169.25,1004.03058,,2020-01-30 12:00:00
220200112060,13,58.25,169.5,1003.67438,,2020-01-30 13:00:00
220200112060,14,58.5,169.75,1003.32874,,2020-01-30 14:00:00
220200112060,15,58.5,170.0,1002.79059,,2020-01-30 15:00:00
220200112060,16,58.5,170.25,1002.43311,,2020-01-30 16:00:00
220200112060,17,58.75,170.25,1002.30121,,2020-01-30 17:00:00
220200112060,18,59.0,170.25,1001.82745,,2020-01-30 18:00:00
220200112060,19,59.25,170.25,1001.25812,,2020-01-30 19:00:00
220200112060,20,59.5,170.0,1001.4231,,2020-01-30 20:00:00
220200112060,21,59.5,170.0,1000.22998,,2020-01-30 21:00:00
220200112060,22,59.75,169.5,1001.22498,,2020-01-30 22:00:00
220200112060,23,59.75,169.5,1000.57812,25.686,2020-01-31 23:00:00
220200112060,24,59.75,169.5,1000.34058,,2020-02-01 00:00:00
220200112060,25,59.5,169.75,999.56183,,2020-02-01 01:00:00
220200112060,26,59.25,169.75,999.85187,,2020-02-01 02:00:00
220200112060,27,59.25,169.75,999.33185,,2020-02-01 03:00:00
220200112060,28,59.0,169.75,999.82745,,2020-02-01 04:00:00
220200112060,29,59.0,169.75,999.66687,,2020-02-01 05:00:00
220200112060,30,58.75,170.0,999.94061,,2020-02-01 06:00:00
220200112060,31,58.75,169.75,999.70935,,2020-02-01 07:00:00
220200112060,32,58.75,169.75,999.96246,,2020-02-01 08:00:00
220200112060,33,58.5,169.75,999.16125,,2020-02-01 09:00:00
220200112060,34,58.5,169.75,998.88684,,2020-02-01 10:00:00
220200112060,35,58.25,170.0,998.96936,,2020-02-01 11:00:00
220200112060,36,58.25,170.0,998.78625,,2020-02-01 12:00:00
220200112060,37,58.0,170.25,999.24249,,2020-02-01 13:00:00
220200112060,38,57.75,170.25,999.63434,,2020-02-01 14:00:00
220200112060,39,57.75,170.5,999.70996,,2020-02-01 15:00:00
220200112060,40,57.5,170.75,999.74872,,2020-02-01 16:00:00
220200112060,41,57.5,171.0,999.98749,,2020-02-01 17:00:00
220200112060,42,57.25,171.25,1000.40686,,2020-02-01 18:00:00
220200112060,43,57.25,171.5,1000.6037,,2020-02-01 19:00:00
220200112060,44,57.0,171.5,1001.14124,,2020-02-01 20:00:00
220200112060,45,57.25,172.25,1000.53436,,2020-02-01 21:00:00
220200112060,46,57.25,172.5,1001.08124,,2020-02-01 22:00:00
220200112060,47,57.0,172.5,1001.14496,,2020-02-02 23:00:00
220200112060,48,57.25,173.0,1000.70563,,2020-02-03 00:00:00
220200112060,49,57.25,173.5,1000.59186,,2020-02-03 01:00:00
220200112750,0,58.0,-148.5,985.94812,,2020-01-31 00:00:00
220200112750,1,58.0,-148.25,986.04059,,2020-01-31 01:00:00
220200112750,2,58.25,-148.25,986.33496,,2020-01-31 02:00:00
220200112750,3,58.25,-148.0,986.05621,,2020-01-31 03:00:00
220200112750,4,58.25,-148.0,986.19061,,2020-01-31 04:00:00
220200112750,5,58.25,-148.0,986.375,,2020-01-31 05:00:00
220200112750,6,58.25,-148.0,985.94501,21.12,2020-01-31 06:00:00
220200112750,7,58.25,-148.0,985.90247,,2020-01-31 07:00:00
220200112750,8,58.5,-148.0,985.42688,,2020-01-31 08:00:00
220200112750,9,58.5,-148.0,985.21497,,2020-01-31 09:00:00
220200112750,10,58.25,-148.0,985.255,,2020-01-31 10:00:00
220200112750,11,58.5,-148.0,985.37683,,2020-01-31 11:00:00
220200112750,12,58.5,-147.75,985.06873,,2020-01-31 12:00:00
220200112750,13,58.5,-147.75,984.91248,,2020-02-01 13:00:00
220200112750,14,58.5,-147.5,984.76813,,2020-02-01 14:00:00
220200112750,15,58.5,-147.5,984.86932,,2020-02-01 15:00:00
220200112750,16,58.25,-147.25,985.36249,,2020-02-01 16:00:00
220200112750,17,58.25,-147.0,985.41998,,2020-02-01 17:00:00
220200112750,18,58.0,-146.75,985.89185,,2020-02-01 18:00:00
220200112750,19,58.0,-146.5,986.20123,,2020-02-01 19:00:00
220200112750,20,58.0,-146.25,986.82874,24.531,2020-02-01 20:00:00
220200112750,21,57.75,-145.75,987.47998,,2020-02-01 21:00:00
220200112750,22,57.75,-145.5,987.92249,,2020-02-01 22:00:00
220200112750,23,57.5,-144.5,989.25311,,2020-02-01 23:00:00
220200112750,24,57.5,-144.25,989.85437,,2020-02-02 00:00:00
220200112750,25,57.5,-143.75,990.41309,,2020-02-02 01:00:00
220200112750,26,57.25,-142.75,991.57812,,2020-02-02 02:00:00
220200112750,27,57.25,-142.25,992.2962,,2020-02-02 03:00:00
220200112750,28,57.25,-141.75,993.12372,,2020-02-02 04:00:00
220200112750,29,57.25,-141.0,993.89313,,2020-02-02 05:00:00
220200112750,30,57.25,-140.5,994.67749,,2020-02-02 06:00:00
220200112750,31,57.25,-140.0,995.34436,,2020-02-02 07:00:00
220200112750,32,57.25,-139.5,996.26184,,2020-02-02 08:00:00
220200202190,0,52.25,-177.5,984.72058,,2020-02-05 00:00:00
220200202190,1,52.25,-178.75,983.90125,,2020-02-05 01:00:00
220200202190,2,52.5,-178.25,984.23309,,2020-02-05 02:00:00
220200202190,3,52.5,-178.75,984.50684,,2020-02-05 03:00:00
220200202190,4,52.75,-178.25,984.69434,,2020-02-05 04:00:00
220200202190,5,53.0,-177.5,985.17371,,2020-02-05 05:00:00
220200202190,6,53.25,-177.5,985.22125,,2020-02-05 06:00:00
220200202190,7,53.25,-177.75,985.40247,,2020-02-06 07:00:00
220200202190,8,53.25,-177.75,985.71686,21.037,2020-02-06 08:00:00
220200202190,9,53.25,-178.0,985.77686,20.341,2020-02-06 09:00:00
220200202190,10,53.25,-178.0,986.60437,,2020-02-06 10:00:00
220200202190,11,53.0,-178.0,987.14374,,2020-02-06 11:00:00
220200202190,12,53.0,-177.75,987.67871,,2020-02-06 12:00:00
220200202190,13,53.0,-177.75,988.84058,,2020-02-06 13:00:00
220200202190,14,52.75,-177.5,989.91187,,2020-02-06 14:00:00
220200202190,15,52.5,-177.25,991.19122,,2020-02-06 15:00:00
220200206310,0,45.75,166.25,1000.2937,,2020-02-15 00:00:00
220200206310,1,46.0,167.25,999.3175,,2020-02-15 01:00:00
220200206310,2,46.25,168.0,999.10248,,2020-02-15 02:00:00
220200206310,3,46.5,168.75,998.91187,,2020-02-15 03:00:00
220200206310,4,46.75,169.25,998.51312,,2020-02-15 04:00:00
220200206310,5,47.0,170.0,998.32312,,2020-02-15 05:00:00
220200206310,6,47.25,170.5,997.26996,,2020-02-15 06:00:00
220200206310,7,47.5,171.0,996.64624,,2020-02-15 07:00:00
220200206310,8,47.75,171.5,996.06934,,2020-02-15 08:00:00
220200206310,9,48.0,171.75,995.20245,,2020-02-15 09:00:00
220200206310,10,48.25,172.25,994.51685,,2020-02-15 10:00:00
220200206310,11,48.5,172.75,993.26495,,2020-02-15 11:00:00
220200206310,12,48.75,173.25,992.35999,,2020-02-15 12:00:00
220200206310,13,49.0,173.75,991.5437,,2020-02-15 13:00:00
220200206310,14,49.25,174.0,991.66937,,2020-02-15 14:00:00
220200206310,15,49.5,174.5,991.30933,,2020-02-15 15:00:00
220200206310,16,50.0,174.75,990.70123,,2020-02-15 16:00:00
220200206310,17,50.25,175.0,990.30438,,2020-02-15 17:00:00
220200206310,18,50.5,175.25,989.61499,,2020-02-15 18:00:00
220200206310,19,50.75,175.5,989.00122,,2020-02-15 19:00:00
220200206310,20,51.25,175.5,988.47247,,2020-02-16 20:00:00
220200206310,21,51.5,175.75,987.49811,,2020-02-16 21:00:00
220200206310,22,51.75,175.75,986.72687,,2020-02-16 22:00:00
220200206310,23,51.75,175.75,985.68372,30.254000000000005,2020-02-16 23:00:00
220200206310,24,52.0,176.0,984.93622,,2020-02-17 00:00:00
220200206310,25,52.25,176.0,984.33185,,2020-02-17 01:00:00
220200206310,26,52.25,176.0,983.98999,,2020-02-17 02:00:00
220200206310,27,52.5,176.0,983.49872,,2020-02-17 03:00:00
220200206310,28,52.5,176.0,982.89996,,2020-02-17 04:00:00
220200206310,29,52.5,176.0,982.19434,,2020-02-17 05:00:00
220200206310,30,52.5,176.0,981.56122,,2020-02-17 06:00:00
220200206310,31,52.5,176.0,980.19812,,2020-02-17 07:00:00
220200206310,32,52.5,176.0,979.5412,,2020-02-17 08:00:00
220200206310,33,52.5,176.0,978.63812,,2020-02-17 09:00:00
220200206310,34,52.5,176.0,977.78748,,2020-02-17 10:00:00
220200206310,35,52.5,176.0,976.85437,,2020-02-17 11:00:00
220200206310,36,52.5,176.25,976.17938,,2020-02-17 12:00:00
220200206310,37,52.5,176.5,975.45746,,2020-02-17 13:00:00
220200206310,38,52.25,176.5,975.63312,,2020-02-17 14:00:00
220200206310,39,52.25,176.5,974.98999,,2020-02-17 15:00:00
220200206310,40,52.25,176.75,974.73499,,2020-02-17 16:00:00
220200206310,41,52.0,176.75,974.85938,,2020-02-17 17:00:00
220200206310,42,52.0,177.25,975.16809,,2020-02-17 18:00:00
220200206310,43,52.0,177.5,974.52185,,2020-02-17 19:00:00
220200206310,44,52.0,178.0,974.42188,,2020-02-18 20:00:00
220200206310,45,51.75,178.0,975.12311,,2020-02-18 21:00:00
220200206310,46,51.75,178.5,974.58936,,2020-02-18 22:00:00
220200206310,47,51.75,178.75,974.97247,,2020-02-18 23:00:00
220200206310,48,51.75,179.25,975.03809,,2020-02-19 00:00:00
220200206310,49,51.75,179.5,975.08496,,2020-02-19 01:00:00
220200206310,50,51.5,-180.0,976.48187,,2020-02-19 02:00:00
220200206310,51,51.5,-179.75,976.99561,,2020-02-19 03:00:00
220200206310,52,51.5,-179.5,977.85559,,2020-02-19 04:00:00
220200206310,53,51.25,-179.0,978.67059,,2020-02-19 05:00:00
220200206310,54,51.25,-178.5,980.46625,,2020-02-19 06:00:00
220200206310,55,51.0,-178.25,980.94312,,2020-02-19 07:00:00
220200206310,56,50.75,-177.75,982.15747,,2020-02-19 08:00:00
220200206310,57,50.5,-177.25,983.49561,,2020-02-19 09:00:00
220200206310,58,50.25,-176.5,984.4281,,2020-02-19 10:00:00
220200206310,59,50.0,-175.75,985.32495,,2020-02-19 11:00:00
220200206310,60,49.75,-175.0,986.47626,,2020-02-19 12:00:00
220200206310,61,49.5,-174.25,987.66748,,2020-02-19 13:00:00
220200206310,62,49.5,-173.25,988.50061,,2020-02-19 14:00:00
220200206310,63,49.25,-172.25,989.59247,,2020-02-19 15:00:00
220200206310,64,49.25,-171.25,990.38312,,2020-02-19 16:00:00
220200206310,65,49.25,-170.25,991.10687,,2020-02-19 17:00:00
220200206310,66,49.0,-169.5,993.29999,,2020-02-19 18:00:00
220200206310,67,48.75,-168.75,994.6712,,2020-02-19 19:00:00
220200206310,68,48.75,-168.0,995.22626,,2020-02-20 20:00:00
220200206310,69,48.75,-167.5,995.63934,,2020-02-20 21:00:00
220200206310,70,48.75,-166.5,996.58936,,2020-02-20 22:00:00
220200206310,71,48.5,-165.75,998.245,,2020-02-20 23:00:00
220200206310,72,48.5,-165.0,998.98938,,2020-02-21 00:00:00
220200206310,73,48.25,-163.75,1000.67688,,2020-02-21 01:00:00
220200206310,74,48.0,-163.0,1002.33246,,2020-02-21 02:00:00
220200206310,75,47.75,-162.25,1003.73688,,2020-02-21 03:00:00
220200206310,76,47.75,-161.75,1004.47247,,2020-02-21 04:00:00
220200206310,77,47.25,-161.0,1006.47498,,2020-02-21 05:00:00
220200206580,0,53.75,167.25,988.1687,,2020-02-16 00:00:00
220200206580,1,53.5,167.0,988.17438,,2020-02-16 01:00:00
220200206580,2,53.5,167.0,988.815,,2020-02-16 02:00:00
220200206580,3,53.5,167.25,989.17871,,2020-02-16 03:00:00
220200206580,4,53.5,167.5,989.17249,,2020-02-16 04:00:00
220200206580,5,53.5,167.5,989.79938,,2020-02-16 05:00:00
220200206580,6,53.25,167.5,990.07623,,2020-02-16 06:00:00
220200206580,7,53.0,167.5,989.96063,,2020-02-16 07:00:00
220200206580,8,52.75,167.5,990.22626,,2020-02-16 08:00:00
220200206580,9,52.25,167.25,991.02313,19.501,2020-02-16 09:00:00
220200206580,10,52.0,167.5,991.08997,,2020-02-16 10:00:00
220200206580,11,51.5,167.5,991.72186,,2020-02-16 11:00:00
220200206580,12,51.25,167.75,992.19434,,2020-02-16 12:00:00
220200206580,13,51.0,168.0,992.495,,2020-02-16 13:00:00
220200206580,14,50.25,168.25,993.89313,,2020-02-16 14:00:00
220200206580,15,50.0,168.5,994.44995,,2020-02-16 15:00:00
220200206580,16,49.5,169.0,995.41998,,2020-02-16 16:00:00
220200206580,17,49.25,169.5,996.46185,,2020-02-16 17:00:00
220200207410,0,54.75,168.0,999.47998,16.367,2020-02-18 00:00:00
220200207410,1,54.75,168.0,999.04498,,2020-02-18 01:00:00
220200207410,2,55.0,168.25,999.04059,,2020-02-18 02:00:00
220200207410,3,55.0,168.25,998.35498,,2020-02-18 03:00:00
220200207410,4,55.0,168.25,997.76312,,2020-02-18 04:00:00
220200207410,5,55.25,168.25,997.43622,,2020-02-18 05:00:00
220200207410,6,55.25,168.0,997.72559,,2020-02-18 06:00:00
220200207410,7,55.25,168.0,996.8725,,2020-02-18 07:00:00
220200207410,8,55.5,168.0,996.65625,,2020-02-18 08:00:00
220200207410,9,55.5,167.75,996.44745,,2020-02-18 09:00:00
220200207410,10,55.75,167.75,996.80621,27.096,2020-02-18 10:00:00
220200207410,11,56.0,167.5,996.89374,26.815,2020-02-18 11:00:00
220200207410,12,56.25,167.5,997.00812,28.004,2020-02-19 12:00:00
220200207410,13,56.5,167.25,997.16058,,2020-02-19 13:00:00
220200207410,14,56.75,167.0,996.70435,,2020-02-19 14:00:00
220200207410,15,56.75,166.75,996.07001,,2020-02-19 15:00:00
220200207410,16,57.0,166.5,995.90936,,2020-02-19 16:00:00
220200207410,17,57.0,166.0,995.67621,,2020-02-19 17:00:00
220200207410,18,57.0,165.25,996.08063,,2020-02-19 18:00:00
220200207410,19,56.75,165.0,995.71185,,2020-02-19 19:00:00
220200207410,20,56.5,164.25,998.33246,,2020-02-19 20:00:00
220200207410,21,56.5,164.0,999.15375,,2020-02-19 21:00:00
220200207410,22,56.25,163.75,999.70245,,2020-02-19 22:00:00
220200207410,23,57.0,163.5,1002.40875,30.367,2020-02-19 23:00:00
220200207410,24,57.0,163.5,1001.49371,,2020-02-20 00:00:00
220200207410,25,57.0,163.5,1002.20996,,2020-02-20 01:00:00
220200207410,26,55.75,163.25,1001.07062,,2020-02-20 02:00:00
220200207410,27,55.5,163.25,1001.69873,,2020-02-20 03:00:00
220200207410,28,55.5,162.25,1003.75873,,2020-02-20 04:00:00
220200207410,29,55.5,162.25,1004.20813,,2020-02-20 05:00:00
220200207810,0,55.25,164.5,1000.57434,,2020-02-19 00:00:00
220200207810,1,55.25,164.25,1001.13873,,2020-02-19 01:00:00
220200207810,2,55.25,164.25,1001.28625,,2020-02-19 02:00:00
220200207810,3,55.25,164.0,1002.23438,,2020-02-19 03:00:00
220200207810,4,55.25,163.75,1002.97748,,2020-02-19 04:00:00
220200207810,5,55.25,163.5,1003.94812,,2020-02-19 05:00:00
220200207810,6,55.0,163.75,1004.2981,,2020-02-20 06:00:00
220200207810,7,55.0,163.75,1004.62872,,2020-02-20 07:00:00
220200207810,8,54.75,164.0,1004.65375,,2020-02-20 08:00:00
220200207810,9,54.75,163.75,1004.94995,,2020-02-20 09:00:00
220200207810,10,54.75,163.75,1005.16125,19.912,2020-02-20 10:00:00
220200207810,11,54.75,163.75,1005.74622,19.876,2020-02-20 11:00:00
220200207810,12,54.5,163.75,1005.99371,,2020-02-20 12:00:00
220200207810,13,54.5,163.75,1006.6875,,2020-02-20 13:00:00
220200207810,14,54.5,163.75,1006.9375,,2020-02-20 14:00:00
220200207810,15,54.5,163.5,1007.48999,,2020-02-20 15:00:00
220200207810,16,54.25,163.5,1008.31311,,2020-02-20 16:00:00
220200207810,17,54.25,163.5,1008.5481,,2020-02-20 17:00:00
220200207810,18,54.0,163.5,1008.49872,,2020-02-20 18:00:00
220200207810,19,53.75,163.5,1008.30872,,2020-02-20 19:00:00
220200207810,20,53.75,163.5,1008.38934,,2020-02-20 20:00:00
220200207810,21,53.75,163.5,1008.57745,,2020-02-20 21:00:00
220200208280,0,58.5,168.25,1007.60498,,2020-02-21 00:00:00
220200208280,1,58.5,168.5,1006.92749,,2020-02-21 01:00:00
220200208280,2,58.5,169.0,1006.21875,,2020-02-21 02:00:00
220200208280,3,58.5,169.25,1006.25934,,2020-02-21 03:00:00
220200208280,4,58.5,169.5,1005.77063,,2020-02-21 04:00:00
220200208280,5,58.5,169.75,1005.53809,,2020-02-21 05:00:00
220200208280,6,58.5,169.75,1005.37811,,2020-02-21 06:00:00
220200208280,7,58.5,170.0,1005.08746,,2020-02-21 07:00:00
220200208280,8,58.75,170.0,1005.24371,,2020-02-21 08:00:00
220200208280,9,58.75,170.25,1005.15375,18.773,2020-02-21 09:00:00
220200208280,10,58.75,170.5,1005.4931,,2020-02-21 10:00:00
220200208280,11,58.75,171.0,1004.96558,,2020-02-21 11:00:00
220200208280,12,58.75,171.25,1004.9812,,2020-02-22 12:00:00
220200208280,13,58.75,171.5,1004.88312,,2020-02-22 13:00:00
220200208280,14,58.75,171.75,1004.70746,,2020-02-22 14:00:00
220200208280,15,58.75,172.0,1004.58563,,2020-02-22 15:00:00
220200208280,16,59.0,174.0,1004.27185,,2020-02-22 16:00:00
220200208280,17,59.0,174.75,1004.45245,,2020-02-22 17:00:00
220200208280,18,59.25,175.0,1004.38873,,2020-02-22 18:00:00
220200208280,19,59.25,175.5,1004.44183,,2020-02-22 19:00:00
220200208280,20,59.25,176.0,1004.25,,2020-02-22 20:00:00
220200208280,21,59.25,176.5,1004.63434,,2020-02-22 21:00:00
220200208280,22,59.5,176.75,1004.95935,,2020-02-22 22:00:00
220200208280,23,59.5,177.5,1004.51624,,2020-02-22 23:00:00
220200208280,24,59.75,178.0,1004.32184,,2020-02-23 00:00:00
220200208280,25,60.0,178.5,1004.07623,,2020-02-23 01:00:00
220200208280,26,60.0,179.0,1004.1781,,2020-02-23 02:00:00
220200208280,27,60.25,-180.0,1004.21063,,2020-02-23 03:00:00
220200208280,28,60.25,-179.25,1003.69812,,2020-02-23 04:00:00
220200208280,29,60.5,-178.25,1003.9325,,2020-02-23 05:00:00
220200208280,30,60.75,-177.5,1004.08936,,2020-02-23 06:00:00
220200208280,31,61.0,-177.0,1004.3656,,2020-02-23 07:00:00
220200208280,32,61.0,-176.5,1004.32373,,2020-02-23 08:00:00
220200208280,33,61.25,-175.75,1004.82062,,2020-02-23 09:00:00
220200208280,34,61.5,-175.0,1005.83124,,2020-02-23 10:00:00
220200208280,35,61.75,-174.5,1006.30249,,2020-02-23 11:00:00
220200208280,36,62.0,-173.75,1007.88373,,2020-02-24 12:00:00
220200208280,37,62.0,-172.75,1009.2475,,2020-02-24 13:00:00
220200208280,38,62.25,-172.25,1009.68433,,2020-02-24 14:00:00
220200208280,39,62.75,-170.75,1012.69183,,2020-02-24 15:00:00
220200208280,40,62.75,-170.5,1012.0625,,2020-02-24 16:00:00
220200208280,41,62.75,-169.25,1014.21307,,2020-02-24 17:00:00
220200208280,42,62.75,-168.75,1014.45245,,2020-02-24 18:00:00
220200208280,43,63.0,-168.0,1015.47186,,2020-02-24 19:00:00
220200208280,44,63.25,-168.0,1015.10687,,2020-02-24 20:00:00
220200208280,45,63.5,-168.0,1015.44501,,2020-02-24 21:00:00
220200208280,46,63.75,-167.0,1017.25433,,2020-02-24 22:00:00
220200208280,47,64.25,-166.5,1018.32996,,2020-02-24 23:00:00
220200208280,48,64.0,-165.25,1019.64246,,2020-02-25 00:00:00
220200208280,49,64.0,-164.25,1020.66559,,2020-02-25 01:00:00
220200208280,50,63.75,-163.5,1021.59375,,2020-02-25 02:00:00
220200210300,0,53.0,162.0,1000.84497,,2020-02-28 00:00:00
220200210300,1,53.0,162.0,1000.56122,,2020-02-28 01:00:00
220200210300,2,52.75,161.0,1001.9281,,2020-02-28 02:00:00
220200210300,3,53.0,160.75,1002.07373,,2020-02-28 03:00:00
220200210300,4,53.0,160.75,1001.63562,,2020-02-28 04:00:00
220200210300,5,52.5,160.5,1001.01562,,2020-02-28 05:00:00
220200210300,6,52.25,160.5,1000.62122,,2020-02-28 06:00:00
220200210300,7,52.0,160.5,1000.09686,,2020-02-28 07:00:00
220200210300,8,52.0,160.5,999.70374,,2020-02-28 08:00:00
220200210300,9,51.75,160.25,999.59808,,2020-02-28 09:00:00
220200210300,10,51.5,160.25,999.39435,,2020-02-28 10:00:00
220200210300,11,51.25,160.0,999.30933,16.384999999999998,2020-02-28 11:00:00
220200210300,12,51.25,160.0,998.35437,17.837999999999997,2020-02-28 12:00:00
220200210300,13,50.75,160.25,997.59998,,2020-02-28 13:00:00
220200210300,14,50.5,160.25,997.49622,,2020-02-28 14:00:00
220200210300,15,50.25,160.25,997.26062,,2020-02-28 15:00:00
220200210300,16,50.0,160.25,997.00623,,2020-02-28 16:00:00
220200210300,17,50.0,160.25,996.51123,,2020-02-28 17:00:00
220200210300,18,49.75,160.75,996.45874,,2020-02-28 18:00:00
220200210300,19,49.5,161.0,996.62933,,2020-02-28 19:00:00
220200210300,20,49.25,161.25,996.6275,,2020-02-28 20:00:00
220200210300,21,49.25,161.25,996.64624,,2020-02-28 21:00:00
220200210300,22,49.0,161.5,998.01245,,2020-02-28 22:00:00
220200210300,23,49.0,161.5,997.41687,,2020-02-28 23:00:00
220200210300,24,48.75,161.75,997.89685,,2020-03-01 00:00:00
220200210300,25,48.75,162.0,997.48871,,2020-03-01 01:00:00
220200210300,26,48.75,162.25,997.02936,,2020-03-01 02:00:00
220200210300,27,48.5,162.25,996.65497,,2020-03-01 03:00:00
220200210300,28,48.5,162.5,996.85437,,2020-03-01 04:00:00
220200210300,29,48.25,162.75,996.91437,,2020-03-01 05:00:00
220200210300,30,48.25,163.0,997.13495,,2020-03-01 06:00:00
220200210750,0,53.75,177.0,979.56433,,2020-02-29 00:00:00
220200210750,1,53.5,176.75,979.73871,,2020-02-29 01:00:00
220200210750,2,53.25,176.5,980.21063,,2020-02-29 02:00:00
220200210750,3,53.0,176.5,980.56183,,2020-02-29 03:00:00
220200210750,4,53.0,176.5,980.95184,,2020-02-29 04:00:00
220200210750,5,52.75,176.25,982.05933,,2020-02-29 05:00:00
220200210750,6,52.5,176.25,982.64496,,2020-02-29 06:00:00
220200210750,7,52.25,176.0,984.39435,,2020-02-29 07:00:00
220200210750,8,52.0,176.0,985.65375,,2020-02-29 08:00:00
220200210750,9,52.0,176.25,986.05371,,2020-03-01 09:00:00
220200210750,10,52.0,176.75,985.77246,,2020-03-01 10:00:00
220200210750,11,52.0,177.0,986.16559,,2020-03-01 11:00:00
220200210750,12,51.75,177.0,987.4256,,2020-03-01 12:00:00
220200210750,13,51.75,177.25,988.02875,,2020-03-01 13:00:00
220200210750,14,51.5,177.25,989.46307,,2020-03-01 14:00:00
220200210750,15,51.5,177.75,990.27063,,2020-03-01 15:00:00
220200210750,16,51.5,178.0,991.47937,,2020-03-01 16:00:00
220200210750,17,51.75,178.75,991.65997,,2020-03-01 17:00:00
220200210750,18,51.75,179.0,992.32495,,2020-03-01 18:00:00
220200210750,19,52.0,179.5,993.63495,,2020-03-01 19:00:00
220200210750,20,52.25,-180.0,993.61871,,2020-03-01 20:00:00
220200210750,21,53.0,-178.5,993.81061,,2020-03-01 21:00:00
220200210750,22,53.0,-178.25,994.76495,,2020-03-01 22:00:00
220200210750,23,53.25,-178.0,995.14124,,2020-03-01 23:00:00
220200210750,24,53.25,-178.0,995.58374,,2020-03-02 00:00:00
220200210750,25,53.0,-178.5,995.61121,,2020-03-02 01:00:00
220200210750,26,52.75,-179.0,995.87933,,2020-03-02 02:00:00
220200210750,27,52.75,-179.0,996.14374,,2020-03-02 03:00:00
220200210750,28,52.75,-178.75,996.62061,,2020-03-02 04:00:00
220200210750,29,52.75,-178.75,997.24811,,2020-03-02 05:00:00
220200210750,30,53.0,-178.75,997.24121,,2020-03-02 06:00:00
220200210750,31,53.0,-178.75,998.2525,,2020-03-02 07:00:00
220200210750,32,53.0,-179.0,998.50372,,2020-03-02 08:00:00
220200210750,33,53.0,-179.0,998.62061,23.899,2020-03-03 09:00:00
220200210750,34,53.0,-179.25,998.73621,24.69,2020-03-03 10:00:00
220200210750,35,52.75,-179.5,998.40247,,2020-03-03 11:00:00
220200210750,36,52.75,-179.75,999.18683,,2020-03-03 12:00:00
220200210750,37,52.75,-179.75,999.47308,,2020-03-03 13:00:00
220200210750,38,52.5,-179.75,999.66748,,2020-03-03 14:00:00
220200210750,39,52.5,-179.75,1000.51434,,2020-03-03 15:00:00
220200210750,40,52.25,-180.0,1001.07495,,2020-03-03 16:00:00
220200210750,41,52.0,-180.0,1001.36371,,2020-03-03 17:00:00
220200210750,42,51.75,-179.75,1001.54498,,2020-03-03 18:00:00
220200210750,43,51.5,-179.75,1002.92499,,2020-03-03 19:00:00
220200210750,44,51.25,-179.75,1003.40747,,2020-03-03 20:00:00
220200210750,45,51.0,-179.5,1004.1087,25.121,2020-03-03 21:00:00
220200210750,46,51.0,-179.25,1004.33685,,2020-03-03 22:00:00
220200210750,47,50.75,-179.0,1005.01373,,2020-03-03 23:00:00
220200210750,48,50.75,-178.75,1004.9837,,2020-03-04 00:00:00
220200210750,49,50.5,-178.5,1005.84998,,2020-03-04 01:00:00
220200210750,50,50.5,-178.0,1006.30249,,2020-03-04 02:00:00
220200210750,51,50.25,-177.75,1007.44061,,2020-03-04 03:00:00
220200210750,52,50.25,-177.25,1007.8562,,2020-03-04 04:00:00
220200210750,53,50.25,-176.75,1008.75562,,2020-03-04 05:00:00
220200210750,54,50.25,-176.5,1009.3075,,2020-03-04 06:00:00
220200210750,55,50.25,-176.0,1010.60559,,2020-03-04 07:00:00
220200210750,56,50.25,-175.5,1010.83313,,2020-03-04 08:00:00
220200210750,57,50.25,-175.0,1011.23688,,2020-03-05 09:00:00
220200210750,58,50.25,-174.75,1012.04437,,2020-03-05 10:00:00
220200210750,59,50.0,-174.25,1012.77625,,2020-03-05 11:00:00
220200210750,60,50.0,-174.0,1013.15247,,2020-03-05 12:00:00
220200210750,61,50.0,-173.5,1013.75562,,2020-03-05 13:00:00
220200210750,62,50.0,-173.25,1014.27496,,2020-03-05 14:00:00
220200210750,63,50.0,-172.75,1015.33063,,2020-03-05 15:00:00
220200210750,64,50.0,-172.5,1015.86121,,2020-03-05 16:00:00
220200210750,65,50.0,-172.25,1016.64813,,2020-03-05 17:00:00
220200210750,66,50.0,-171.75,1016.87122,,2020-03-05 18:00:00
220200304500,0,46.0,149.75,999.38312,,2020-03-13 00:00:00
220200304500,1,46.25,150.5,999.2937,,2020-03-13 01:00:00
220200304500,2,46.75,151.25,998.99933,,2020-03-13 02:00:00
220200304500,3,47.75,152.0,996.76373,,2020-03-13 03:00:00
220200304500,4,48.5,152.75,995.51245,,2020-03-13 04:00:00
220200304500,5,49.0,153.25,993.69562,,2020-03-13 05:00:00
220200304500,6,50.0,153.75,991.89313,,2020-03-13 06:00:00
220200304500,7,50.5,154.0,990.1225,,2020-03-13 07:00:00
220200304500,8,51.25,154.25,988.50183,,2020-03-13 08:00:00
220200304500,9,52.0,154.5,986.92621,,2020-03-13 09:00:00
220200304500,10,52.75,154.5,985.28308,,2020-03-13 10:00:00
220200304500,11,53.5,154.75,984.81433,,2020-03-13 11:00:00
220200304500,12,54.0,155.0,984.39435,,2020-03-13 12:00:00
220200304500,13,54.5,155.0,983.87372,,2020-03-13 13:00:00
220200304500,14,55.0,155.0,984.44,,2020-03-13 14:00:00
220200304500,15,55.75,154.5,983.26874,,2020-03-13 15:00:00
220200304500,16,56.5,153.75,983.22559,,2020-03-14 16:00:00
220200304500,17,57.0,153.5,983.16809,,2020-03-14 17:00:00
220200304500,18,57.25,153.0,983.01434,,2020-03-14 18:00:00
220200304500,19,57.5,152.75,983.48621,,2020-03-14 19:00:00
220200304500,20,57.75,152.0,984.22748,,2020-03-14 20:00:00
220200304500,21,57.75,150.75,985.16248,,2020-03-14 21:00:00
220200304500,22,58.0,150.5,986.63623,,2020-03-14 22:00:00
220200304500,23,58.0,150.0,988.92749,,2020-03-14 23:00:00
220200304500,24,57.75,150.0,988.15997,26.864,2020-03-15 00:00:00
220200311160,0,54.75,-139.25,986.87311,,2020-03-29 00:00:00
220200311160,1,54.25,-139.5,987.53186,,2020-03-29 01:00:00
220200311160,2,54.0,-139.5,987.56683,,2020-03-30 02:00:00
220200311160,3,54.0,-139.25,988.23499,,2020-03-30 03:00:00
220200311160,4,53.5,-138.75,987.9306,,2020-03-30 04:00:00
220200311160,5,53.25,-138.5,988.2431,,2020-03-30 05:00:00
220200311160,6,53.0,-138.0,988.13812,18.38,2020-03-30 06:00:00
220200311160,7,52.75,-137.75,988.88434,17.431,2020-03-30 07:00:00
220200311160,8,52.5,-137.5,989.30933,16.875999999999998,2020-03-30 08:00:00
220200311160,9,52.5,-137.25,989.47937,,2020-03-30 09:00:00
220200311160,10,52.25,-136.75,989.57434,,2020-03-30 10:00:00
220200311160,11,52.0,-136.0,989.46747,,2020-03-30 11:00:00
220200311160,12,52.0,-135.5,989.2356,,2020-03-30 12:00:00
220200311160,13,51.75,-134.75,989.77435,,2020-03-30 13:00:00
220200311160,14,51.75,-134.25,989.78436,,2020-03-30 14:00:00
220200311160,15,51.75,-133.75,989.81183,,2020-03-30 15:00:00
220200311160,16,51.75,-133.5,990.32812,,2020-03-30 16:00:00
220200311160,17,51.75,-133.0,990.96558,,2020-03-30 17:00:00
220200311160,18,51.75,-132.75,991.8125,,2020-03-30 18:00:00
220200311160,19,52.0,-132.0,992.28247,,2020-03-30 19:00:00
220200311160,20,52.0,-132.0,993.00433,17.833,2020-03-30 20:00:00
220200311160,21,52.25,-132.25,993.77185,,2020-03-30 21:00:00
220200311160,22,52.25,-132.25,994.52124,,2020-03-30 22:00:00
220200311160,23,52.25,-132.25,995.14062,,2020-03-30 23:00:00
220200311160,24,52.75,-133.0,996.35059,,2020-03-31 00:00:00
220200311250,0,55.5,-134.5,991.6062,,2020-03-30 00:00:00
220200311250,1,55.5,-134.5,991.36688,,2020-03-30 01:00:00
220200311250,2,55.5,-134.5,991.36438,,2020-03-30 02:00:00
220200311250,3,55.5,-134.5,991.25934,,2020-03-30 03:00:00
220200311250,4,55.25,-134.25,990.76312,,2020-03-30 04:00:00
220200311250,5,55.25,-134.25,990.88562,,2020-03-30 05:00:00
220200311250,6,55.25,-134.25,991.12561,,2020-03-30 06:00:00
220200311250,7,55.0,-134.25,990.26184,,2020-03-30 07:00:00
220200311250,8,54.75,-134.25,989.57996,,2020-03-30 08:00:00
220200311250,9,54.75,-135.0,988.94562,,2020-03-30 09:00:00
220200311250,10,54.75,-135.5,989.47809,,2020-03-30 10:00:00
220200311250,11,54.75,-135.0,989.38062,,2020-03-30 11:00:00
220200311250,12,54.5,-135.0,989.16309,,2020-03-30 12:00:00
220200311250,13,54.5,-135.25,989.8631,,2020-03-30 13:00:00
220200311250,14,53.75,-136.75,990.53809,,2020-03-30 14:00:00
220200311250,15,53.25,-136.75,991.57245,,2020-03-30 15:00:00
220200311250,16,53.25,-136.75,992.08246,,2020-03-30 16:00:00
220200311250,17,53.0,-136.75,993.03809,,2020-03-30 17:00:00
220200311250,18,52.75,-136.5,994.19934,,2020-03-30 18:00:00
220200311250,19,52.5,-136.5,995.27875,19.344,2020-03-30 19:00:00
220200311250,20,52.0,-136.0,996.26685,,2020-03-30 20:00:00
220200311250,21,52.0,-136.0,997.30811,,2020-03-30 21:00:00
220200311250,22,51.75,-135.75,997.77747,,2020-03-30 22:00:00
220200311250,23,51.5,-135.0,998.51495,,2020-03-31 23:00:00
220200311250,24,51.25,-134.25,999.28308,,2020-04-01 00:00:00
220200311250,25,51.25,-133.75,999.63745,,2020-04-01 01:00:00
220200311250,26,51.0,-133.25,1000.61121,,2020-04-01 02:00:00
220200311250,27,50.75,-132.75,1001.57001,,2020-04-01 03:00:00
220200311250,28,50.75,-132.25,1002.24249,,2020-04-01 04:00:00
220200311250,29,50.75,-131.75,1002.86499,,2020-04-01 05:00:00
220200311250,30,50.75,-131.5,1003.58624,,2020-04-01 06:00:00
220200311250,31,50.75,-131.0,1004.1062,,2020-04-01 07:00:00
220200311250,32,50.75,-130.75,1004.76996,,2020-04-01 08:00:00
220200311250,33,50.75,-130.0,1005.5437,,2020-04-01 09:00:00
220200311250,34,50.75,-129.75,1005.96747,,2020-04-01 10:00:00
220200311250,35,51.0,-130.0,1006.20813,,2020-04-01 11:00:00
220200311250,36,51.0,-129.75,1006.48749,,2020-04-01 12:00:00
220200311250,37,51.0,-129.75,1007.3587,,2020-04-01 13:00:00
220200311250,38,51.0,-129.75,1007.91187,,2020-04-01 14:00:00
220200311250,39,51.0,-129.75,1008.73187,,2020-04-01 15:00:00
220200311250,40,51.0,-129.75,1009.25122,,2020-04-01 16:00:00
220200311250,41,50.75,-129.75,1010.00934,,2020-04-01 17:00:00
220200311250,42,50.75,-130.0,1010.77686,,2020-04-01 18:00:00
220200311250,43,50.5,-130.0,1011.56812,,2020-04-01 19:00:00
220200311250,44,50.25,-130.0,1012.02875,,2020-04-01 20:00:00
220200311250,45,50.0,-129.75,1012.83374,,2020-04-01 21:00:00
220200311250,46,49.75,-129.75,1013.58496,,2020-04-01 22:00:00
220200311250,47,49.5,-129.5,1013.60999,,2020-04-02 23:00:00
220200311250,48,49.25,-129.0,1013.66376,,2020-04-03 00:00:00
220200311250,49,49.0,-128.75,1014.01813,,2020-04-03 01:00:00
220200311250,50,48.5,-128.5,1014.4375,,2020-04-03 02:00:00
220200311250,51,48.25,-128.0,1014.64496,,2020-04-03 03:00:00
220200311250,52,48.0,-127.75,1015.09186,,2020-04-03 04:00:00
220200311250,53,47.75,-127.75,1015.47308,,2020-04-03 05:00:00
220200311250,54,47.5,-127.5,1015.3656,,2020-04-03 06:00:00
220200311250,55,47.25,-127.25,1015.79309,,2020-04-03 07:00:00
220200311250,56,47.0,-126.75,1015.69434,,2020-04-03 08:00:00
220200311250,57,47.0,-126.5,1015.1806,,2020-04-03 09:00:00
220200311250,58,46.75,-126.25,1015.32874,,2020-04-03 10:00:00
220200311250,59,46.5,-125.75,1015.17999,,2020-04-03 11:00:00
220200311250,60,46.25,-125.5,1015.19745,,2020-04-03 12:00:00
220200401690,0,56.25,171.75,1022.3606,,2020-04-05 00:00:00
220200401690,1,56.5,172.5,1022.39685,,2020-04-05 01:00:00
220200401690,2,56.5,173.0,1021.88623,,2020-04-05 02:00:00
220200401690,3,56.5,173.75,1021.23688,,2020-04-05 03:00:00
220200401690,4,56.5,174.5,1020.6156,,2020-04-05 04:00:00
220200401690,5,56.5,175.25,1020.51434,,2020-04-05 05:00:00
220200401690,6,56.75,176.0,1020.49432,,2020-04-05 06:00:00
220200401690,7,56.75,176.5,1020.45746,,2020-04-05 07:00:00
220200401690,8,56.75,177.25,1020.16937,,2020-04-05 08:00:00
220200401690,9,56.75,177.75,1020.10748,,2020-04-05 09:00:00
220200401690,10,56.75,178.25,1019.5412,,2020-04-06 10:00:00
220200401690,11,56.75,179.0,1019.21063,,2020-04-06 11:00:00
220200401690,12,56.75,179.5,1019.03625,,2020-04-06 12:00:00
220200401690,13,56.75,-179.75,1018.66058,,2020-04-06 13:00:00
220200401690,14,56.75,-179.0,1017.94873,,2020-04-06 14:00:00
220200401690,15,56.75,-178.25,1017.6062,,2020-04-06 15:00:00
220200401690,16,56.75,-177.5,1017.1781,,2020-04-06 16:00:00
220200401690,17,56.5,-177.0,1017.38062,,2020-04-06 17:00:00
220200401690,18,56.5,-176.25,1017.10437,,2020-04-06 18:00:00
220200401690,19,56.75,-175.5,1016.72247,,2020-04-06 19:00:00
220200401690,20,56.75,-175.0,1016.26624,,2020-04-06 20:00:00
220200401690,21,57.0,-174.25,1015.6062,,2020-04-06 21:00:00
220200401690,22,57.25,-173.5,1014.49432,,2020-04-06 22:00:00
220200401690,23,57.25,-173.0,1014.14246,,2020-04-06 23:00:00
220200401690,24,57.25,-172.5,1013.74933,,2020-04-07 00:00:00
220200401690,25,57.75,-171.75,1012.55499,,2020-04-07 01:00:00
220200401690,26,58.0,-171.25,1011.90375,,2020-04-07 02:00:00
220200401690,27,58.0,-171.0,1011.61688,,2020-04-07 03:00:00
220200401690,28,58.0,-170.5,1011.16187,,2020-04-07 04:00:00
220200401690,29,58.0,-170.25,1010.99188,,2020-04-07 05:00:00
220200401690,30,58.0,-169.75,1010.435,,2020-04-07 06:00:00
220200401690,31,58.0,-169.5,1010.01685,,2020-04-07 07:00:00
220200401690,32,58.0,-169.25,1008.4837,37.667,2020-04-07 08:00:00
220200401690,33,57.75,-169.0,1008.18811,36.983,2020-04-07 09:00:00
220200401690,34,57.75,-168.75,1007.96185,,2020-04-08 10:00:00
220200401690,35,57.75,-168.25,1007.16809,,2020-04-08 11:00:00
220200401690,36,57.75,-168.0,1006.59808,,2020-04-08 12:00:00
220200401690,37,57.5,-167.25,1006.44183,,2020-04-08 13:00:00
220200401690,38,57.5,-166.75,1006.02185,,2020-04-08 14:00:00
220200401690,39,57.25,-166.5,1006.04559,,2020-04-08 15:00:00
220200401690,40,57.25,-166.0,1005.98187,,2020-04-08 16:00:00
220200401690,41,57.25,-165.5,1006.33063,,2020-04-08 17:00:00
220200401690,42,57.25,-165.0,1006.31183,,2020-04-08 18:00:00
220200401690,43,57.25,-164.75,1006.63,,2020-04-08 19:00:00
220200401690,44,57.25,-164.5,1006.27686,,2020-04-08 20:00:00
220200401690,45,57.0,-164.0,1006.42188,,2020-04-08 21:00:00
220200401690,46,57.0,-163.75,1006.53058,,2020-04-08 22:00:00
220200401690,47,57.0,-163.25,1006.6181,,2020-04-08 23:00:00
220200401690,48,57.0,-163.0,1006.39246,,2020-04-09 00:00:00
220200401690,49,57.0,-162.75,1006.74249,,2020-04-09 01:00:00
220200401690,50,56.75,-162.25,1006.83313,,2020-04-09 02:00:00
220200401690,51,56.75,-162.0,1007.16498,,2020-04-09 03:00:00
220200401690,52,56.5,-161.5,1007.65686,,2020-04-09 04:00:00
220200401690,53,56.5,-161.25,1008.00122,,2020-04-09 05:00:00
220200401690,54,56.5,-161.0,1008.35248,,2020-04-09 06:00:00
220200401690,55,56.5,-160.75,1008.58374,,2020-04-09 07:00:00
220200401690,56,56.5,-160.75,1009.48499,,2020-04-09 08:00:00
220201008000,0,80.0,152.25,994.82373,17.063,2020-10-26 00:00:00
220201008000,1,79.25,149.5,994.38373,17.638,2020-10-26 01:00:00
220201008000,2,79.0,149.5,994.25372,18.918,2020-10-26 02:00:00
220201008000,3,78.75,149.75,994.32434,,2020-10-26 03:00:00
220201008000,4,78.75,150.75,994.08563,21.739,2020-10-26 04:00:00
220201008000,5,78.5,151.5,994.39746,,2020-10-26 05:00:00
220201008000,6,78.25,152.75,994.1781,,2020-10-26 06:00:00
220201008000,7,78.0,154.0,994.30499,,2020-10-26 07:00:00
220201008000,8,77.75,155.0,994.59186,28.189000000000004,2020-10-26 08:00:00
220201008000,9,77.5,156.0,994.64996,30.188,2020-10-26 09:00:00
220201008000,10,77.25,158.0,995.3056,25.169000000000004,2020-10-26 10:00:00
220201008000,11,77.25,158.5,994.51434,24.053,2020-10-26 11:00:00
220201008000,12,77.0,159.75,994.80249,,2020-10-26 12:00:00
220201008000,13,77.0,161.25,994.60748,,2020-10-26 13:00:00
220201008000,14,76.75,162.5,994.45374,,2020-10-26 14:00:00
220201008000,15,76.5,163.75,995.07935,,2020-10-26 15:00:00
220201008000,16,76.5,165.75,994.43933,,2020-10-26 16:00:00
220201008000,17,76.5,167.5,994.17999,,2020-10-26 17:00:00
220201008000,18,76.25,168.75,994.80249,,2020-10-26 18:00:00
220201008000,19,76.25,170.75,994.94934,,2020-10-26 19:00:00
220201008000,20,76.25,172.25,995.21497,,2020-10-26 20:00:00
220201008000,21,76.25,174.0,994.93622,,2020-10-27 21:00:00
220201008000,22,76.25,175.5,994.92059,,2020-10-27 22:00:00
220201008000,23,76.25,177.25,994.47308,,2020-10-27 23:00:00
220201008000,24,76.25,179.0,994.2937,,2020-10-28 00:00:00
220201008000,25,76.25,-179.5,993.9812,,2020-10-28 01:00:00
220201008000,26,76.25,-178.25,994.23187,,2020-10-28 02:00:00
220201008000,27,76.25,-177.0,993.82062,,2020-10-28 03:00:00
220201008000,28,76.25,-176.0,993.9375,,2020-10-28 04:00:00
220201008000,29,76.25,-175.25,994.25122,,2020-10-28 05:00:00
220201008000,30,76.25,-174.25,994.29187,,2020-10-28 06:00:00
220201008000,31,76.0,-173.25,995.66809,,2020-10-28 07:00:00
220201008000,32,76.0,-172.0,995.77374,,2020-10-28 08:00:00
220201008000,33,75.75,-171.0,996.24188,,2020-10-28 09:00:00
220201008000,34,75.75,-169.75,996.08997,,2020-10-28 10:00:00
220201008000,35,75.5,-168.5,996.71246,,2020-10-28 11:00:00
220201008000,36,75.25,-167.5,996.82123,,2020-10-28 12:00:00
220201008000,37,75.0,-166.5,997.24561,,2020-10-28 13:00:00
220201008000,38,75.0,-165.0,996.85059,,2020-10-28 14:00:00
220201008000,39,74.75,-164.0,997.5556,,2020-10-28 15:00:00
220201008000,40,74.75,-163.0,997.31873,,2020-10-28 16:00:00
220201008000,41,74.5,-162.0,998.12433,,2020-10-28 17:00:00
220201008000,42,74.5,-161.0,998.01184,,2020-10-28 18:00:00
220201008000,43,74.5,-159.75,998.0412,,2020-10-28 19:00:00
220201008000,44,74.5,-158.5,998.05621,,2020-10-28 20:00:00
220201008000,45,74.25,-157.25,998.35999,,2020-10-29 21:00:00
220201008000,46,74.25,-156.25,998.47687,,2020-10-29 22:00:00
220201008000,47,74.0,-155.25,998.88562,,2020-10-29 23:00:00
220201008000,48,74.0,-154.0,998.76562,,2020-10-30 00:00:00
220201008000,49,73.75,-152.75,999.51123,,2020-10-30 01:00:00
220201008800,0,80.0,166.25,995.85187,,2020-10-28 00:00:00
220201008800,1,79.75,167.5,994.31372,,2020-10-28 01:00:00
220201008800,2,79.25,167.75,992.83875,,2020-10-29 02:00:00
220201008800,3,79.5,169.75,992.59875,,2020-10-29 03:00:00
220201008800,4,79.75,172.0,991.78748,,2020-10-29 04:00:00
220201008800,5,80.0,173.75,991.59186,,2020-10-29 05:00:00
220201008800,6,80.0,174.5,990.45374,,2020-10-29 06:00:00
220201008800,7,80.0,174.75,989.96875,,2020-10-29 07:00:00
220201008800,8,80.0,175.0,989.2312,,2020-10-29 08:00:00
220201008800,9,80.0,174.75,989.78186,,2020-10-29 09:00:00
220201008800,10,80.0,174.0,990.76935,,2020-10-29 10:00:00
220201008800,11,79.75,172.5,992.84686,,2020-10-29 11:00:00
220201008800,12,79.25,172.25,992.90125,,2020-10-29 12:00:00
220201008800,13,79.0,174.5,990.065,,2020-10-29 13:00:00
220201008800,14,78.75,174.75,990.47937,,2020-10-29 14:00:00
220201008800,15,78.5,175.25,991.0412,,2020-10-29 15:00:00
220201008800,16,78.25,175.75,991.37872,,2020-10-29 16:00:00
220201008800,17,78.0,176.25,991.36121,,2020-10-29 17:00:00
220201008800,18,77.75,176.75,992.12061,,2020-10-29 18:00:00
220201008800,19,77.5,177.25,992.75995,,2020-10-29 19:00:00
220201008800,20,77.25,178.0,993.26685,,2020-10-29 20:00:00
220201008800,21,77.25,178.5,993.68311,,2020-10-29 21:00:00
220201008800,22,77.0,179.25,994.23248,,2020-10-29 22:00:00
220201008800,23,76.75,179.75,994.87183,,2020-10-29 23:00:00
220201008800,24,76.5,-179.75,994.97626,,2020-10-30 00:00:00
220201008800,25,76.25,-179.5,995.58807,,2020-10-30 01:00:00
220201008800,26,76.25,-179.25,996.19312,,2020-10-31 02:00:00
220201008800,27,76.0,-179.0,996.2312,,2020-10-31 03:00:00
220201008800,28,75.75,-178.75,996.86188,,2020-10-31 04:00:00
220201008800,29,75.5,-178.25,997.4187,,2020-10-31 05:00:00
220201008800,30,75.25,-177.75,997.94373,,2020-10-31 06:00:00
220201008800,31,74.75,-177.0,997.75623,27.557,2020-10-31 07:00:00
220201008800,32,74.5,-176.5,998.22437,28.157,2020-10-31 08:00:00
220201008800,33,74.25,-176.0,998.66998,27.628000000000004,2020-10-31 09:00:00
220201008800,34,73.75,-175.5,999.03186,,2020-10-31 10:00:00
220201008800,35,73.5,-175.0,999.43811,,2020-10-31 11:00:00
220201008800,36,73.0,-174.0,998.84058,,2020-10-31 12:00:00
220201008800,37,72.75,-173.0,998.90747,,2020-10-31 13:00:00
220201008800,38,72.5,-172.25,998.79059,,2020-10-31 14:00:00
220201008800,39,72.0,-171.25,998.80438,,2020-10-31 15:00:00
220201008800,40,71.75,-170.25,998.65747,,2020-10-31 16:00:00
220201008800,41,71.5,-169.25,998.15808,,2020-10-31 17:00:00
220201008800,42,71.25,-168.25,998.00995,,2020-10-31 18:00:00
220201008800,43,71.0,-167.5,998.30682,,2020-10-31 19:00:00
220201008800,44,70.75,-167.0,998.3056,,2020-10-31 20:00:00
220201008800,45,70.5,-166.25,998.60498,,2020-10-31 21:00:00
220201008800,46,70.25,-165.5,998.99872,,2020-10-31 22:00:00
220201008800,47,70.0,-163.75,998.94934,,2020-10-31 23:00:00
220201008800,48,69.75,-163.75,999.43872,22.596,2020-11-01 00:00:00
220201008800,49,69.75,-163.75,999.3031,,2020-11-01 01:00:00
220201008800,50,69.5,-164.5,1001.31433,,2020-11-02 02:00:00
220201008800,51,69.5,-164.25,1001.51746,,2020-11-02 03:00:00
220201009220,0,74.5,-161.5,999.3031,,2020-10-30 00:00:00
220201009220,1,74.5,-161.75,998.34308,21.57,2020-10-30 01:00:00
220201009220,2,74.75,-161.75,998.60748,,2020-10-30 02:00:00
220201009220,3,74.75,-161.75,998.45312,,2020-10-30 03:00:00
220201009220,4,75.0,-162.0,998.73938,,2020-10-30 04:00:00
220201009220,5,75.0,-162.25,999.13373,,2020-10-30 05:00:00
220201009220,6,75.0,-162.5,999.17188,,2020-10-30 06:00:00
220201009220,7,74.75,-162.75,999.16248,,2020-10-30 07:00:00
220201009220,8,74.5,-162.75,999.45685,19.965,2020-10-30 08:00:00
220201009220,9,74.5,-163.0,999.48938,,2020-10-30 09:00:00
220201009220,10,74.5,-163.5,1000.38373,,2020-10-30 10:00:00
220201009220,11,74.25,-163.25,1000.68872,,2020-10-30 11:00:00
220201009220,12,74.25,-163.25,1001.07312,,2020-10-30 12:00:00
220201100850,0,71.5,165.5,1010.01373,,2020-11-02 00:00:00
220201100850,1,71.25,166.25,1009.66058,,2020-11-02 01:00:00
220201100850,2,71.0,167.5,1009.79309,,2020-11-02 02:00:00
220201100850,3,71.0,168.5,1009.0556,,2020-11-03 03:00:00
220201100850,4,70.5,169.75,1011.51813,,2020-11-03 04:00:00
220201100850,5,70.5,171.0,1010.77435,,2020-11-03 05:00:00
220201100850,6,70.5,172.5,1009.52808,,2020-11-03 06:00:00
220201100850,7,70.5,173.5,1008.75433,,2020-11-03 07:00:00
220201100850,8,70.25,174.5,1010.08936,,2020-11-03 08:00:00
220201100850,9,70.25,176.0,1009.43872,,2020-11-03 09:00:00
220201100850,10,70.25,176.75,1008.71375,,2020-11-03 10:00:00
220201100850,11,70.25,178.0,1007.815,,2020-11-03 11:00:00
220201100850,12,70.25,178.25,1007.61621,,2020-11-03 12:00:00
220201100850,13,70.5,-179.0,1005.90125,,2020-11-03 13:00:00
220201100850,14,70.5,-178.75,1005.78937,,2020-11-03 14:00:00
220201100850,15,70.25,-177.25,1005.27435,,2020-11-03 15:00:00
220201100850,16,70.0,-176.0,1005.74371,,2020-11-03 16:00:00
220201100890,0,50.5,144.25,999.85187,,2020-11-02 00:00:00
220201100890,1,50.5,144.25,999.60938,,2020-11-02 01:00:00
220201100890,2,51.0,145.25,998.03687,,2020-11-03 02:00:00
220201100890,3,51.25,145.5,997.01312,,2020-11-03 03:00:00
220201100890,4,51.75,146.0,996.01813,,2020-11-03 04:00:00
220201100890,5,52.0,146.25,995.18811,,2020-11-03 05:00:00
220201100890,6,52.5,146.25,994.39935,,2020-11-03 06:00:00
220201100890,7,53.0,146.5,993.00684,,2020-11-03 07:00:00
220201100890,8,53.5,146.5,992.12622,,2020-11-03 08:00:00
220201100890,9,53.75,146.5,991.30371,,2020-11-03 09:00:00
220201100890,10,54.25,146.5,990.4325,,2020-11-03 10:00:00
220201100890,11,54.5,146.25,989.26874,,2020-11-03 11:00:00
220201100890,12,54.75,146.25,988.96625,,2020-11-03 12:00:00
220201100890,13,55.0,146.0,988.17688,,2020-11-03 13:00:00
220201100890,14,55.5,145.75,985.88684,,2020-11-03 14:00:00
220201100890,15,55.75,145.5,984.4187,,2020-11-03 15:00:00
220201100890,16,56.0,145.0,983.07434,,2020-11-03 16:00:00
220201100890,17,56.0,144.75,981.85437,,2020-11-03 17:00:00
220201100890,18,56.0,144.5,980.63812,,2020-11-03 18:00:00
220201100890,19,56.0,144.5,979.36438,,2020-11-03 19:00:00
220201100890,20,56.25,144.5,977.31122,,2020-11-03 20:00:00
220201100890,21,56.25,144.5,976.34558,,2020-11-03 21:00:00
220201100890,22,56.5,144.75,975.42188,,2020-11-03 22:00:00
220201100890,23,56.0,143.5,975.80438,,2020-11-03 23:00:00
220201100890,24,56.0,143.75,972.7962,43.66600000000001,2020-11-04 00:00:00
220201100890,25,56.25,144.0,971.04688,43.328,2020-11-04 01:00:00
220201100890,26,56.5,144.25,970.5575,,2020-11-05 02:00:00
220201100890,27,56.5,144.25,969.85498,,2020-11-05 03:00:00
220201100890,28,56.5,144.0,969.28937,,2020-11-05 04:00:00
220201100890,29,56.5,144.0,969.02496,,2020-11-05 05:00:00
220201100890,30,56.5,144.0,968.85687,,2020-11-05 06:00:00
220201100890,31,56.5,144.0,968.96936,,2020-11-05 07:00:00
220201100890,32,56.25,144.0,969.04498,,2020-11-05 08:00:00
220201100890,33,56.25,144.0,968.93622,,2020-11-05 09:00:00
220201100890,34,56.25,144.25,969.35809,41.661,2020-11-05 10:00:00
220201100890,35,56.25,144.5,969.38,41.758,2020-11-05 11:00:00
220201100890,36,56.0,144.75,970.32623,,2020-11-05 12:00:00
220201100890,37,56.0,144.75,970.38873,,2020-11-05 13:00:00
220201100890,38,56.0,145.0,970.34497,,2020-11-05 14:00:00
220201100890,39,55.75,145.25,970.54559,,2020-11-05 15:00:00
220201100890,40,55.75,145.5,970.21936,,2020-11-05 16:00:00
220201100890,41,55.5,146.0,970.495,,2020-11-05 17:00:00
220201100890,42,55.5,146.25,970.57434,,2020-11-05 18:00:00
220201100890,43,55.5,146.5,970.74432,,2020-11-05 19:00:00
220201100890,44,55.5,147.0,970.76624,,2020-11-05 20:00:00
220201100890,45,55.5,147.25,970.96936,,2020-11-05 21:00:00
220201100890,46,55.25,147.75,971.13873,,2020-11-05 22:00:00
220201100890,47,55.25,148.0,971.15625,,2020-11-05 23:00:00
220201100890,48,55.25,148.25,971.9281,,2020-11-06 00:00:00
220201100890,49,55.0,148.75,972.78125,,2020-11-06 01:00:00
220201100890,50,55.0,149.25,973.00751,,2020-11-07 02:00:00
220201100890,51,55.0,150.0,972.70374,,2020-11-07 03:00:00
220201100890,52,54.75,150.75,973.60498,,2020-11-07 04:00:00
220201100890,53,54.75,151.25,973.34747,,2020-11-07 05:00:00
220201100890,54,54.75,151.75,973.83875,,2020-11-07 06:00:00
220201100890,55,54.75,152.5,973.98438,,2020-11-07 07:00:00
220201100890,56,54.75,153.0,974.48938,,2020-11-07 08:00:00
220201100890,57,54.75,154.0,975.0462,,2020-11-07 09:00:00
220201100890,58,54.75,155.0,976.20496,,2020-11-07 10:00:00
220201100890,59,55.0,155.0,975.84875,,2020-11-07 11:00:00
220201100890,60,55.25,155.0,976.35809,,2020-11-07 12:00:00
220201100890,61,55.25,155.0,978.39374,,2020-11-07 13:00:00
220201101150,0,69.75,-168.25,1003.07684,,2020-11-03 00:00:00
220201101150,1,69.75,-167.75,1002.93372,,2020-11-03 01:00:00
220201101150,2,69.0,-167.25,1002.87183,,2020-11-03 02:00:00
220201101150,3,70.0,-166.75,1001.26434,,2020-11-03 03:00:00
220201101150,4,70.0,-166.5,1000.70062,,2020-11-03 04:00:00
220201101150,5,70.25,-166.0,1000.07184,,2020-11-03 05:00:00
220201101150,6,70.5,-165.75,999.4187,,2020-11-03 06:00:00
220201101150,7,70.75,-165.25,998.9306,,2020-11-03 07:00:00
220201101150,8,70.75,-165.0,998.41187,24.399,2020-11-03 08:00:00
220201101150,9,71.0,-164.75,998.02936,26.401,2020-11-03 09:00:00
220201101150,10,71.25,-164.5,997.56622,,2020-11-03 10:00:00
220201101150,11,71.5,-164.25,997.16937,,2020-11-03 11:00:00
220201101150,12,71.5,-163.75,996.815,,2020-11-04 12:00:00
220201101150,13,72.0,-163.75,996.6225,,2020-11-04 13:00:00
220201101150,14,72.25,-163.25,995.76434,,2020-11-04 14:00:00
220201101150,15,72.25,-163.0,995.84998,,2020-11-04 15:00:00
220201101150,16,72.5,-163.0,995.12183,,2020-11-04 16:00:00
220201101150,17,72.5,-162.75,994.70935,,2020-11-04 17:00:00
220201101150,18,72.75,-162.5,994.67999,,2020-11-04 18:00:00
220201101150,19,72.75,-162.25,994.48999,,2020-11-04 19:00:00
220201101150,20,72.75,-162.0,994.12433,,2020-11-04 20:00:00
220201101150,21,72.75,-161.75,994.58496,,2020-11-04 21:00:00
220201101150,22,72.75,-161.5,994.31,30.898000000000003,2020-11-04 22:00:00
220201101150,23,72.75,-161.0,994.65997,,2020-11-04 23:00:00
220201101150,24,72.5,-160.25,994.75995,,2020-11-05 00:00:00
220201101150,25,72.5,-159.75,995.28558,,2020-11-05 01:00:00
220201101150,26,72.5,-159.0,995.55811,,2020-11-05 02:00:00
220201101150,27,72.25,-158.0,996.62,,2020-11-05 03:00:00
220201101150,28,72.25,-157.0,997.21307,,2020-11-05 04:00:00
220201101150,29,72.0,-156.0,997.84558,,2020-11-05 05:00:00
220201101150,30,72.0,-155.25,998.61871,,2020-11-05 06:00:00
220201101150,31,72.25,-154.0,998.77435,,2020-11-05 07:00:00
220201101150,32,72.25,-153.0,999.08124,,2020-11-05 08:00:00
220201101150,33,72.25,-151.75,999.995,,2020-11-05 09:00:00
220201101150,34,72.25,-150.75,1000.85809,,2020-11-05 10:00:00
220201101150,35,72.25,-149.5,1001.26373,,2020-11-05 11:00:00
220201101150,36,72.25,-148.0,1002.29498,,2020-11-06 12:00:00
220201101150,37,72.25,-146.75,1002.52124,,2020-11-06 13:00:00
220201101150,38,72.25,-145.75,1003.16498,,2020-11-06 14:00:00
220201101150,39,72.25,-144.25,1003.71246,,2020-11-06 15:00:00
220201101150,40,72.25,-143.0,1004.14124,,2020-11-06 16:00:00
220201101150,41,72.25,-141.75,1004.76685,,2020-11-06 17:00:00
220201101150,42,72.25,-140.5,1004.91687,,2020-11-06 18:00:00
220201101150,43,72.25,-139.25,1005.71875,,2020-11-06 19:00:00
220201101150,44,72.25,-138.0,1005.88251,,2020-11-06 20:00:00
220201101150,45,72.5,-136.75,1005.96375,,2020-11-06 21:00:00
220201101150,46,72.5,-135.5,1006.20813,,2020-11-06 22:00:00
220201101150,47,72.5,-134.5,1006.53125,,2020-11-06 23:00:00
220201103360,0,56.5,145.0,1000.28998,,2020-11-08 00:00:00
220201103360,1,56.5,145.0,1000.30811,,2020-11-08 01:00:00
220201103360,2,57.25,145.5,1000.18182,,2020-11-08 02:00:00
220201103360,3,57.25,145.5,999.94312,,2020-11-08 03:00:00
220201103360,4,57.25,145.25,1000.28058,,2020-11-08 04:00:00
220201103360,5,57.0,144.75,1000.22998,,2020-11-08 05:00:00
220201103360,6,56.75,144.5,1000.20874,,2020-11-08 06:00:00
220201103360,7,56.5,144.5,999.20996,,2020-11-08 07:00:00
220201103360,8,56.5,144.25,999.82874,,2020-11-08 08:00:00
220201103360,9,56.25,144.25,999.68311,,2020-11-08 09:00:00
220201103360,10,55.75,144.25,999.245,,2020-11-08 10:00:00
220201103360,11,55.75,144.0,999.62811,20.663,2020-11-08 11:00:00
220201103360,12,55.5,143.75,999.98059,20.807,2020-11-09 12:00:00
220201103360,13,55.25,143.75,1000.03748,,2020-11-09 13:00:00
220201103360,14,55.25,143.5,1000.25684,,2020-11-09 14:00:00
220201103360,15,54.75,143.5,1000.72559,,2020-11-09 15:00:00
220201103360,16,54.5,143.5,1000.79437,,2020-11-09 16:00:00
220201103660,0,55.75,143.0,1001.87811,,2020-11-09 00:00:00
220201103660,1,55.5,143.0,1001.78058,17.326,2020-11-09 01:00:00
220201103660,2,55.5,143.0,1001.96875,17.723,2020-11-09 02:00:00
220201103660,3,55.5,142.75,1002.82935,,2020-11-09 03:00:00
220201103660,4,55.25,142.75,1002.70062,,2020-11-09 04:00:00
220201103660,5,55.25,142.75,1003.15625,,2020-11-09 05:00:00
220201103660,6,54.75,142.75,1003.53558,,2020-11-09 06:00:00
220201103660,7,54.75,142.5,1003.86499,,2020-11-09 07:00:00
220201103660,8,54.75,142.5,1003.58185,,2020-11-09 08:00:00
220201103660,9,54.75,142.5,1003.25812,,2020-11-09 09:00:00
220201103660,10,54.75,142.25,1003.74432,,2020-11-09 10:00:00
220201103660,11,54.75,142.25,1003.31873,18.015,2020-11-09 11:00:00
220201103660,12,54.75,142.25,1003.34875,17.199,2020-11-09 12:00:00
220201103660,13,54.75,142.25,1003.0675,,2020-11-09 13:00:00
220201104350,0,57.75,153.0,1002.30499,17.28,2020-11-10 00:00:00
220201104350,1,58.0,153.25,1002.10559,20.089,2020-11-10 01:00:00
220201104350,2,58.0,153.5,1001.19562,,2020-11-10 02:00:00
220201104350,3,58.0,154.0,1001.16187,,2020-11-10 03:00:00
220201104350,4,58.0,154.25,1000.83563,,2020-11-10 04:00:00
220201104350,5,58.25,154.5,1000.75183,,2020-11-10 05:00:00
220201104350,6,58.25,154.75,1000.56433,,2020-11-10 06:00:00
220201104350,7,58.25,155.0,999.20245,,2020-11-10 07:00:00
220201104350,8,58.5,155.25,1000.1131,,2020-11-10 08:00:00
220201104350,9,58.5,155.5,999.51685,,2020-11-11 09:00:00
220201104350,10,58.5,156.0,999.64124,,2020-11-11 10:00:00
220201104350,11,58.25,156.5,1000.38562,31.462,2020-11-11 11:00:00
220201104350,12,58.25,156.75,1000.92249,,2020-11-11 12:00:00
220201104350,13,58.25,157.0,1001.16125,,2020-11-11 13:00:00
220201104350,14,58.25,157.25,1001.84375,,2020-11-11 14:00:00
220201104350,15,58.5,158.0,1001.29187,,2020-11-11 15:00:00
220201104350,16,58.5,158.0,1001.81372,,2020-11-11 16:00:00
220201104350,17,58.75,158.5,1001.74561,,2020-11-11 17:00:00
220201104350,18,58.75,158.5,1002.29999,,2020-11-11 18:00:00
220201104350,19,59.0,159.0,1002.22498,,2020-11-11 19:00:00
220201105570,0,52.75,-156.5,1001.66376,,2020-11-14 00:00:00
220201105570,1,53.0,-156.0,1000.94312,,2020-11-14 01:00:00
220201105570,2,53.0,-155.5,1000.38373,,2020-11-14 02:00:00
220201105570,3,53.0,-155.0,999.42621,,2020-11-14 03:00:00
220201105570,4,53.0,-154.5,999.01495,,2020-11-14 04:00:00
220201105570,5,53.0,-154.0,998.54248,,2020-11-14 05:00:00
220201105570,6,53.0,-153.75,998.43683,,2020-11-14 06:00:00
220201105570,7,53.25,-153.25,998.28876,,2020-11-14 07:00:00
220201105570,8,53.0,-153.0,997.89624,26.215,2020-11-14 08:00:00
220201105570,9,53.0,-152.75,997.62311,,2020-11-14 09:00:00
220201105570,10,53.0,-152.25,997.13,,2020-11-14 10:00:00
220201105570,11,52.75,-152.0,997.34308,,2020-11-14 11:00:00
220201105570,12,52.75,-151.75,997.23621,,2020-11-14 12:00:00
220201105570,13,52.5,-151.25,997.00372,,2020-11-14 13:00:00
220201105570,14,52.5,-151.0,997.37372,,2020-11-14 14:00:00
220201105570,15,52.25,-150.5,997.49121,,2020-11-14 15:00:00
220201105570,16,52.0,-150.0,997.71936,,2020-11-14 16:00:00
220201105570,17,52.0,-149.5,997.93433,,2020-11-14 17:00:00
220201105570,18,51.75,-149.0,998.42749,,2020-11-14 18:00:00
220201105570,19,51.5,-148.5,998.66309,,2020-11-14 19:00:00
220201105570,20,51.5,-148.0,998.96124,21.885,2020-11-14 20:00:00
220201105570,21,51.25,-147.5,999.97125,,2020-11-14 21:00:00
220201105570,22,51.25,-147.0,999.62372,,2020-11-14 22:00:00
220201105570,23,51.0,-146.25,999.39062,,2020-11-15 23:00:00
220201105570,24,50.75,-145.5,999.46558,,2020-11-16 00:00:00
220201105570,25,50.75,-144.75,999.1712,,2020-11-16 01:00:00
220201105570,26,50.5,-144.25,999.56433,,2020-11-16 02:00:00
220201105570,27,50.5,-144.0,999.79999,,2020-11-16 03:00:00
220201105570,28,50.75,-143.75,999.84747,,2020-11-16 04:00:00
220201105570,29,51.0,-143.75,1000.58807,,2020-11-16 05:00:00
220201105570,30,50.5,-142.25,1000.73621,,2020-11-16 06:00:00
220201105570,31,50.25,-141.5,1001.27124,,2020-11-16 07:00:00
220201105570,32,50.5,-142.0,1001.935,,2020-11-16 08:00:00
220201105570,33,50.0,-140.25,1002.22687,,2020-11-16 09:00:00
220201108720,0,54.75,152.25,982.57745,34.541,2020-11-22 00:00:00
220201108720,1,54.5,152.25,982.73871,,2020-11-22 01:00:00
220201108720,2,54.0,152.25,983.41125,,2020-11-22 02:00:00
220201108720,3,54.0,152.5,983.55371,,2020-11-22 03:00:00
220201108720,4,54.0,153.0,984.0025,,2020-11-22 04:00:00
220201108720,5,53.75,153.25,985.3031,,2020-11-22 05:00:00
220201108720,6,53.5,153.75,985.6106,,2020-11-23 06:00:00
220201108720,7,53.25,154.25,986.39062,,2020-11-23 07:00:00
220201108720,8,52.25,156.0,987.84937,,2020-11-23 08:00:00
220201108720,9,53.0,155.5,987.62683,,2020-11-23 09:00:00
220201108720,10,53.5,155.5,987.56122,,2020-11-23 10:00:00
220201204600,0,57.5,148.5,1004.8175,,2020-12-12 00:00:00
220201204600,1,57.5,148.0,1004.14496,,2020-12-12 01:00:00
220201204600,2,57.25,147.5,1004.20996,,2020-12-12 02:00:00
220201204600,3,57.25,147.0,1003.51495,,2020-12-12 03:00:00
220201204600,4,57.25,146.75,1003.01062,,2020-12-12 04:00:00
220201204600,5,57.0,146.25,1003.16248,,2020-12-12 05:00:00
220201204600,6,57.0,145.75,1002.78687,,2020-12-12 06:00:00
220201204600,7,57.0,145.5,1002.02063,,2020-12-12 07:00:00
220201204600,8,57.0,145.0,1002.01184,,2020-12-12 08:00:00
220201204600,9,56.75,144.5,1002.06561,,2020-12-12 09:00:00
220201204600,10,56.75,144.25,1001.50684,,2020-12-12 10:00:00
220201204600,11,56.75,143.75,1001.9375,30.279,2020-12-12 11:00:00
220201204600,12,56.5,143.5,1001.43933,,2020-12-12 12:00:00
220201204600,13,56.5,143.0,1001.12933,,2020-12-13 13:00:00
220201204600,14,56.25,142.75,1000.21936,,2020-12-13 14:00:00
220201204600,15,56.25,142.5,999.40057,,2020-12-13 15:00:00
220201204600,16,56.0,142.0,999.4787,,2020-12-13 16:00:00
220201204600,17,56.0,141.75,999.17249,,2020-12-13 17:00:00
220201204600,18,55.75,141.5,998.66248,,2020-12-13 18:00:00
220201204600,19,55.75,141.25,998.67499,,2020-12-13 19:00:00
220201204600,20,55.75,141.0,999.25812,,2020-12-13 20:00:00
220201204600,21,55.5,140.75,998.81,,2020-12-13 21:00:00
220201204600,22,55.25,140.5,998.685,,2020-12-13 22:00:00
220201204600,23,55.0,140.25,999.04248,,2020-12-13 23:00:00
220201204600,24,54.75,139.75,1001.65057,,2020-12-14 00:00:00
220201204600,25,54.75,139.75,999.85559,,2020-12-14 01:00:00
220201204600,26,54.75,138.75,1004.69434,,2020-12-14 02:00:00
220201204600,27,54.75,138.75,1003.72937,,2020-12-14 03:00:00
220201204600,28,54.75,138.75,1003.02374,,2020-12-14 04:00:00
220201205820,0,47.25,152.0,972.44684,22.073,2020-12-15 00:00:00
220201205820,1,47.5,153.25,971.58185,21.471,2020-12-15 01:00:00
220201205820,2,47.5,153.75,971.25562,,2020-12-15 02:00:00
220201205820,3,47.5,154.25,971.52875,,2020-12-15 03:00:00
220201205820,4,47.75,155.25,971.17999,,2020-12-15 04:00:00
220201205820,5,48.0,155.75,970.42749,,2020-12-15 05:00:00
220201205820,6,48.25,156.5,970.13184,,2020-12-15 06:00:00
220201205820,7,48.75,157.75,972.98059,,2020-12-15 07:00:00
220201205820,8,49.0,158.25,971.9375,,2020-12-15 08:00:00
220201205820,9,49.0,158.75,972.86688,21.308000000000003,2020-12-15 09:00:00
220201205820,10,49.25,159.25,972.51373,22.879,2020-12-15 10:00:00
220201205820,11,49.25,159.75,972.36621,24.249,2020-12-15 11:00:00
220201205820,12,49.75,160.25,972.13873,,2020-12-15 12:00:00
220201205820,13,50.0,160.75,972.53625,,2020-12-15 13:00:00
220201205820,14,50.25,161.0,971.70624,,2020-12-15 14:00:00
220201205820,15,50.5,161.25,971.43121,,2020-12-15 15:00:00
220201205820,16,50.75,161.5,971.34937,,2020-12-15 16:00:00
220201205820,17,51.25,161.25,971.15497,,2020-12-15 17:00:00
220201205820,18,51.5,161.5,971.62872,,2020-12-15 18:00:00
220201205820,19,51.75,161.75,971.6037,,2020-12-15 19:00:00
220201205820,20,51.75,161.25,970.67871,,2020-12-15 20:00:00
220201205820,21,52.0,161.25,970.59308,,2020-12-16 21:00:00
220201205820,22,52.25,161.25,970.61499,,2020-12-16 22:00:00
220201205820,23,52.5,160.75,970.83124,34.568000000000005,2020-12-16 23:00:00
220201205820,24,52.75,160.75,970.58936,,2020-12-17 00:00:00
220201205820,25,52.75,159.75,971.46307,,2020-12-17 01:00:00
220201205820,26,52.75,159.5,971.2312,,2020-12-17 02:00:00
220201205820,27,52.75,159.5,970.78058,,2020-12-17 03:00:00
220201205820,28,52.75,159.5,970.85187,,2020-12-17 04:00:00
220201205820,29,52.75,159.5,971.38812,,2020-12-17 05:00:00
220201206210,0,50.5,168.25,984.15936,,2020-12-15 00:00:00
220201206210,1,51.0,168.5,984.08746,,2020-12-15 01:00:00
220201206210,2,51.25,168.75,983.81622,,2020-12-15 02:00:00
220201206210,3,51.5,168.75,982.46625,,2020-12-15 03:00:00
220201206210,4,52.0,168.5,981.74872,,2020-12-15 04:00:00
220201206210,5,52.25,168.25,981.1131,,2020-12-16 05:00:00
220201206210,6,52.5,168.25,980.41748,,2020-12-16 06:00:00
220201206210,7,52.5,168.0,980.11371,,2020-12-16 07:00:00
220201206210,8,52.75,168.0,979.34686,,2020-12-16 08:00:00
220201206210,9,53.0,168.0,979.43811,,2020-12-16 09:00:00
220201206210,10,53.25,167.75,979.56122,19.167,2020-12-16 10:00:00
220201206210,11,53.25,167.75,979.33063,,2020-12-16 11:00:00
220201206210,12,53.5,167.5,979.27936,,2020-12-16 12:00:00
220201206210,13,53.5,167.5,979.3031,,2020-12-16 13:00:00
220201206210,14,53.75,167.5,979.33063,,2020-12-16 14:00:00
220201206210,15,53.75,167.25,978.90186,,2020-12-16 15:00:00
220201206410,0,45.25,171.5,989.32123,,2020-12-16 00:00:00
220201206410,1,45.75,172.25,988.42371,,2020-12-16 01:00:00
220201206410,2,46.0,172.75,986.60938,,2020-12-16 02:00:00
220201206410,3,46.25,173.25,985.33807,,2020-12-16 03:00:00
220201206410,4,46.75,174.0,984.87561,,2020-12-16 04:00:00
220201206410,5,47.5,175.0,984.53125,,2020-12-16 05:00:00
220201206410,6,48.0,175.75,983.18561,,2020-12-16 06:00:00
220201206410,7,48.5,176.25,982.00623,,2020-12-16 07:00:00
220201206410,8,48.75,176.5,980.3631,,2020-12-16 08:00:00
220201206410,9,49.0,176.75,979.01624,,2020-12-16 09:00:00
220201206410,10,49.25,177.0,977.77747,,2020-12-16 10:00:00
220201206410,11,49.5,177.25,974.71936,,2020-12-16 11:00:00
220201206410,12,49.75,177.5,973.49622,,2020-12-16 12:00:00
220201206410,13,50.0,178.0,972.48938,,2020-12-17 13:00:00
220201206410,14,50.25,178.25,972.17749,,2020-12-17 14:00:00
220201206410,15,50.25,178.75,971.89746,,2020-12-17 15:00:00
220201206410,16,50.5,179.5,971.01562,,2020-12-17 16:00:00
220201206410,17,50.75,-180.0,971.01813,,2020-12-17 17:00:00
220201206410,18,51.0,-179.25,971.1037,,2020-12-17 18:00:00
220201206410,19,51.5,-178.75,970.36188,,2020-12-17 19:00:00
220201206410,20,51.75,-178.25,970.4975,,2020-12-17 20:00:00
220201206410,21,52.0,-177.75,970.35187,,2020-12-17 21:00:00
220201206410,22,52.25,-177.5,970.25122,,2020-12-17 22:00:00
220201206410,23,52.5,-177.25,970.51312,,2020-12-17 23:00:00
220201206410,24,52.75,-177.0,971.03876,,2020-12-18 00:00:00
220201206410,25,53.0,-176.5,970.8006,,2020-12-18 01:00:00
220201206410,26,53.0,-176.0,971.0675,,2020-12-18 02:00:00
220201206410,27,53.25,-175.5,971.435,,2020-12-18 03:00:00
220201206410,28,53.5,-175.0,971.59186,,2020-12-18 04:00:00
220201206410,29,53.75,-174.75,971.19122,,2020-12-18 05:00:00
220201206410,30,54.0,-174.5,971.06061,,2020-12-18 06:00:00
220201206410,31,54.25,-174.0,971.17438,,2020-12-18 07:00:00
220201206410,32,54.5,-173.75,971.38,,2020-12-18 08:00:00
220201206410,33,54.75,-173.75,971.60559,32.462,2020-12-18 09:00:00
220201206410,34,55.0,-173.5,971.69183,,2020-12-18 10:00:00
220201206410,35,55.0,-173.25,971.15936,,2020-12-18 11:00:00
220201206410,36,55.0,-173.0,971.67688,,2020-12-18 12:00:00
220201206410,37,55.25,-172.75,971.57062,,2020-12-19 13:00:00
220201206410,38,55.25,-172.75,971.91687,,2020-12-19 14:00:00
220201206410,39,55.5,-172.5,971.58563,,2020-12-19 15:00:00
220201206410,40,55.5,-172.25,971.7406,,2020-12-19 16:00:00
220201206410,41,55.75,-172.25,971.76062,,2020-12-19 17:00:00
220201206410,42,55.75,-172.0,971.88495,,2020-12-19 18:00:00
220201206410,43,56.0,-171.75,971.72437,,2020-12-19 19:00:00
220201206410,44,56.0,-171.75,971.9906,,2020-12-19 20:00:00
220201206410,45,56.25,-172.0,971.6875,27.05,2020-12-19 21:00:00
220201206410,46,56.25,-172.0,971.87433,26.625,2020-12-19 22:00:00
220201206410,47,56.25,-171.75,972.19312,26.754,2020-12-19 23:00:00
220201206410,48,56.25,-171.75,972.33496,,2020-12-20 00:00:00
220201206410,49,56.5,-171.75,972.23059,,2020-12-20 01:00:00
220201206410,50,56.25,-171.75,972.42938,,2020-12-20 02:00:00
220201206410,51,56.5,-171.5,972.31934,,2020-12-20 03:00:00
220201206410,52,56.5,-171.5,972.01245,,2020-12-20 04:00:00
220201206410,53,56.5,-171.25,971.82245,,2020-12-20 05:00:00
220201206410,54,56.5,-171.0,972.03937,,2020-12-20 06:00:00
220201206410,55,56.5,-171.0,971.75183,,2020-12-20 07:00:00
220201206410,56,56.5,-170.75,972.11438,25.716,2020-12-20 08:00:00
220201206410,57,56.5,-170.5,972.1781,25.512,2020-12-20 09:00:00
220201206410,58,56.5,-170.25,972.35126,,2020-12-20 10:00:00
220201206410,59,56.5,-170.0,972.25873,,2020-12-20 11:00:00
220201206410,60,56.75,-170.0,971.62561,,2020-12-20 12:00:00
220201206410,61,56.75,-170.0,971.78687,,2020-12-21 13:00:00
220201206410,62,56.75,-170.0,972.14496,,2020-12-21 14:00:00
220201206410,63,56.75,-169.75,972.21686,,2020-12-21 15:00:00
220201206410,64,56.5,-169.75,972.90308,,2020-12-21 16:00:00
220201206410,65,56.5,-169.5,973.14563,,2020-12-21 17:00:00
220201206410,66,56.5,-169.25,973.31812,,2020-12-21 18:00:00
220201206410,67,56.5,-168.75,973.55249,,2020-12-21 19:00:00
220201206410,68,56.75,-168.25,973.52625,,2020-12-21 20:00:00
220201206410,69,56.75,-167.75,974.24188,,2020-12-21 21:00:00
220201206410,70,56.75,-167.5,974.14062,,2020-12-21 22:00:00
220201206410,71,56.75,-167.25,975.58875,,2020-12-21 23:00:00
220201206410,72,57.0,-167.0,976.04559,,2020-12-22 00:00:00
220201206410,73,57.25,-167.0,975.6225,,2020-12-22 01:00:00
220201206410,74,57.5,-166.75,975.75433,,2020-12-22 02:00:00
220201206410,75,57.5,-166.25,976.16187,,2020-12-22 03:00:00
220201206410,76,57.5,-166.0,975.91376,,2020-12-22 04:00:00
220201206410,77,57.5,-166.25,976.05249,,2020-12-22 05:00:00
220201206410,78,57.75,-166.0,975.81683,,2020-12-22 06:00:00
220201206410,79,57.75,-166.0,976.28998,,2020-12-22 07:00:00
220201206410,80,57.75,-165.75,976.47437,,2020-12-22 08:00:00
220201206410,81,57.75,-165.5,976.70312,,2020-12-22 09:00:00
220201206410,82,57.75,-165.25,976.8656,,2020-12-22 10:00:00
220201206410,83,57.75,-165.0,977.04248,,2020-12-22 11:00:00
220201206410,84,58.0,-164.75,976.93811,,2020-12-22 12:00:00
220201206410,85,58.0,-164.5,977.03247,,2020-12-23 13:00:00
220201206410,86,57.75,-164.25,977.57562,,2020-12-23 14:00:00
220201206410,87,57.5,-163.75,978.39374,,2020-12-23 15:00:00
220201206410,88,57.5,-163.25,978.80188,,2020-12-23 16:00:00
220201206410,89,57.75,-162.75,978.5,,2020-12-23 17:00:00
220201206410,90,57.75,-162.25,978.99249,,2020-12-23 18:00:00
220201206410,91,57.75,-161.75,979.58374,,2020-12-23 19:00:00
220201206410,92,58.0,-161.0,979.72687,,2020-12-23 20:00:00
220201206410,93,58.25,-160.25,980.12933,,2020-12-23 21:00:00
220201206410,94,58.25,-159.75,980.90686,,2020-12-23 22:00:00
220201206410,95,58.25,-158.5,982.32062,,2020-12-23 23:00:00
220201206410,96,58.25,-158.0,983.37183,,2020-12-24 00:00:00
220201206410,97,58.25,-158.0,983.6156,,2020-12-24 01:00:00
220201206410,98,58.25,-158.0,985.41809,,2020-12-24 02:00:00
220201206900,0,53.5,167.25,975.9187,16.027,2020-12-17 00:00:00
220201206900,1,53.5,167.25,976.40057,,2020-12-17 01:00:00
220201206900,2,53.75,167.25,976.81873,,2020-12-17 02:00:00
220201206900,3,53.75,167.25,976.40808,,2020-12-17 03:00:00
220201206900,4,54.0,167.0,976.53247,,2020-12-17 04:00:00
220201206900,5,54.0,166.75,976.28247,,2020-12-17 05:00:00
220201206900,6,54.0,166.25,975.90436,,2020-12-17 06:00:00
220201206900,7,54.0,165.75,976.40375,,2020-12-17 07:00:00
220201206900,8,54.0,165.5,976.07434,,2020-12-17 08:00:00
220201206900,9,54.0,165.5,976.18182,,2020-12-17 09:00:00
220201206900,10,53.75,165.0,976.19745,17.288,2020-12-17 10:00:00
220201206900,11,53.75,165.0,976.60059,17.623,2020-12-17 11:00:00
220201206900,12,53.5,164.75,976.81061,,2020-12-17 12:00:00
220201206900,13,53.5,164.5,977.42688,,2020-12-17 13:00:00
220201206900,14,53.25,164.25,977.72437,,2020-12-17 14:00:00
220201206900,15,53.25,164.25,977.67059,,2020-12-18 15:00:00
220201206900,16,53.0,164.25,977.62183,,2020-12-18 16:00:00
220201206900,17,52.75,164.25,978.00311,,2020-12-18 17:00:00
220201206900,18,52.5,164.5,977.70813,,2020-12-18 18:00:00
220201206900,19,52.25,164.75,978.08063,,2020-12-18 19:00:00
220201206900,20,52.25,164.75,978.66998,,2020-12-18 20:00:00
220201206900,21,52.0,165.25,979.24188,,2020-12-18 21:00:00
220201206900,22,51.75,165.75,979.70563,19.891,2020-12-18 22:00:00
220201206900,23,51.75,166.0,979.91498,20.667,2020-12-18 23:00:00
220201206900,24,51.75,166.5,980.17438,,2020-12-19 00:00:00
220201206900,25,51.75,166.75,981.70563,,2020-12-19 01:00:00
220201206900,26,51.5,167.25,981.94,,2020-12-19 02:00:00
220201206900,27,51.5,167.5,981.48438,,2020-12-19 03:00:00
220201206900,28,51.5,168.0,981.64935,,2020-12-19 04:00:00
220201206900,29,51.5,168.5,981.54187,,2020-12-19 05:00:00
220201206900,30,51.5,169.0,982.01495,,2020-12-19 06:00:00
220201206900,31,51.5,169.5,982.40625,,2020-12-19 07:00:00
220201206900,32,51.5,170.0,982.12433,,2020-12-19 08:00:00
220201206900,33,51.5,170.5,982.48688,,2020-12-19 09:00:00
220201206900,34,51.75,170.75,982.4931,,2020-12-19 10:00:00
220201206900,35,51.75,171.25,982.89813,15.880999999999998,2020-12-19 11:00:00
220201206900,36,51.75,171.5,983.33246,,2020-12-19 12:00:00
220201206900,37,52.0,171.75,983.19873,,2020-12-19 13:00:00
220201206900,38,52.0,172.0,983.60187,,2020-12-19 14:00:00
220201206900,39,52.0,172.5,983.84436,,2020-12-20 15:00:00
220201206900,40,52.0,173.0,984.21246,,2020-12-20 16:00:00
220201206900,41,52.25,173.0,984.22937,,2020-12-20 17:00:00
220201206900,42,52.25,173.5,984.04309,,2020-12-20 18:00:00
220201206900,43,52.25,173.75,984.68933,,2020-12-20 19:00:00
220201206900,44,52.25,174.0,985.32684,,2020-12-20 20:00:00
220201206900,45,52.5,174.25,985.23871,,2020-12-20 21:00:00
220201206900,46,52.5,174.5,985.7937,,2020-12-20 22:00:00
220201206900,47,52.5,174.75,986.08807,,2020-12-20 23:00:00
220201207380,0,57.25,171.5,982.03375,,2020-12-18 00:00:00
220201207380,1,57.25,171.25,981.62061,,2020-12-18 01:00:00
220201207380,2,57.0,170.5,981.44312,,2020-12-18 02:00:00
220201207380,3,56.75,170.0,981.57684,,2020-12-18 03:00:00
220201207380,4,56.75,170.0,981.41498,,2020-12-18 04:00:00
220201207380,5,56.75,169.75,981.75995,,2020-12-18 05:00:00
220201207380,6,56.5,169.5,981.44684,,2020-12-18 06:00:00
220201207380,7,56.5,169.25,981.41437,,2020-12-18 07:00:00
220201207380,8,56.25,169.0,981.51062,,2020-12-18 08:00:00
220201207380,9,56.25,169.0,981.72186,21.32,2020-12-18 09:00:00
220201207380,10,56.25,168.75,981.9425,21.288,2020-12-18 10:00:00
220201207380,11,56.25,168.75,982.02246,,2020-12-18 11:00:00
220201207380,12,56.25,168.5,981.53308,,2020-12-18 12:00:00
220201207380,13,56.25,168.25,982.14685,,2020-12-19 13:00:00
220201207380,14,56.25,168.25,981.59625,,2020-12-19 14:00:00
220201207380,15,56.0,168.25,982.25311,,2020-12-19 15:00:00
220201207380,16,56.0,168.25,981.63312,,2020-12-19 16:00:00
220201207670,0,56.0,167.25,984.46625,21.287,2020-12-19 00:00:00
220201207670,1,56.0,167.25,984.46936,,2020-12-19 01:00:00
220201207670,2,56.25,166.75,984.935,,2020-12-19 02:00:00
220201207670,3,56.25,166.5,984.72559,,2020-12-19 03:00:00
220201207670,4,56.25,166.5,984.93811,,2020-12-19 04:00:00
220201207670,5,56.25,166.75,984.88123,,2020-12-19 05:00:00
220201207670,6,56.25,166.75,984.82745,,2020-12-19 06:00:00
220201207670,7,56.25,166.75,984.82812,,2020-12-19 07:00:00
220201207670,8,56.25,166.5,984.77997,,2020-12-19 08:00:00
220201207670,9,56.25,166.5,984.87183,,2020-12-19 09:00:00
220201207670,10,56.5,166.25,985.14062,18.679,2020-12-19 10:00:00
220201207670,11,56.5,166.25,985.24683,18.887,2020-12-19 11:00:00
220201207670,12,56.5,166.0,985.58746,,2020-12-19 12:00:00
220201207670,13,56.5,166.0,985.47308,,2020-12-19 13:00:00
220201207670,14,56.75,166.0,985.29999,,2020-12-20 14:00:00
220201207670,15,56.75,166.0,984.9281,,2020-12-20 15:00:00
220201207670,16,56.75,166.0,984.61249,,2020-12-20 16:00:00
220201207670,17,56.75,165.75,984.09686,,2020-12-20 17:00:00
220201207670,18,56.75,165.75,984.01996,,2020-12-20 18:00:00
220201207670,19,57.0,165.5,983.85999,,2020-12-20 19:00:00
220201207670,20,57.0,165.25,984.23499,,2020-12-20 20:00:00
220201207670,21,57.25,164.75,984.22687,,2020-12-20 21:00:00
220201207670,22,57.25,164.5,984.16809,,2020-12-20 22:00:00
220201207670,23,57.25,164.0,984.47937,16.434,2020-12-20 23:00:00
220201207670,24,57.25,163.75,985.53558,,2020-12-21 00:00:00
220201207670,25,57.0,163.5,986.32562,,2020-12-21 01:00:00
220201207670,26,57.0,163.5,985.18311,,2020-12-21 02:00:00
220201207670,27,57.0,163.5,984.83185,,2020-12-21 03:00:00
220201208000,0,60.25,161.0,994.92999,,2020-12-20 00:00:00
220201208000,1,60.25,161.0,994.63745,,2020-12-20 01:00:00
220201208000,2,60.25,161.0,994.70746,,2020-12-20 02:00:00
220201208000,3,59.75,160.0,993.09558,,2020-12-20 03:00:00
220201208000,4,59.75,160.0,992.91559,,2020-12-20 04:00:00
220201208000,5,59.5,159.5,992.43811,,2020-12-20 05:00:00
220201208000,6,59.5,159.5,992.15436,,2020-12-20 06:00:00
220201208000,7,59.5,159.5,992.37811,,2020-12-20 07:00:00
220201208000,8,59.75,159.5,992.1806,,2020-12-20 08:00:00
220201208000,9,59.75,159.25,992.09558,,2020-12-20 09:00:00
220201208000,10,59.5,159.0,991.03308,20.203,2020-12-20 10:00:00
220201208000,11,59.75,158.5,992.0625,,2020-12-20 11:00:00
220201208000,12,59.75,158.25,992.12811,,2020-12-20 12:00:00
220201208000,13,59.75,158.25,991.80121,,2020-12-20 13:00:00
220201208000,14,59.75,158.0,992.02374,,2020-12-20 14:00:00
220201208000,15,59.5,157.75,991.04248,,2020-12-20 15:00:00
220201208000,16,59.0,157.25,990.16748,,2020-12-20 16:00:00
220201208000,17,58.5,157.25,989.53308,,2020-12-20 17:00:00
220201208000,18,58.75,156.75,990.02875,,2020-12-20 18:00:00
220201208000,19,58.5,156.75,989.91809,,2020-12-20 19:00:00
220201208000,20,58.25,156.75,989.46625,,2020-12-21 20:00:00
220201208000,21,58.25,156.5,989.37622,,2020-12-21 21:00:00
220201208000,22,58.25,156.25,989.57996,,2020-12-21 22:00:00
220201208000,23,59.0,155.75,991.34058,,2020-12-21 23:00:00
220201208000,24,59.0,155.75,991.45245,,2020-12-22 00:00:00
220201208000,25,58.0,155.75,990.1662,,2020-12-22 01:00:00
220201208000,26,57.75,155.75,990.51123,,2020-12-22 02:00:00
220201208000,27,57.75,155.5,990.72809,,2020-12-22 03:00:00
220201208000,28,57.75,155.5,991.31561,,2020-12-22 04:00:00
220201208000,29,57.75,155.5,991.87933,,2020-12-22 05:00:00
220201208190,0,57.0,148.0,995.34247,,2020-12-20 00:00:00
220201208190,1,57.0,148.0,995.31812,,2020-12-20 01:00:00
220201208190,2,56.75,148.0,995.32623,,2020-12-20 02:00:00
220201208190,3,56.75,148.25,995.32562,,2020-12-20 03:00:00
220201208190,4,56.5,148.25,995.57123,,2020-12-21 04:00:00
220201208190,5,56.5,148.25,994.87122,,2020-12-21 05:00:00
220201208190,6,56.5,148.25,994.80249,,2020-12-21 06:00:00
220201208190,7,56.5,148.25,994.49811,,2020-12-21 07:00:00
220201208190,8,56.25,148.25,994.62,,2020-12-21 08:00:00
220201208190,9,56.25,148.25,994.87372,,2020-12-21 09:00:00
220201208190,10,56.25,148.25,995.37122,,2020-12-21 10:00:00
220201208190,11,56.0,148.5,995.26062,,2020-12-21 11:00:00
220201208190,12,56.0,148.5,995.41309,21.421,2020-12-21 12:00:00
220201208190,13,56.0,148.5,995.58685,,2020-12-21 13:00:00
220201208190,14,55.75,148.75,995.63812,,2020-12-21 14:00:00
220201208190,15,55.75,148.75,996.1662,,2020-12-21 15:00:00
220201208190,16,55.75,148.75,996.28687,,2020-12-21 16:00:00
220201208190,17,55.75,148.75,996.07434,,2020-12-21 17:00:00
220201208190,18,55.5,149.0,995.95685,,2020-12-21 18:00:00
220201208190,19,55.5,149.0,995.76062,,2020-12-21 19:00:00
220201208190,20,55.5,149.0,996.14874,,2020-12-21 20:00:00
220201208190,21,55.5,149.0,996.22247,,2020-12-21 21:00:00
220201208190,22,55.25,149.5,995.88745,,2020-12-21 22:00:00
220201208190,23,55.25,149.75,996.00995,,2020-12-21 23:00:00
220201208190,24,55.25,149.75,996.23621,,2020-12-22 00:00:00
220201208190,25,55.0,150.0,996.43372,,2020-12-22 01:00:00
220201208200,0,52.25,-139.75,1008.13312,,2020-12-20 00:00:00
220201208200,1,52.75,-138.75,1007.80872,,2020-12-20 01:00:00
220201208200,2,53.0,-138.0,1007.60559,,2020-12-20 02:00:00
220201208200,3,53.25,-137.25,1007.34375,,2020-12-21 03:00:00
220201208200,4,53.5,-136.5,1006.99622,,2020-12-21 04:00:00
220201208200,5,54.0,-136.0,1006.97247,,2020-12-21 05:00:00
220201208200,6,54.25,-135.25,1006.62561,25.012,2020-12-21 06:00:00
220201208200,7,54.5,-134.75,1006.37,,2020-12-21 07:00:00
220201208200,8,54.75,-134.25,1006.00873,,2020-12-21 08:00:00
220201208200,9,54.5,-134.0,1006.34125,,2020-12-21 09:00:00
220201208260,0,54.0,178.75,974.22375,,2020-12-20 00:00:00
220201208260,1,54.25,178.25,973.09808,,2020-12-20 01:00:00
220201208260,2,54.5,177.25,972.75873,,2020-12-21 02:00:00
220201208260,3,54.75,176.25,972.57623,,2020-12-21 03:00:00
220201208260,4,55.0,175.0,972.69501,,2020-12-21 04:00:00
220201208260,5,55.0,174.5,972.4931,,2020-12-21 05:00:00
220201208260,6,55.0,173.5,972.85498,,2020-12-21 06:00:00
220201208260,7,54.75,172.25,972.96625,,2020-12-21 07:00:00
220201208260,8,54.75,171.75,973.6062,,2020-12-21 08:00:00
220201208460,0,57.5,154.5,992.71124,,2020-12-21 00:00:00
220201208460,1,57.5,154.5,992.42688,,2020-12-21 01:00:00
220201208460,2,57.75,154.25,992.73688,,2020-12-21 02:00:00
220201208460,3,57.5,154.0,992.75934,,2020-12-21 03:00:00
220201208460,4,57.5,154.0,992.54059,,2020-12-21 04:00:00
220201208460,5,57.5,154.0,992.87372,,2020-12-21 05:00:00
220201208460,6,57.5,153.75,992.87,,2020-12-21 06:00:00
220201208460,7,57.75,153.75,992.6825,,2020-12-21 07:00:00
220201208460,8,57.75,153.5,992.79999,,2020-12-21 08:00:00
220201208460,9,57.75,153.5,992.96625,,2020-12-21 09:00:00
220201208460,10,57.75,153.5,993.19623,,2020-12-21 10:00:00
220201208460,11,57.75,153.25,992.87433,18.916,2020-12-21 11:00:00
220201208460,12,57.75,153.25,992.88562,,2020-12-21 12:00:00
220201208460,13,57.75,153.25,992.6687,,2020-12-22 13:00:00
220201208460,14,58.0,153.25,992.52063,,2020-12-22 14:00:00
220201208460,15,58.0,153.0,992.5575,,2020-12-22 15:00:00
220201208460,16,58.0,153.0,992.48248,,2020-12-22 16:00:00
220201208460,17,58.0,153.0,992.56873,,2020-12-22 17:00:00
220201208460,18,58.0,152.75,993.05438,,2020-12-22 18:00:00
220201208460,19,57.75,152.25,992.88,,2020-12-22 19:00:00
220201208460,20,57.75,152.0,993.07684,,2020-12-22 20:00:00
220201208460,21,57.75,152.0,992.79437,,2020-12-22 21:00:00
220201208460,22,57.75,151.75,992.8725,,2020-12-22 22:00:00
220201208460,23,57.5,151.0,990.92059,,2020-12-22 23:00:00
220201208460,24,57.5,150.75,991.06,27.759,2020-12-23 00:00:00
220201208460,25,57.5,150.75,990.72308,,2020-12-23 01:00:00
220201208460,26,57.5,150.5,989.96497,,2020-12-23 02:00:00
220201208460,27,57.5,150.25,989.57623,,2020-12-23 03:00:00
220201208460,28,57.5,150.25,988.98688,,2020-12-23 04:00:00
220201208460,29,57.5,150.0,988.51123,,2020-12-23 05:00:00
220201208460,30,57.25,149.75,989.0575,,2020-12-23 06:00:00
220201208460,31,57.25,149.75,988.83807,,2020-12-23 07:00:00
220201208460,32,57.25,149.5,988.12372,,2020-12-23 08:00:00
220201208460,33,57.25,149.5,987.8175,,2020-12-23 09:00:00
220201208460,34,57.25,149.25,988.11188,,2020-12-23 10:00:00
220201208460,35,57.0,149.25,985.44122,,2020-12-23 11:00:00
220201208460,36,56.75,149.25,985.07001,41.898,2020-12-23 12:00:00
220201208460,37,56.5,149.25,985.32562,,2020-12-24 13:00:00
220201208460,38,56.5,149.25,984.65625,,2020-12-24 14:00:00
220201208460,39,56.25,149.25,984.25061,,2020-12-24 15:00:00
220201208460,40,56.0,149.25,984.37122,,2020-12-24 16:00:00
220201208460,41,56.0,149.5,983.97998,,2020-12-24 17:00:00
220201208460,42,55.75,149.5,984.685,,2020-12-24 18:00:00
220201208460,43,55.75,149.5,984.80872,,2020-12-24 19:00:00
220201208460,44,55.5,149.75,985.09186,,2020-12-24 20:00:00
220201208460,45,55.5,149.75,985.22687,,2020-12-24 21:00:00
220201208460,46,55.25,150.0,985.68182,,2020-12-24 22:00:00
220201208460,47,55.0,150.25,985.12811,,2020-12-24 23:00:00
220201208460,48,54.75,150.5,985.56433,41.973,2020-12-25 00:00:00
220201208460,49,54.5,150.75,986.77997,,2020-12-25 01:00:00
220201208460,50,54.5,151.25,986.32434,,2020-12-25 02:00:00
220201208460,51,54.25,151.5,986.42999,,2020-12-25 03:00:00
220201208460,52,54.25,151.75,986.65057,,2020-12-25 04:00:00
220201208460,53,54.0,152.0,987.10999,,2020-12-25 05:00:00
220201208460,54,54.0,152.5,987.29187,,2020-12-25 06:00:00
220201208460,55,53.75,153.0,987.78436,,2020-12-25 07:00:00
220201208460,56,53.75,153.25,988.29999,,2020-12-25 08:00:00
220201208460,57,53.75,153.75,988.72687,,2020-12-25 09:00:00
220201208460,58,53.75,154.25,989.565,,2020-12-25 10:00:00
220201208460,59,53.75,155.25,990.77557,,2020-12-25 11:00:00
220201208460,60,53.75,155.25,990.2525,,2020-12-25 12:00:00
220201208460,61,53.75,155.25,990.25812,,2020-12-26 13:00:00
220201208460,62,53.5,155.5,990.6106,,2020-12-26 14:00:00
220201208460,63,53.5,155.5,991.39685,,2020-12-26 15:00:00
220201208460,64,53.5,155.5,992.64874,,2020-12-26 16:00:00
220201209650,0,57.5,150.75,996.20184,,2020-12-24 00:00:00
220201209650,1,57.5,151.0,995.48938,,2020-12-24 01:00:00
220201209650,2,57.5,151.25,994.93811,,2020-12-24 02:00:00
220201209650,3,57.75,151.5,995.1225,,2020-12-24 03:00:00
220201209650,4,57.75,151.75,994.91309,,2020-12-24 04:00:00
220201209650,5,57.75,152.0,994.23999,,2020-12-24 05:00:00
220201209650,6,57.75,152.25,994.44183,,2020-12-24 06:00:00
220201209650,7,57.75,152.5,994.22375,,2020-12-24 07:00:00
220201209650,8,57.75,152.75,994.08997,,2020-12-24 08:00:00
220201209650,9,57.75,153.0,993.79187,,2020-12-24 09:00:00
220201209650,10,57.75,153.0,993.35938,,2020-12-24 10:00:00
220201209650,11,57.75,153.25,993.59747,28.953,2020-12-24 11:00:00
220201209650,12,57.75,153.5,993.3656,,2020-12-24 12:00:00
220201209650,13,57.75,153.75,993.22375,,2020-12-24 13:00:00
220201209650,14,57.75,154.0,993.09125,,2020-12-24 14:00:00
220201209650,15,58.0,154.5,994.78998,,2020-12-24 15:00:00
220201209650,16,58.0,155.0,995.22998,,2020-12-24 16:00:00
220201209650,17,58.0,155.0,994.88123,,2020-12-24 17:00:00
220201209650,18,58.0,154.75,994.91187,,2020-12-24 18:00:00
220201209650,19,58.0,156.0,996.34058,,2020-12-24 19:00:00
220201209650,20,57.75,156.0,995.60938,,2020-12-24 20:00:00
220201209650,21,57.75,156.0,995.95624,,2020-12-24 21:00:00
220201209650,22,58.0,156.0,996.61871,,2020-12-24 22:00:00
220201209650,23,58.0,156.0,996.80499,,2020-12-24 23:00:00
220201209650,24,57.75,156.0,995.94562,,2020-12-26 00:00:00
220201209650,25,57.75,156.0,995.65558,,2020-12-26 01:00:00
220201209650,26,57.5,156.0,994.7431,,2020-12-26 02:00:00
220201209650,27,57.5,156.0,994.52557,,2020-12-26 03:00:00
220201209650,28,57.25,156.0,994.18872,,2020-12-26 04:00:00
220201209900,0,54.0,160.75,998.86438,16.238,2020-12-24 00:00:00
220201209900,1,53.75,161.75,998.0462,,2020-12-24 01:00:00
220201209900,2,54.0,162.0,998.70062,,2020-12-24 02:00:00
220201209900,3,54.0,162.25,998.32373,,2020-12-24 03:00:00
220201209900,4,54.0,162.75,998.53625,,2020-12-24 04:00:00
220201209900,5,53.75,163.75,998.71875,,2020-12-24 05:00:00
220201209900,6,53.75,164.5,999.1875,,2020-12-24 06:00:00
220201209900,7,53.75,165.25,999.43372,,2020-12-24 07:00:00
220201209900,8,53.75,165.75,999.73938,,2020-12-24 08:00:00
220201209900,9,53.75,166.25,1000.12183,19.142,2020-12-24 09:00:00
220201209900,10,53.75,167.0,1000.97186,18.268,2020-12-24 10:00:00
220201209900,11,53.75,167.5,1001.52124,,2020-12-24 11:00:00
220201209900,12,53.75,168.5,1002.97748,,2020-12-24 12:00:00
220201210420,0,49.25,-157.75,996.41125,,2020-12-25 00:00:00
220201210420,1,49.5,-157.5,995.95813,,2020-12-25 01:00:00
220201210420,2,49.75,-157.0,995.32001,,2020-12-25 02:00:00
220201210420,3,50.0,-156.75,994.05188,,2020-12-25 03:00:00
220201210420,4,50.0,-156.25,993.84875,,2020-12-25 04:00:00
220201210420,5,50.25,-156.0,993.68683,,2020-12-25 05:00:00
220201210420,6,50.25,-155.25,993.15747,,2020-12-25 06:00:00
220201210420,7,50.5,-155.25,992.88745,,2020-12-25 07:00:00
220201210420,8,50.5,-154.75,992.51562,24.071,2020-12-25 08:00:00
220201210420,9,50.75,-154.5,991.9375,,2020-12-25 09:00:00
220201210420,10,50.75,-154.25,992.33124,,2020-12-25 10:00:00
220201210420,11,50.75,-154.0,992.53748,,2020-12-25 11:00:00
220201210420,12,51.0,-153.75,992.35498,,2020-12-25 12:00:00
220201210420,13,51.0,-153.75,992.17749,,2020-12-25 13:00:00
220201210420,14,51.0,-153.75,992.00311,,2020-12-25 14:00:00
220201210420,15,51.0,-153.5,991.81122,,2020-12-25 15:00:00
220201210420,16,51.0,-153.5,992.005,,2020-12-26 16:00:00
220201210420,17,51.0,-153.25,991.79749,,2020-12-26 17:00:00
220201210420,18,51.0,-153.0,992.6875,,2020-12-26 18:00:00
220201210420,19,51.0,-152.75,993.40558,,2020-12-26 19:00:00
220201210420,20,50.75,-152.75,994.17249,,2020-12-26 20:00:00
220201210420,21,50.5,-152.5,994.70123,,2020-12-26 21:00:00
220201210420,22,50.25,-152.25,995.72626,,2020-12-26 22:00:00
220201210420,23,50.0,-152.0,996.685,,2020-12-26 23:00:00
220201210420,24,49.75,-151.75,997.53375,,2020-12-27 00:00:00
220201210420,25,49.5,-151.25,998.05933,,2020-12-27 01:00:00
220201210420,26,49.0,-150.75,998.49683,,2020-12-27 02:00:00
220201210420,27,48.5,-150.25,999.2431,,2020-12-27 03:00:00
220201210420,28,48.25,-149.75,999.42438,,2020-12-27 04:00:00
220201210420,29,47.75,-149.25,1000.74683,,2020-12-27 05:00:00
220201210420,30,47.25,-148.25,1001.26874,,2020-12-27 06:00:00
220201210420,31,46.75,-147.5,1002.41687,,2020-12-27 07:00:00
220201210420,32,46.5,-147.0,1003.04749,,2020-12-27 08:00:00
220201210420,33,46.25,-146.5,1003.89624,,2020-12-27 09:00:00
220201210700,0,62.0,178.75,999.15497,,2020-12-25 00:00:00
220201210700,1,62.0,178.75,999.63812,,2020-12-25 01:00:00
220201210700,2,62.0,178.75,1000.5,,2020-12-25 02:00:00
220201210700,3,61.25,178.75,999.68372,,2020-12-25 03:00:00
220201210700,4,61.25,178.75,1000.77496,,2020-12-25 04:00:00
220201210700,5,62.0,178.75,1003.24249,,2020-12-25 05:00:00
220201210700,6,62.0,178.75,1003.92499,,2020-12-25 06:00:00
220201210700,7,61.25,178.5,1002.89813,,2020-12-25 07:00:00
220201210700,8,61.0,178.5,1002.9787,,2020-12-25 08:00:00
220201210700,9,60.75,178.5,1002.27496,21.281,2020-12-26 09:00:00
220201210700,10,60.75,178.25,1002.96997,,2020-12-26 10:00:00
220201210700,11,60.75,177.75,1003.46997,,2020-12-26 11:00:00
220201210700,12,60.75,177.5,1003.34058,,2020-12-26 12:00:00
220201210700,13,60.75,177.0,1003.38251,,2020-12-26 13:00:00
220201210700,14,59.5,177.25,1000.53125,,2020-12-26 14:00:00
220201211290,0,50.5,155.5,991.23059,,2020-12-26 00:00:00
220201211290,1,50.5,155.75,991.33374,,2020-12-26 01:00:00
220201211290,2,50.25,156.0,989.89124,,2020-12-26 02:00:00
220201211290,3,50.25,156.25,990.65997,,2020-12-26 03:00:00
220201211290,4,50.25,156.75,989.6181,,2020-12-27 04:00:00
220201211290,5,50.0,156.75,990.23749,,2020-12-27 05:00:00
220201211290,6,50.0,158.25,989.34375,,2020-12-27 06:00:00
220201211290,7,49.75,158.25,989.6062,,2020-12-27 07:00:00
220201211290,8,49.75,158.75,989.27124,,2020-12-27 08:00:00
220201211290,9,49.5,159.0,990.0531,,2020-12-27 09:00:00
220201211290,10,49.5,159.75,989.76996,20.804,2020-12-27 10:00:00
220201211290,11,49.25,160.25,989.91809,,2020-12-27 11:00:00
220201211290,12,49.25,161.0,989.3725,,2020-12-27 12:00:00
220201211290,13,49.0,161.5,989.35437,,2020-12-27 13:00:00
220201211290,14,49.0,162.25,988.86749,,2020-12-27 14:00:00
220201211290,15,48.75,162.5,988.53497,,2020-12-27 15:00:00
220201211290,16,48.5,163.0,989.16559,,2020-12-27 16:00:00
220201211540,0,53.0,160.75,985.67499,16.046,2020-12-27 00:00:00
220201211540,1,52.75,160.75,985.6156,,2020-12-27 01:00:00
220201211540,2,52.75,160.75,985.01184,,2020-12-27 02:00:00
220201211540,3,52.5,160.75,985.13312,,2020-12-27 03:00:00
220201211540,4,52.75,159.75,986.67749,,2020-12-27 04:00:00
220201211540,5,52.75,159.75,986.91998,,2020-12-27 05:00:00
220201211540,6,52.25,160.5,985.65125,,2020-12-27 06:00:00
220201211540,7,52.25,160.25,985.65375,,2020-12-27 07:00:00
220201211540,8,51.75,160.75,985.85059,,2020-12-27 08:00:00
220201211540,9,51.75,160.75,985.54309,,2020-12-27 09:00:00
220201211540,10,51.5,160.5,986.34747,,2020-12-27 10:00:00
220201211540,11,51.25,160.5,986.93811,,2020-12-27 11:00:00
220201211900,0,51.25,156.5,993.2406,,2020-12-27 00:00:00
220201211900,1,50.5,156.5,992.55188,,2020-12-27 01:00:00
220201211900,2,50.5,156.5,993.00061,,2020-12-28 02:00:00
220201211900,3,50.0,157.0,993.14496,,2020-12-28 03:00:00
220201211900,4,49.0,158.0,993.09247,,2020-12-28 04:00:00
220201211900,5,48.75,158.5,992.9187,,2020-12-28 05:00:00
220201211900,6,48.25,159.75,991.94061,,2020-12-28 06:00:00
220201211900,7,47.75,161.75,991.09747,,2020-12-28 07:00:00
220201211900,8,47.5,162.5,990.9787,,2020-12-28 08:00:00
220201211900,9,47.25,163.0,991.06061,,2020-12-28 09:00:00
220201211900,10,47.0,164.0,990.63,,2020-12-28 10:00:00
220201211900,11,46.75,165.0,990.07434,,2020-12-28 11:00:00
220201211900,12,46.5,165.75,990.745,,2020-12-28 12:00:00
220201211900,13,46.25,166.5,990.57245,,2020-12-28 13:00:00
220201211900,14,46.0,167.5,990.46375,,2020-12-28 14:00:00
220201211900,15,45.75,168.25,990.2356,,2020-12-28 15:00:00
220201211900,16,45.5,169.25,990.40375,,2020-12-28 16:00:00
220201211900,17,45.25,170.0,991.14624,,2020-12-28 17:00:00
220201211900,18,44.75,170.75,992.02875,,2020-12-28 18:00:00
220201211900,19,44.5,171.75,991.72308,,2020-12-28 19:00:00
220201211900,20,44.25,172.75,992.375,,2020-12-28 20:00:00
220201211900,21,44.0,173.5,993.24622,,2020-12-28 21:00:00
220201211900,22,43.5,174.5,995.29999,,2020-12-28 22:00:00
220201213410,0,54.5,173.5,976.60559,,2020-12-30 00:00:00
220201213410,1,54.5,173.75,977.38745,,2020-12-30 01:00:00
220201213410,2,54.75,174.0,978.04059,,2020-12-30 02:00:00
220201213410,3,54.75,174.25,978.46997,,2020-12-30 03:00:00
220201213410,4,54.75,174.5,979.60999,,2020-12-30 04:00:00
220201213410,5,54.75,174.75,980.73871,,2020-12-30 05:00:00
220201213410,6,54.75,175.0,981.70624,,2020-12-30 06:00:00
220201213410,7,55.0,175.25,982.03809,,2020-12-30 07:00:00
220201213410,8,55.25,175.5,982.53497,,2020-12-30 08:00:00
220201213410,9,55.5,175.75,983.28998,22.604000000000003,2020-12-30 09:00:00
220201213410,10,55.75,176.0,984.2962,22.637,2020-12-30 10:00:00
220201213410,11,55.75,176.25,984.97247,,2020-12-30 11:00:00
220201213410,12,56.0,176.5,985.4812,,2020-12-30 12:00:00
220201213410,13,56.25,176.75,986.53058,,2020-12-30 13:00:00
220201213410,14,56.5,177.0,986.87561,,2020-12-31 14:00:00
220201213410,15,56.75,177.0,986.46558,,2020-12-31 15:00:00
220201213410,16,57.0,177.0,986.77496,,2020-12-31 16:00:00
220201213410,17,57.25,177.25,987.02997,,2020-12-31 17:00:00
220201213410,18,57.5,177.25,987.15875,,2020-12-31 18:00:00
220201213410,19,57.75,177.25,986.58313,,2020-12-31 19:00:00
220201213410,20,58.0,177.25,986.56873,,2020-12-31 20:00:00
220201213410,21,58.25,177.25,986.18372,,2020-12-31 21:00:00
220201213410,22,58.5,177.0,986.01562,15.823,2020-12-31 22:00:00
220201213780,0,51.25,151.0,974.43121,,2020-12-31 00:00:00
220201213780,1,50.25,151.25,974.20813,30.693000000000005,2020-12-31 01:00:00
220201213780,2,50.25,151.25,973.73621,,2020-12-31 02:00:00
220201213780,3,50.25,151.0,974.30621,,2020-12-31 03:00:00
220201213780,4,50.25,150.75,974.85559,,2020-12-31 04:00:00
220201213780,5,50.0,150.75,975.02997,,2020-12-31 05:00:00
220201213780,6,49.5,151.25,974.625,,2020-12-31 06:00:00
220201213780,7,49.0,151.5,975.01685,,2020-12-31 07:00:00
220201213780,8,48.5,152.25,974.46497,,2020-12-31 08:00:00
220201213780,9,48.0,153.0,974.67938,,2020-12-31 09:00:00
220201213780,10,47.75,153.75,974.15625,,2020-12-31 10:00:00
220201213780,11,47.5,154.5,974.63123,,2020-12-31 11:00:00
220201213780,12,47.25,155.5,974.72247,,2020-12-31 12:00:00
